timestamp,tax_unit_id,filing_status,broad_income,taxable_income,mtr,mtr_prime,response_number,taxable_income_this,broad_income_this,implied_eti_taxable,implied_eti_broad,model,income_response_raw
2026-06-08 13:08:45,2908001.0,,43861.0,37428.68,0.25230432,0.2429616519919546,1,37429.0,43861.0,0.000684225762420971,0.0,google/gemma-4-26B-A4B-it,"```json
{""broad_income"": 43861, ""taxable_income"": 37429}
```"
2026-06-08 13:08:45,2908001.0,,43861.0,37428.68,0.25230432,0.2429616519919546,2,37429.0,43861.0,0.000684225762420971,0.0,google/gemma-4-26B-A4B-it,"```json
{""broad_income"": 43861, ""taxable_income"": 37429}
```"
2026-06-08 13:08:52,8434401.0,,52133.0,49546.84,0.3695,0.3716756696001465,1,49547.0,52133.0,-0.0009358282879347281,-0.0,google/gemma-4-26B-A4B-it,"```json
{""broad_income"": 52133, ""taxable_income"": 49547}
```"
2026-06-08 13:08:52,8434401.0,,52133.0,49546.84,0.3695,0.3716756696001465,2,49547.0,52133.0,-0.0009358282879347281,-0.0,google/gemma-4-26B-A4B-it,"```json
{""broad_income"": 52133, ""taxable_income"": 49547}
```"
2026-06-08 13:08:57,6349901.0,,42000.0,28150.0,0.1965,0.1833836551052556,1,28150.0,42000.0,0.0,0.0,google/gemma-4-26B-A4B-it,"```json
{""broad_income"": 42000, ""taxable_income"": 28150}
```"
2026-06-08 13:08:57,6349901.0,,42000.0,28150.0,0.1965,0.1833836551052556,2,28150.0,42000.0,0.0,0.0,google/gemma-4-26B-A4B-it,"```json
{""broad_income"": 42000, ""taxable_income"": 28150}
```"
2026-06-08 13:09:02,4907201.0,,146001.0,127030.69,0.3615,0.3367198943787576,1,127031.0,146001.0,6.287974693772202e-05,0.0,google/gemma-4-26B-A4B-it,"```json
{""broad_income"": 146001, ""taxable_income"": 127031}
```"
2026-06-08 13:09:02,4907201.0,,146001.0,127030.69,0.3615,0.3367198943787576,2,127031.0,146001.0,6.287974693772202e-05,0.0,google/gemma-4-26B-A4B-it,"```json
{""broad_income"": 146001, ""taxable_income"": 127031}
```"
2026-06-08 13:09:07,1306201.0,,88011.0,75755.086,0.32719994,0.3311268909649999,1,75755.0,88011.0,0.00019449892209304925,-0.0,google/gemma-4-26B-A4B-it,"```json
{""broad_income"": 88011, ""taxable_income"": 75755}
```"
2026-06-08 13:09:07,1306201.0,,88011.0,75755.086,0.32719994,0.3311268909649999,2,75755.0,88011.0,0.00019449892209304925,-0.0,google/gemma-4-26B-A4B-it,"```json
{""broad_income"": 88011, ""taxable_income"": 75755}
```"
2026-06-08 13:09:18,1306201.0,,88011.0,75755.086,0.32719994,0.3311266164297525,1,75755.0,88011.0,0.0001945125205676513,-0.0,google/gemma-4-26B-A4B-it,"```json
{""broad_income"": 88011, ""taxable_income"": 75755}
```"
2026-06-08 13:09:18,1306201.0,,88011.0,75755.086,0.32719994,0.3311266164297525,2,75755.0,88011.0,0.0001945125205676513,-0.0,google/gemma-4-26B-A4B-it,"```json
{""broad_income"": 88011, ""taxable_income"": 75755}
```"
2026-06-08 13:09:23,729401.0,,70000.0,42300.0,-0.16099998,-0.2077535147399951,1,42300.0,70000.0,0.0,0.0,google/gemma-4-26B-A4B-it,"```json
{""broad_income"": 70000, ""taxable_income"": 42300}
```"
2026-06-08 13:09:23,729401.0,,70000.0,42300.0,-0.16099998,-0.2077535147399951,2,46000.0,70000.0,2.172096512161234,0.0,google/gemma-4-26B-A4B-it,"```json
{""broad_income"": 70000, ""taxable_income"": 46000}
```"
2026-06-08 13:09:28,7839302.0,,43500.0,29258.0,0.20230004,0.1868477468659006,1,29258.0,43500.0,0.0,0.0,google/gemma-4-26B-A4B-it,"```json
{""broad_income"": 43500, ""taxable_income"": 29258}
```"
2026-06-08 13:09:28,7839302.0,,43500.0,29258.0,0.20230004,0.1868477468659006,2,29258.0,43500.0,0.0,0.0,google/gemma-4-26B-A4B-it,"```json
{""broad_income"": 43500, ""taxable_income"": 29258}
```"
2026-06-08 13:09:36,4925401.0,,25642.0,3365.2578,0.30649996,0.3145918908659894,1,3365.0,25642.0,0.006565365372680926,-0.0,google/gemma-4-26B-A4B-it,"```json
{""broad_income"": 25642, ""taxable_income"": 3365}
```"
2026-06-08 13:09:36,4925401.0,,25642.0,3365.2578,0.30649996,0.3145918908659894,2,3365.0,25642.0,0.006565365372680926,-0.0,google/gemma-4-26B-A4B-it,"```json
{""broad_income"": 25642, ""taxable_income"": 3365}
```"
2026-06-08 13:09:41,6211001.0,,40359.0,26393.8,0.1965,0.1855270783590732,1,26394.0,40359.0,0.0005548705530197945,0.0,google/gemma-4-26B-A4B-it,"```json
{""broad_income"": 40359, ""taxable_income"": 26394}
```"
2026-06-08 13:09:41,6211001.0,,40359.0,26393.8,0.1965,0.1855270783590732,2,26394.0,40359.0,0.0005548705530197945,0.0,google/gemma-4-26B-A4B-it,"```json
{""broad_income"": 40359, ""taxable_income"": 26394}
```"
2026-06-08 13:09:46,392601.0,,30300.0,16450.0,0.24267492,0.2513982631952919,1,16450.0,30300.0,-0.0,-0.0,google/gemma-4-26B-A4B-it,"```json
{""broad_income"": 30300, ""taxable_income"": 16450}
```"
2026-06-08 13:09:46,392601.0,,30300.0,16450.0,0.24267492,0.2513982631952919,2,16450.0,30300.0,-0.0,-0.0,google/gemma-4-26B-A4B-it,"```json
{""broad_income"": 30300, ""taxable_income"": 16450}
```"
2026-06-08 13:09:51,8539601.0,,184760.0,133811.45,0.4025,0.4094165278320932,1,133811.0,184760.0,0.00029051530552545485,-0.0,google/gemma-4-26B-A4B-it,"```json
{""broad_income"": 184760, ""taxable_income"": 133811}
```"
2026-06-08 13:09:51,8539601.0,,184760.0,133811.45,0.4025,0.4094165278320932,2,133811.0,184760.0,0.00029051530552545485,-0.0,google/gemma-4-26B-A4B-it,"```json
{""broad_income"": 184760, ""taxable_income"": 133811}
```"
2026-06-08 13:09:57,7553904.0,,75775.0,48062.203,0.25599998,0.2514858446261887,1,48062.0,75775.0,-0.0006961306131201246,0.0,google/gemma-4-26B-A4B-it,"```json
{""broad_income"": 75775, ""taxable_income"": 48062}
```"
2026-06-08 13:09:57,7553904.0,,75775.0,48062.203,0.25599998,0.2514858446261887,2,48062.0,75775.0,-0.0006961306131201246,0.0,google/gemma-4-26B-A4B-it,"```json
{""broad_income"": 75775, ""taxable_income"": 48062}
```"
2026-06-08 13:10:02,1649501.0,,75158.0,41407.438,0.22125,0.257622356612652,1,38555.0,75158.0,1.4749064416074993,-0.0,google/gemma-4-26B-A4B-it,"```json
{""broad_income"": 75158, ""taxable_income"": 38555}
```"
2026-06-08 13:10:02,1649501.0,,75158.0,41407.438,0.22125,0.257622356612652,2,38555.0,75158.0,1.4749064416074993,-0.0,google/gemma-4-26B-A4B-it,"```json
{""broad_income"": 75158, ""taxable_income"": 38555}
```"
2026-06-08 13:10:07,1458101.0,,42000.0,28150.0,0.22399999,0.256752124214928,1,28150.0,42000.0,-0.0,-0.0,google/gemma-4-26B-A4B-it,"```json
{""broad_income"": 42000, ""taxable_income"": 28150}
```"
2026-06-08 13:10:07,1458101.0,,42000.0,28150.0,0.22399999,0.256752124214928,2,28150.0,42000.0,-0.0,-0.0,google/gemma-4-26B-A4B-it,"```json
{""broad_income"": 42000, ""taxable_income"": 28150}
```"
2026-06-08 13:10:12,1467501.0,,25200.0,14136.0,0.2985,0.3082921327906722,1,14136.0,25200.0,-0.0,-0.0,google/gemma-4-26B-A4B-it,"```json
{""broad_income"": 25200, ""taxable_income"": 14136}
```"
2026-06-08 13:10:12,1467501.0,,25200.0,14136.0,0.2985,0.3082921327906722,2,14136.0,25200.0,-0.0,-0.0,google/gemma-4-26B-A4B-it,"```json
{""broad_income"": 25200, ""taxable_income"": 14136}
```"
2026-06-08 13:10:17,2231901.0,,30010.0,9206.801,0.39659837,0.4116851279157163,1,8403.0,30010.0,3.4918079009349556,-0.0,google/gemma-4-26B-A4B-it,"```json
{""broad_income"": 30010, ""taxable_income"": 8403}
```"
2026-06-08 13:10:17,2231901.0,,30010.0,9206.801,0.39659837,0.4116851279157163,2,8840.0,30010.0,1.5934275148585804,-0.0,google/gemma-4-26B-A4B-it,"```json
{""broad_income"": 30010, ""taxable_income"": 8840}
```"
2026-06-08 13:10:22,4408502.0,,37032.0,22971.762,0.254,0.2481162135949773,1,22972.0,37032.0,0.0013136043500908948,0.0,google/gemma-4-26B-A4B-it,"```json
{""broad_income"": 37032, ""taxable_income"": 22972}
```"
2026-06-08 13:10:22,4408502.0,,37032.0,22971.762,0.254,0.2481162135949773,2,22972.0,37032.0,0.0013136043500908948,0.0,google/gemma-4-26B-A4B-it,"```json
{""broad_income"": 37032, ""taxable_income"": 22972}
```"
2026-06-08 13:10:27,3614801.0,,150002.0,125451.69,0.37399998,0.3880504503752398,1,125452.0,150002.0,-0.00011009527006067126,-0.0,google/gemma-4-26B-A4B-it,"```json
{""broad_income"": 150002, ""taxable_income"": 125452}
```"
2026-06-08 13:10:27,3614801.0,,150002.0,125451.69,0.37399998,0.3880504503752398,2,126852.0,150002.0,-0.4973145407090846,-0.0,google/gemma-4-26B-A4B-it,"```json
{""broad_income"": 150002, ""taxable_income"": 126852}
```"
2026-06-08 13:10:32,2144301.0,,125715.0,96189.72,0.337,0.3600005103362662,1,96190.0,125715.0,-8.390839750194481e-05,-0.0,google/gemma-4-26B-A4B-it,"```json
{""broad_income"": 125715, ""taxable_income"": 96190}
```"
2026-06-08 13:10:32,2144301.0,,125715.0,96189.72,0.337,0.3600005103362662,2,101510.0,125715.0,-1.5943434609410818,-0.0,google/gemma-4-26B-A4B-it,"```json
{""broad_income"": 125715, ""taxable_income"": 101510}
```"
2026-06-08 13:10:37,5017601.0,,234082.0,189931.75,0.2965,0.2702447953065606,1,189932.0,234082.0,3.5268836449421325e-05,0.0,google/gemma-4-26B-A4B-it,"```json
{""broad_income"": 234082, ""taxable_income"": 189932}
```"
2026-06-08 13:10:37,5017601.0,,234082.0,189931.75,0.2965,0.2702447953065606,2,189932.0,234082.0,3.5268836449421325e-05,0.0,google/gemma-4-26B-A4B-it,"```json
{""broad_income"": 234082, ""taxable_income"": 189932}
```"
2026-06-08 13:10:42,1220001.0,,40300.0,19500.0,0.4638002,0.4668181966671698,1,19500.0,40300.0,-0.0,-0.0,google/gemma-4-26B-A4B-it,"```json
{""broad_income"": 40300, ""taxable_income"": 19500}
```"
2026-06-08 13:10:42,1220001.0,,40300.0,19500.0,0.4638002,0.4668181966671698,2,19500.0,40300.0,-0.0,-0.0,google/gemma-4-26B-A4B-it,"```json
{""broad_income"": 40300, ""taxable_income"": 19500}
```"
2026-06-08 13:10:47,2147201.0,,32000.0,22494.0,0.25620002,0.2549432680796928,1,22494.0,32000.0,0.0,0.0,google/gemma-4-26B-A4B-it,"```json
{""broad_income"": 32000, ""taxable_income"": 22494}
```"
2026-06-08 13:10:47,2147201.0,,32000.0,22494.0,0.25620002,0.2549432680796928,2,22494.0,32000.0,0.0,0.0,google/gemma-4-26B-A4B-it,"```json
{""broad_income"": 32000, ""taxable_income"": 22494}
```"
2026-06-08 13:10:52,2636104.0,,35000.0,21150.0,0.0,0.0349918235321192,1,21150.0,35000.0,-0.0,-0.0,google/gemma-4-26B-A4B-it,"```json
{""broad_income"": 35000, ""taxable_income"": 21150}
```"
2026-06-08 13:10:52,2636104.0,,35000.0,21150.0,0.0,0.0349918235321192,2,21150.0,35000.0,-0.0,-0.0,google/gemma-4-26B-A4B-it,"```json
{""broad_income"": 35000, ""taxable_income"": 21150}
```"
2026-06-08 13:10:57,3921701.0,,81700.0,47456.0,0.24467504,0.2548850522143806,1,47456.0,81700.0,-0.0,-0.0,google/gemma-4-26B-A4B-it,"```json
{""broad_income"": 81700, ""taxable_income"": 47456}
```"
2026-06-08 13:10:57,3921701.0,,81700.0,47456.0,0.24467504,0.2548850522143806,2,47456.0,81700.0,-0.0,-0.0,google/gemma-4-26B-A4B-it,"```json
{""broad_income"": 81700, ""taxable_income"": 47456}
```"
2026-06-08 13:11:02,7075901.0,,136008.0,104366.0,0.345,0.3431811505152908,1,104366.0,136008.0,0.0,0.0,google/gemma-4-26B-A4B-it,"```json
{""broad_income"": 136008, ""taxable_income"": 104366}
```"
2026-06-08 13:11:02,7075901.0,,136008.0,104366.0,0.345,0.3431811505152908,2,104366.0,136008.0,0.0,0.0,google/gemma-4-26B-A4B-it,"```json
{""broad_income"": 136008, ""taxable_income"": 104366}
```"
2026-06-08 13:11:08,1562101.0,,56000.0,37653.4,0.23018743,0.2520229854552799,1,37653.0,56000.0,0.00037452132194124997,-0.0,google/gemma-4-26B-A4B-it,"```json
{""broad_income"": 56000, ""taxable_income"": 37653}
```"
2026-06-08 13:11:08,1562101.0,,56000.0,37653.4,0.23018743,0.2520229854552799,2,39653.0,56000.0,-1.8722320883774963,-0.0,google/gemma-4-26B-A4B-it,"```json
{""broad_income"": 56000, ""taxable_income"": 39653}
```"
2026-06-08 13:11:12,4343801.0,,71356.0,51424.08,0.354,0.347903865210812,1,51424.0,71356.0,-0.00016485473035382942,0.0,google/gemma-4-26B-A4B-it,"```json
{""broad_income"": 71356, ""taxable_income"": 51424}
```"
2026-06-08 13:11:12,4343801.0,,71356.0,51424.08,0.354,0.347903865210812,2,51424.0,71356.0,-0.00016485473035382942,0.0,google/gemma-4-26B-A4B-it,"```json
{""broad_income"": 71356, ""taxable_income"": 51424}
```"
2026-06-08 13:11:18,4850401.0,,56932.0,39901.68,0.1965,0.2084751983907881,1,39902.0,56932.0,-0.0005380987225318358,-0.0,google/gemma-4-26B-A4B-it,"```json
{""broad_income"": 56932, ""taxable_income"": 39902}
```"
2026-06-08 13:11:18,4850401.0,,56932.0,39901.68,0.1965,0.2084751983907881,2,39902.0,56932.0,-0.0005380987225318358,-0.0,google/gemma-4-26B-A4B-it,"```json
{""broad_income"": 56932, ""taxable_income"": 39902}
```"
2026-06-08 13:11:24,647401.0,,36610.0,8874.801,0.47633958,0.4801444005310027,1,8875.0,36610.0,-0.0030861002239785437,-0.0,google/gemma-4-26B-A4B-it,"```json
{""broad_income"": 36610, ""taxable_income"": 8875}
```"
2026-06-08 13:11:24,647401.0,,36610.0,8874.801,0.47633958,0.4801444005310027,2,8875.0,36610.0,-0.0030861002239785437,-0.0,google/gemma-4-26B-A4B-it,"```json
{""broad_income"": 36610, ""taxable_income"": 8875}
```"
2026-06-08 13:11:29,4988201.0,,36250.0,21500.0,0.1965,0.2084963302835722,1,21500.0,36250.0,-0.0,-0.0,google/gemma-4-26B-A4B-it,"```json
{""broad_income"": 36250, ""taxable_income"": 21500}
```"
2026-06-08 13:11:29,4988201.0,,36250.0,21500.0,0.1965,0.2084963302835722,2,22350.0,36250.0,-2.6479997064826017,-0.0,google/gemma-4-26B-A4B-it,"```json
{""broad_income"": 36250, ""taxable_income"": 22350}
```"
2026-06-08 13:11:39,1387701.0,,445514.0,364107.44,0.36655468,0.3365319887423722,1,364107.0,445514.0,-2.5496621390537995e-05,0.0,google/gemma-4-26B-A4B-it,"```json
{""broad_income"": 445514, ""taxable_income"": 364107}
```"
2026-06-08 13:11:39,1387701.0,,445514.0,364107.44,0.36655468,0.3365319887423722,2,364107.0,445514.0,-2.5496621390537995e-05,0.0,google/gemma-4-26B-A4B-it,"```json
{""broad_income"": 445514, ""taxable_income"": 364107}
```"
2026-06-08 13:11:44,776301.0,,126420.0,89955.6,0.3929795,0.3931842954261247,1,89956.0,126420.0,-0.013179984267736774,-0.0,google/gemma-4-26B-A4B-it,"```json
{""broad_income"": 126420, ""taxable_income"": 89956}
```"
2026-06-08 13:11:44,776301.0,,126420.0,89955.6,0.3929795,0.3931842954261247,2,89956.0,126420.0,-0.013179984267736774,-0.0,google/gemma-4-26B-A4B-it,"```json
{""broad_income"": 126420, ""taxable_income"": 89956}
```"
2026-06-08 13:11:49,8423001.0,,60001.0,28061.816,0.2717108,0.2907164110860493,1,28062.0,58540.0,-0.00025126042040147487,0.933068996340203,google/gemma-4-26B-A4B-it,"```json
{""broad_income"": 58540, ""taxable_income"": 28062}
```"
2026-06-08 13:11:49,8423001.0,,60001.0,28061.816,0.2717108,0.2907164110860493,2,28062.0,60001.0,-0.00025126042040147487,-0.0,google/gemma-4-26B-A4B-it,"```json
{""broad_income"": 60001, ""taxable_income"": 28062}
```"
2026-06-08 13:11:54,8516501.0,,394020.0,321673.6,0.3695,0.356400451775578,1,321674.0,394020.0,5.985126648712278e-05,0.0,google/gemma-4-26B-A4B-it,"```json
{""broad_income"": 394020, ""taxable_income"": 321674}
```"
2026-06-08 13:11:54,8516501.0,,394020.0,321673.6,0.3695,0.356400451775578,2,321674.0,394020.0,5.985126648712278e-05,0.0,google/gemma-4-26B-A4B-it,"```json
{""broad_income"": 394020, ""taxable_income"": 321674}
```"
2026-06-08 13:12:00,7341901.0,,74186.0,57936.477,0.32149953,0.3418952679641436,1,57936.0,74186.0,0.00027389053546347954,-0.0,google/gemma-4-26B-A4B-it,"```json
{""broad_income"": 74186, ""taxable_income"": 57936}
```"
2026-06-08 13:12:00,7341901.0,,74186.0,57936.477,0.32149953,0.3418952679641436,2,57936.0,74186.0,0.00027389053546347954,-0.0,google/gemma-4-26B-A4B-it,"```json
{""broad_income"": 74186, ""taxable_income"": 57936}
```"
2026-06-08 13:12:06,2233601.0,,99490.0,71761.84,0.25998193,0.2561077535169404,1,71762.0,99490.0,0.0004258820550726706,0.0,google/gemma-4-26B-A4B-it,"```json
{""broad_income"": 99490, ""taxable_income"": 71762}
```"
2026-06-08 13:12:06,2233601.0,,99490.0,71761.84,0.25998193,0.2561077535169404,2,71762.0,99490.0,0.0004258820550726706,0.0,google/gemma-4-26B-A4B-it,"```json
{""broad_income"": 99490, ""taxable_income"": 71762}
```"
2026-06-08 13:12:13,959303.0,,44323.0,30369.64,0.2515,0.2872865567550458,1,28500.0,44323.0,1.287627482760267,-0.0,google/gemma-4-26B-A4B-it,"```json
{""broad_income"": 44323, ""taxable_income"": 28500}
```"
2026-06-08 13:12:13,959303.0,,44323.0,30369.64,0.2515,0.2872865567550458,2,28000.0,44323.0,1.631979198267067,-0.0,google/gemma-4-26B-A4B-it,"```json
{""broad_income"": 44323, ""taxable_income"": 28000}
```"
2026-06-08 13:12:18,6060001.0,,354095.0,294315.44,0.38095996,0.4011774804151022,1,310000.0,354095.0,-1.6317369344800094,-0.0,google/gemma-4-26B-A4B-it,"```json
{""broad_income"": 354095, ""taxable_income"": 310000}
```"
2026-06-08 13:12:18,6060001.0,,354095.0,294315.44,0.38095996,0.4011774804151022,2,286518.0,354095.0,0.8112035557511216,-0.0,google/gemma-4-26B-A4B-it,"```json
{""broad_income"": 354095, ""taxable_income"": 286518}
```"
2026-06-08 13:12:23,3656301.0,,397028.0,329719.03,0.37399998,0.370911480926534,1,329719.0,397028.0,-1.8441834203770397e-05,0.0,google/gemma-4-26B-A4B-it,"```json
{""broad_income"": 397028, ""taxable_income"": 329719}
```"
2026-06-08 13:12:23,3656301.0,,397028.0,329719.03,0.37399998,0.370911480926534,2,329719.0,397028.0,-1.8441834203770397e-05,0.0,google/gemma-4-26B-A4B-it,"```json
{""broad_income"": 397028, ""taxable_income"": 329719}
```"
2026-06-08 13:12:41,1104001.0,,200100.0,145168.0,0.31187356,0.2990516025081535,1,145168.0,200100.0,0.0,0.0,google/gemma-4-26B-A4B-it,"```json
{""broad_income"": 200100, ""taxable_income"": 145168}
```"
2026-06-08 13:12:41,1104001.0,,200100.0,145168.0,0.31187356,0.2990516025081535,2,145168.0,200100.0,0.0,0.0,google/gemma-4-26B-A4B-it,"```json
{""broad_income"": 200100, ""taxable_income"": 145168}
```"
2026-06-08 13:12:46,4238002.0,,42000.0,28150.0,0.254,0.2507971337071693,1,28150.0,42000.0,0.0,0.0,google/gemma-4-26B-A4B-it,"```json
{""broad_income"": 42000, ""taxable_income"": 28150}
```"
2026-06-08 13:12:46,4238002.0,,42000.0,28150.0,0.254,0.2507971337071693,2,28150.0,42000.0,0.0,0.0,google/gemma-4-26B-A4B-it,"```json
{""broad_income"": 42000, ""taxable_income"": 28150}
```"
2026-06-08 13:12:51,489401.0,,129962.0,86634.8,0.2465,0.2486753934843732,1,86635.0,129962.0,-0.0007996189019805771,-0.0,google/gemma-4-26B-A4B-it,"```json
{""broad_income"": 129962, ""taxable_income"": 86635}
```"
2026-06-08 13:12:51,489401.0,,129962.0,86634.8,0.2465,0.2486753934843732,2,86635.0,129962.0,-0.0007996189019805771,-0.0,google/gemma-4-26B-A4B-it,"```json
{""broad_income"": 129962, ""taxable_income"": 86635}
```"
2026-06-08 13:12:57,8160503.0,,125160.0,92908.8,0.38950002,0.3940783633601354,1,92909.0,125160.0,-0.00028704529900165903,-0.0,google/gemma-4-26B-A4B-it,"```json
{""broad_income"": 125160, ""taxable_income"": 92909}
```"
2026-06-08 13:12:57,8160503.0,,125160.0,92908.8,0.38950002,0.3940783633601354,2,92909.0,125160.0,-0.00028704529900165903,-0.0,google/gemma-4-26B-A4B-it,"```json
{""broad_income"": 125160, ""taxable_income"": 92909}
```"
2026-06-08 13:13:02,1937301.0,,15512.0,1022.0,0.1342,0.1656183497408705,1,0.0,15512.0,27.55714438030221,-0.0,google/gemma-4-26B-A4B-it,"```json
{""broad_income"": 15512, ""taxable_income"": 0}
```"
2026-06-08 13:13:02,1937301.0,,15512.0,1022.0,0.1342,0.1656183497408705,2,0.0,15512.0,27.55714438030221,-0.0,google/gemma-4-26B-A4B-it,"```json
{""broad_income"": 15512, ""taxable_income"": 0}
```"
2026-06-08 13:13:08,5802702.0,,35002.0,14201.359,0.37929004,0.3903604947088785,1,14201.0,35002.0,0.0014173848847762469,-0.0,google/gemma-4-26B-A4B-it,"```json
{""broad_income"": 35002, ""taxable_income"": 14201}
```"
2026-06-08 13:13:08,5802702.0,,35002.0,14201.359,0.37929004,0.3903604947088785,2,14201.0,35002.0,0.0014173848847762469,-0.0,google/gemma-4-26B-A4B-it,"```json
{""broad_income"": 35002, ""taxable_income"": 14201}
```"
2026-06-08 13:13:13,2277801.0,,82253.0,39600.04,0.25998217,0.2684553094275494,1,38712.0,82253.0,1.9585503212995043,-0.0,google/gemma-4-26B-A4B-it,"```json
{""broad_income"": 82253, ""taxable_income"": 38712}
```"
2026-06-08 13:13:13,2277801.0,,82253.0,39600.04,0.25998217,0.2684553094275494,2,38600.0,82253.0,2.205563559425652,-0.0,google/gemma-4-26B-A4B-it,"```json
{""broad_income"": 82253, ""taxable_income"": 38600}
```"
2026-06-08 13:13:18,4381801.0,,173177.0,109353.0,0.354,0.3366998502808566,1,109353.0,173177.0,0.0,0.0,google/gemma-4-26B-A4B-it,"```json
{""broad_income"": 173177, ""taxable_income"": 109353}
```"
2026-06-08 13:13:18,4381801.0,,173177.0,109353.0,0.354,0.3366998502808566,2,109353.0,173177.0,0.0,0.0,google/gemma-4-26B-A4B-it,"```json
{""broad_income"": 173177, ""taxable_income"": 109353}
```"
2026-06-08 13:13:23,4559501.0,,50000.0,22300.0,0.1965,0.1895678383718954,1,22300.0,50000.0,0.0,0.0,google/gemma-4-26B-A4B-it,"```json
{""broad_income"": 50000, ""taxable_income"": 22300}
```"
2026-06-08 13:13:23,4559501.0,,50000.0,22300.0,0.1965,0.1895678383718954,2,22300.0,50000.0,0.0,0.0,google/gemma-4-26B-A4B-it,"```json
{""broad_income"": 50000, ""taxable_income"": 22300}
```"
2026-06-08 13:13:28,1472701.0,,169775.0,121387.0,0.332125,0.3609229575933111,1,121387.0,169775.0,-0.0,-0.0,google/gemma-4-26B-A4B-it,"```json
{""broad_income"": 169775, ""taxable_income"": 121387}
```"
2026-06-08 13:13:28,1472701.0,,169775.0,121387.0,0.332125,0.3609229575933111,2,115000.0,169775.0,1.2202764705264113,-0.0,google/gemma-4-26B-A4B-it,"```json
{""broad_income"": 169775, ""taxable_income"": 115000}
```"
2026-06-08 13:13:33,8536601.0,,60058.0,32339.441,0.2095,0.2030692894473245,1,32339.0,60058.0,-0.001676289376565184,0.0,google/gemma-4-26B-A4B-it,"```json
{""broad_income"": 60058, ""taxable_income"": 32339}
```"
2026-06-08 13:13:33,8536601.0,,60058.0,32339.441,0.2095,0.2030692894473245,2,32339.0,60058.0,-0.001676289376565184,0.0,google/gemma-4-26B-A4B-it,"```json
{""broad_income"": 60058, ""taxable_income"": 32339}
```"
2026-06-08 13:13:38,7021401.0,,72040.0,44127.203,0.245,0.2522335579835361,1,44127.0,72040.0,0.0004801585005706086,-0.0,google/gemma-4-26B-A4B-it,"```json
{""broad_income"": 72040, ""taxable_income"": 44127}
```"
2026-06-08 13:13:38,7021401.0,,72040.0,44127.203,0.245,0.2522335579835361,2,44127.0,72040.0,0.0004801585005706086,-0.0,google/gemma-4-26B-A4B-it,"```json
{""broad_income"": 72040, ""taxable_income"": 44127}
```"
2026-06-08 13:13:43,8358201.0,,90000.0,76150.0,0.4025,0.4125264769027528,1,75260.0,89100.0,0.6964816054401594,0.5959221826322262,google/gemma-4-26B-A4B-it,"```json
{""broad_income"": 89100, ""taxable_income"": 75260}
```"
2026-06-08 13:13:43,8358201.0,,90000.0,76150.0,0.4025,0.4125264769027528,2,75150.0,89000.0,0.7825636016181565,0.6621357584802513,google/gemma-4-26B-A4B-it,"```json
{""broad_income"": 89000.0, ""taxable_income"": 75150.0}
```"
2026-06-08 13:13:49,8058701.0,,251363.0,223271.62,0.43150002,0.4227397588345025,1,223272.0,251363.0,0.00011044942850965643,0.0,google/gemma-4-26B-A4B-it,"```json
{""broad_income"": 251363, ""taxable_income"": 223272}
```"
2026-06-08 13:13:49,8058701.0,,251363.0,223271.62,0.43150002,0.4227397588345025,2,223272.0,251363.0,0.00011044942850965643,0.0,google/gemma-4-26B-A4B-it,"```json
{""broad_income"": 251363, ""taxable_income"": 223272}
```"
2026-06-08 13:13:54,4902001.0,,192001.0,155900.69,0.34149998,0.324306525484635,1,155901.0,192001.0,7.61563822282728e-05,0.0,google/gemma-4-26B-A4B-it,"```json
{""broad_income"": 192001, ""taxable_income"": 155901}
```"
2026-06-08 13:13:54,4902001.0,,192001.0,155900.69,0.34149998,0.324306525484635,2,155901.0,192001.0,7.61563822282728e-05,0.0,google/gemma-4-26B-A4B-it,"```json
{""broad_income"": 192001, ""taxable_income"": 155901}
```"
2026-06-08 13:13:59,8239201.0,,65255.0,65332.22,0.3791499,0.3645257003250904,1,65332.0,65255.0,-0.0001429584768122706,0.0,google/gemma-4-26B-A4B-it,"```json
{""broad_income"": 65255, ""taxable_income"": 65332}
```"
2026-06-08 13:13:59,8239201.0,,65255.0,65332.22,0.3791499,0.3645257003250904,2,65332.0,65255.0,-0.0001429584768122706,0.0,google/gemma-4-26B-A4B-it,"```json
{""broad_income"": 65255, ""taxable_income"": 65332}
```"
2026-06-08 13:14:05,911402.0,,35000.0,21150.0,0.2874099,0.3022046116172086,1,21150.0,35000.0,-0.0,-0.0,google/gemma-4-26B-A4B-it,"```json
{""broad_income"": 35000, ""taxable_income"": 21150}
```"
2026-06-08 13:14:05,911402.0,,35000.0,21150.0,0.2874099,0.3022046116172086,2,21150.0,35000.0,-0.0,-0.0,google/gemma-4-26B-A4B-it,"```json
{""broad_income"": 35000, ""taxable_income"": 21150}
```"
2026-06-08 13:14:10,1541702.0,,30002.0,16152.0,0.22399999,0.2299755710280885,1,16152.0,30002.0,-0.0,-0.0,google/gemma-4-26B-A4B-it,"```json
{""broad_income"": 30002, ""taxable_income"": 16152}
```"
2026-06-08 13:14:10,1541702.0,,30002.0,16152.0,0.22399999,0.2299755710280885,2,16152.0,30002.0,-0.0,-0.0,google/gemma-4-26B-A4B-it,"```json
{""broad_income"": 30002, ""taxable_income"": 16152}
```"
2026-06-08 13:14:15,642302.0,,82031.0,47031.08,0.3565,0.3511487011984598,1,47031.0,82031.0,-0.00020454759849682723,0.0,google/gemma-4-26B-A4B-it,"```json
{""broad_income"": 82031, ""taxable_income"": 47031}
```"
2026-06-08 13:14:15,642302.0,,82031.0,47031.08,0.3565,0.3511487011984598,2,47031.0,82031.0,-0.00020454759849682723,0.0,google/gemma-4-26B-A4B-it,"```json
{""broad_income"": 82031, ""taxable_income"": 47031}
```"
2026-06-08 13:14:20,2365701.0,,70092.0,35097.812,0.25,0.2314836525018067,1,35098.0,70092.0,0.0002169620354901394,0.0,google/gemma-4-26B-A4B-it,"```json
{""broad_income"": 70092, ""taxable_income"": 35098}
```"
2026-06-08 13:14:20,2365701.0,,70092.0,35097.812,0.25,0.2314836525018067,2,35098.0,70092.0,0.0002169620354901394,0.0,google/gemma-4-26B-A4B-it,"```json
{""broad_income"": 70092, ""taxable_income"": 35098}
```"
2026-06-08 13:14:25,3119101.0,,72235.0,43319.797,0.252,0.2609070756205602,1,42320.0,72235.0,1.9381700347990696,-0.0,google/gemma-4-26B-A4B-it,"```json
{""broad_income"": 72235, ""taxable_income"": 42320}
```"
2026-06-08 13:14:25,3119101.0,,72235.0,43319.797,0.252,0.2609070756205602,2,43320.0,72235.0,-0.00039352840333268293,-0.0,google/gemma-4-26B-A4B-it,"```json
{""broad_income"": 72235, ""taxable_income"": 43320}
```"
2026-06-08 13:14:30,2012001.0,,37075.0,9351.0,0.37871963,0.3815966029419594,1,8978.0,37075.0,8.613955608114548,-0.0,google/gemma-4-26B-A4B-it,"```json
{""broad_income"": 37075, ""taxable_income"": 8978}
```"
2026-06-08 13:14:30,2012001.0,,37075.0,9351.0,0.37871963,0.3815966029419594,2,9351.0,37075.0,-0.0,-0.0,google/gemma-4-26B-A4B-it,"```json
{""broad_income"": 37075, ""taxable_income"": 9351}
```"
2026-06-08 13:14:35,7507101.0,,100065.0,70345.16,0.25599998,0.2762958442678025,1,72865.0,100065.0,-1.3131191691723654,-0.0,google/gemma-4-26B-A4B-it,"```json
{""broad_income"": 100065, ""taxable_income"": 72865}
```"
2026-06-08 13:14:35,7507101.0,,100065.0,70345.16,0.25599998,0.2762958442678025,2,72420.0,100065.0,-1.0812242749403096,-0.0,google/gemma-4-26B-A4B-it,"```json
{""broad_income"": 100065, ""taxable_income"": 72420}
```"
2026-06-08 13:14:45,2587701.0,,166500.0,137424.0,0.346,0.3652683869505373,1,137424.0,166500.0,-0.0,-0.0,google/gemma-4-26B-A4B-it,"```json
{""broad_income"": 166500, ""taxable_income"": 137424}
```"
2026-06-08 13:14:45,2587701.0,,166500.0,137424.0,0.346,0.3652683869505373,2,137424.0,166500.0,-0.0,-0.0,google/gemma-4-26B-A4B-it,"```json
{""broad_income"": 166500, ""taxable_income"": 137424}
```"
2026-06-08 13:14:49,2074101.0,,134665.0,103616.2,0.337,0.3233946814297381,1,103616.0,134665.0,-9.406047070648128e-05,0.0,google/gemma-4-26B-A4B-it,"```json
{""broad_income"": 134665, ""taxable_income"": 103616}
```"
2026-06-08 13:14:49,2074101.0,,134665.0,103616.2,0.337,0.3233946814297381,2,103616.0,134665.0,-9.406047070648128e-05,0.0,google/gemma-4-26B-A4B-it,"```json
{""broad_income"": 134665, ""taxable_income"": 103616}
```"
2026-06-08 13:14:55,4533602.0,,27832.0,7632.451,0.2615,0.2360310848255566,1,8632.0,27832.0,3.797345533236953,0.0,google/gemma-4-26B-A4B-it,"```json
{""broad_income"": 27832, ""taxable_income"": 8632}
```"
2026-06-08 13:14:55,4533602.0,,27832.0,7632.451,0.2615,0.2360310848255566,2,7632.0,27832.0,-0.0017133755678710584,0.0,google/gemma-4-26B-A4B-it,"```json
{""broad_income"": 27832, ""taxable_income"": 7632}
```"
2026-06-08 13:15:01,1226001.0,,132000.0,103624.55,0.32719994,0.3284100566848166,1,103625.0,132000.0,-0.0024143966995804995,-0.0,google/gemma-4-26B-A4B-it,"```json
{""broad_income"": 132000, ""taxable_income"": 103625}
```"
2026-06-08 13:15:01,1226001.0,,132000.0,103624.55,0.32719994,0.3284100566848166,2,103625.0,132000.0,-0.0024143966995804995,-0.0,google/gemma-4-26B-A4B-it,"```json
{""broad_income"": 132000, ""taxable_income"": 103625}
```"
2026-06-08 13:15:06,7303101.0,,194902.0,165953.69,0.3215,0.3042622475991567,1,165954.0,194902.0,7.352651707307315e-05,0.0,google/gemma-4-26B-A4B-it,"```json
{""broad_income"": 194902, ""taxable_income"": 165954}
```"
2026-06-08 13:15:06,7303101.0,,194902.0,165953.69,0.3215,0.3042622475991567,2,165954.0,194902.0,7.352651707307315e-05,0.0,google/gemma-4-26B-A4B-it,"```json
{""broad_income"": 194902, ""taxable_income"": 165954}
```"
2026-06-08 13:15:12,832101.0,,23000.0,9150.0,0.2315,0.224520595053328,1,9150.0,23000.0,0.0,0.0,google/gemma-4-26B-A4B-it,"```json
{""broad_income"": 23000, ""taxable_income"": 9150}
```"
2026-06-08 13:15:12,832101.0,,23000.0,9150.0,0.2315,0.224520595053328,2,9150.0,23000.0,0.0,0.0,google/gemma-4-26B-A4B-it,"```json
{""broad_income"": 23000, ""taxable_income"": 9150}
```"
2026-06-08 13:15:17,8645401.0,,234221.0,165486.39,0.3906211,0.4003702967116698,1,165486.0,234221.0,0.00014730615853074242,-0.0,google/gemma-4-26B-A4B-it,"```json
{""broad_income"": 234221, ""taxable_income"": 165486}
```"
2026-06-08 13:15:17,8645401.0,,234221.0,165486.39,0.3906211,0.4003702967116698,2,165486.0,234221.0,0.00014730615853074242,-0.0,google/gemma-4-26B-A4B-it,"```json
{""broad_income"": 234221, ""taxable_income"": 165486}
```"
2026-06-08 13:15:22,6929201.0,,58508.0,53453.156,0.1965,0.1892075756068839,1,53453.0,58508.0,-0.0003215623488347707,0.0,google/gemma-4-26B-A4B-it,"```json
{""broad_income"": 58508, ""taxable_income"": 53453}
```"
2026-06-08 13:15:22,6929201.0,,58508.0,53453.156,0.1965,0.1892075756068839,2,53453.0,58508.0,-0.0003215623488347707,0.0,google/gemma-4-26B-A4B-it,"```json
{""broad_income"": 58508, ""taxable_income"": 53453}
```"
2026-06-08 13:15:27,1556201.0,,42360.0,25386.0,0.321875,0.2952926670537852,1,25386.0,42360.0,0.0,0.0,google/gemma-4-26B-A4B-it,"```json
{""broad_income"": 42360, ""taxable_income"": 25386}
```"
2026-06-08 13:15:27,1556201.0,,42360.0,25386.0,0.321875,0.2952926670537852,2,25386.0,42360.0,0.0,0.0,google/gemma-4-26B-A4B-it,"```json
{""broad_income"": 42360, ""taxable_income"": 25386}
```"
2026-06-08 13:15:32,115301.0,,1040300.0,981900.0,0.3935,0.3940429395888565,1,981900.0,1040300.0,-0.0,-0.0,google/gemma-4-26B-A4B-it,"```json
{""broad_income"": 1040300, ""taxable_income"": 981900}
```"
2026-06-08 13:15:32,115301.0,,1040300.0,981900.0,0.3935,0.3940429395888565,2,981900.0,1040300.0,-0.0,-0.0,google/gemma-4-26B-A4B-it,"```json
{""broad_income"": 1040300, ""taxable_income"": 981900}
```"
2026-06-08 13:15:37,7389001.0,,111800.0,74334.0,0.3215,0.2944338249065463,1,74334.0,111800.0,0.0,0.0,google/gemma-4-26B-A4B-it,"```json
{""broad_income"": 111800, ""taxable_income"": 74334}
```"
2026-06-08 13:15:37,7389001.0,,111800.0,74334.0,0.3215,0.2944338249065463,2,74334.0,111800.0,0.0,0.0,google/gemma-4-26B-A4B-it,"```json
{""broad_income"": 111800, ""taxable_income"": 74334}
```"
2026-06-08 13:15:42,6207201.0,,472410.0,411596.8,0.3435,0.3851188245183642,1,405000.0,465000.0,0.25281698535734864,0.24742526629743397,google/gemma-4-26B-A4B-it,"```json
{""broad_income"": 465000, ""taxable_income"": 405000}
```"
2026-06-08 13:15:42,6207201.0,,472410.0,411596.8,0.3435,0.3851188245183642,2,387213.0,472410.0,0.9344892686691315,-0.0,google/gemma-4-26B-A4B-it,"```json
{""broad_income"": 472410, ""taxable_income"": 387213}
```"
2026-06-08 13:16:03,6866001.0,,181996.0,154295.38,0.3545,0.3530937440643684,1,154295.0,181996.0,-0.0011304791381685465,0.0,google/gemma-4-26B-A4B-it,"```json
{""broad_income"": 181996, ""taxable_income"": 154295}
```"
2026-06-08 13:16:03,6866001.0,,181996.0,154295.38,0.3545,0.3530937440643684,2,154295.0,181996.0,-0.0011304791381685465,0.0,google/gemma-4-26B-A4B-it,"```json
{""broad_income"": 181996, ""taxable_income"": 154295}
```"
2026-06-08 13:16:08,825205.0,,72000.0,58150.0,0.3515,0.356329617246095,1,58150.0,72000.0,-0.0,-0.0,google/gemma-4-26B-A4B-it,"```json
{""broad_income"": 72000, ""taxable_income"": 58150}
```"
2026-06-08 13:16:08,825205.0,,72000.0,58150.0,0.3515,0.356329617246095,2,58150.0,72000.0,-0.0,-0.0,google/gemma-4-26B-A4B-it,"```json
{""broad_income"": 72000, ""taxable_income"": 58150}
```"
2026-06-08 13:16:13,2596003.0,,17000.0,3150.0,0.0,-0.0022966526891323,1,3150.0,17000.0,0.0,0.0,google/gemma-4-26B-A4B-it,"```json
{""broad_income"": 17000, ""taxable_income"": 3150}
```"
2026-06-08 13:16:13,2596003.0,,17000.0,3150.0,0.0,-0.0022966526891323,2,3150.0,17000.0,0.0,0.0,google/gemma-4-26B-A4B-it,"```json
{""broad_income"": 17000, ""taxable_income"": 3150}
```"
2026-06-08 13:16:18,1070301.0,,90000.0,69200.0,0.3315,0.3639054709039803,1,67500.0,88500.0,0.5067875085022919,0.34382054498390785,google/gemma-4-26B-A4B-it,"```json
{""broad_income"": 88500, ""taxable_income"": 67500}
```"
2026-06-08 13:16:18,1070301.0,,90000.0,69200.0,0.3315,0.3639054709039803,2,67800.0,88500.0,0.41735441876659335,0.34382054498390785,google/gemma-4-26B-A4B-it,"```json
{""broad_income"": 88500, ""taxable_income"": 67800}
```"
2026-06-08 13:16:23,7824301.0,,48002.0,34151.36,0.20230004,0.2066688706865066,1,34151.0,48002.0,0.0019247257380908388,-0.0,google/gemma-4-26B-A4B-it,"```json
{""broad_income"": 48002, ""taxable_income"": 34151}
```"
2026-06-08 13:16:23,7824301.0,,48002.0,34151.36,0.20230004,0.2066688706865066,2,34151.0,48002.0,0.0019247257380908388,-0.0,google/gemma-4-26B-A4B-it,"```json
{""broad_income"": 48002, ""taxable_income"": 34151}
```"
2026-06-08 13:16:28,5112901.0,,70311.0,53961.477,0.2965,0.2901911297722158,1,53961.0,70311.0,-0.0009857052241047748,0.0,google/gemma-4-26B-A4B-it,"```json
{""broad_income"": 70311, ""taxable_income"": 53961}
```"
2026-06-08 13:16:28,5112901.0,,70311.0,53961.477,0.2965,0.2901911297722158,2,53961.0,70311.0,-0.0009857052241047748,0.0,google/gemma-4-26B-A4B-it,"```json
{""broad_income"": 70311, ""taxable_income"": 53961}
```"
2026-06-08 13:16:48,768201.0,,317175.0,301949.0,0.442,0.4491832644203902,1,301949.0,317175.0,-0.0,-0.0,google/gemma-4-26B-A4B-it,"```json
{""broad_income"": 317175, ""taxable_income"": 301949}
```"
2026-06-08 13:16:48,768201.0,,317175.0,301949.0,0.442,0.4491832644203902,2,301949.0,317175.0,-0.0,-0.0,google/gemma-4-26B-A4B-it,"```json
{""broad_income"": 317175, ""taxable_income"": 301949}
```"
2026-06-08 13:16:53,2274801.0,,32510.0,27840.3,0.34778002,0.3608305464499852,1,27840.0,32510.0,0.000538534352278641,-0.0,google/gemma-4-26B-A4B-it,"```json
{""broad_income"": 32510, ""taxable_income"": 27840}
```"
2026-06-08 13:16:53,2274801.0,,32510.0,27840.3,0.34778002,0.3608305464499852,2,27840.0,32510.0,0.000538534352278641,-0.0,google/gemma-4-26B-A4B-it,"```json
{""broad_income"": 32510, ""taxable_income"": 27840}
```"
2026-06-08 13:16:58,2364801.0,,120000.0,99200.0,0.3845,0.3921725902348696,1,102200.0,120000.0,-2.426027028750749,-0.0,google/gemma-4-26B-A4B-it,"```json
{""broad_income"": 120000, ""taxable_income"": 102200}
```"
2026-06-08 13:16:58,2364801.0,,120000.0,99200.0,0.3845,0.3921725902348696,2,101200.0,120000.0,-1.6173513525004992,-0.0,google/gemma-4-26B-A4B-it,"```json
{""broad_income"": 120000, ""taxable_income"": 101200}
```"
2026-06-08 13:17:04,6331201.0,,132330.0,118374.41,0.3165,0.3006777181730053,1,118374.0,132330.0,-0.00014962199194968186,0.0,google/gemma-4-26B-A4B-it,"```json
{""broad_income"": 132330, ""taxable_income"": 118374}
```"
2026-06-08 13:17:04,6331201.0,,132330.0,118374.41,0.3165,0.3006777181730053,2,118374.0,132330.0,-0.00014962199194968186,0.0,google/gemma-4-26B-A4B-it,"```json
{""broad_income"": 132330, ""taxable_income"": 118374}
```"
2026-06-08 13:17:09,5297301.0,,29426.0,15560.801,0.23867498,0.2323920536091331,1,15561.0,29426.0,0.00154963443546871,0.0,google/gemma-4-26B-A4B-it,"```json
{""broad_income"": 29426, ""taxable_income"": 15561}
```"
2026-06-08 13:17:09,5297301.0,,29426.0,15560.801,0.23867498,0.2323920536091331,2,15561.0,29426.0,0.00154963443546871,0.0,google/gemma-4-26B-A4B-it,"```json
{""broad_income"": 29426, ""taxable_income"": 15561}
```"
2026-06-08 13:17:14,8013001.0,,48842.0,50855.703,0.3495,0.3580584267656829,1,50856.0,48842.0,-0.0004438846728885424,-0.0,google/gemma-4-26B-A4B-it,"```json
{""broad_income"": 48842, ""taxable_income"": 50856}
```"
2026-06-08 13:17:14,8013001.0,,48842.0,50855.703,0.3495,0.3580584267656829,2,48842.0,48842.0,3.009602348328977,-0.0,google/gemma-4-26B-A4B-it,"```json
{""broad_income"": 48842, ""taxable_income"": 48842}
```"
2026-06-08 13:17:19,4024801.0,,40006.0,26154.078,0.245,0.2352496591278133,1,26154.0,40006.0,-0.00023093105562874388,0.0,google/gemma-4-26B-A4B-it,"```json
{""broad_income"": 40006, ""taxable_income"": 26154}
```"
2026-06-08 13:17:19,4024801.0,,40006.0,26154.078,0.245,0.2352496591278133,2,26154.0,40006.0,-0.00023093105562874388,0.0,google/gemma-4-26B-A4B-it,"```json
{""broad_income"": 40006, ""taxable_income"": 26154}
```"
2026-06-08 13:17:24,1089904.0,,115000.0,101150.0,0.38147363,0.3799707118934778,1,101150.0,115000.0,0.0,0.0,google/gemma-4-26B-A4B-it,"```json
{""broad_income"": 115000, ""taxable_income"": 101150}
```"
2026-06-08 13:17:24,1089904.0,,115000.0,101150.0,0.38147363,0.3799707118934778,2,101150.0,115000.0,0.0,0.0,google/gemma-4-26B-A4B-it,"```json
{""broad_income"": 115000, ""taxable_income"": 101150}
```"
2026-06-08 13:17:29,6240701.0,,144502.0,110561.36,0.2965,0.2792559743511827,1,110561.0,144502.0,-0.0001328386857209962,0.0,google/gemma-4-26B-A4B-it,"```json
{""broad_income"": 144502, ""taxable_income"": 110561}
```"
2026-06-08 13:17:29,6240701.0,,144502.0,110561.36,0.2965,0.2792559743511827,2,110561.0,144502.0,-0.0001328386857209962,0.0,google/gemma-4-26B-A4B-it,"```json
{""broad_income"": 144502, ""taxable_income"": 110561}
```"
2026-06-08 13:17:34,6563701.0,,59250.0,26590.0,0.1965,0.2104794569579058,1,26590.0,59250.0,-0.0,-0.0,google/gemma-4-26B-A4B-it,"```json
{""broad_income"": 59250, ""taxable_income"": 26590}
```"
2026-06-08 13:17:34,6563701.0,,59250.0,26590.0,0.1965,0.2104794569579058,2,26590.0,59250.0,-0.0,-0.0,google/gemma-4-26B-A4B-it,"```json
{""broad_income"": 59250, ""taxable_income"": 26590}
```"
2026-06-08 13:17:39,4655701.0,,40000.0,28550.0,0.1965,0.2030550320910547,1,28550.0,40000.0,-0.0,-0.0,google/gemma-4-26B-A4B-it,"```json
{""broad_income"": 40000, ""taxable_income"": 28550}
```"
2026-06-08 13:17:39,4655701.0,,40000.0,28550.0,0.1965,0.2030550320910547,2,28550.0,40000.0,-0.0,-0.0,google/gemma-4-26B-A4B-it,"```json
{""broad_income"": 40000, ""taxable_income"": 28550}
```"
2026-06-08 13:17:44,6857401.0,,116250.0,83470.0,0.2545,0.2617722449552938,1,83470.0,116250.0,-0.0,-0.0,google/gemma-4-26B-A4B-it,"```json
{""broad_income"": 116250, ""taxable_income"": 83470}
```"
2026-06-08 13:17:44,6857401.0,,116250.0,83470.0,0.2545,0.2617722449552938,2,83470.0,116250.0,-0.0,-0.0,google/gemma-4-26B-A4B-it,"```json
{""broad_income"": 116250, ""taxable_income"": 83470}
```"
2026-06-08 13:17:49,4223901.0,,62000.0,34300.0,0.254,0.2808012712015728,1,34300.0,62000.0,-0.0,-0.0,google/gemma-4-26B-A4B-it,"```json
{""broad_income"": 62000, ""taxable_income"": 34300}
```"
2026-06-08 13:17:49,4223901.0,,62000.0,34300.0,0.254,0.2808012712015728,2,31600.0,62000.0,2.1910539850260795,-0.0,google/gemma-4-26B-A4B-it,"```json
{""broad_income"": 62000, ""taxable_income"": 31600}
```"
2026-06-08 13:17:54,4398501.0,,63413.0,11213.801,0.13399975,0.1275649701533722,1,11214.0,63413.0,0.002388276228763945,0.0,google/gemma-4-26B-A4B-it,"```json
{""broad_income"": 63413, ""taxable_income"": 11214}
```"
2026-06-08 13:17:54,4398501.0,,63413.0,11213.801,0.13399975,0.1275649701533722,2,11214.0,63413.0,0.002388276228763945,0.0,google/gemma-4-26B-A4B-it,"```json
{""broad_income"": 63413, ""taxable_income"": 11214}
```"
2026-06-08 13:17:59,3590401.0,,37254.0,5700.7188,0.0765,0.0704531744853756,1,5701.0,37254.0,0.0075334716829378034,0.0,google/gemma-4-26B-A4B-it,"```json
{""broad_income"": 37254, ""taxable_income"": 5701}
```"
2026-06-08 13:17:59,3590401.0,,37254.0,5700.7188,0.0765,0.0704531744853756,2,5701.0,37254.0,0.0075334716829378034,0.0,google/gemma-4-26B-A4B-it,"```json
{""broad_income"": 37254, ""taxable_income"": 5701}
```"
2026-06-08 13:18:05,421902.0,,90075.0,69201.0,0.3465,0.3464164926677248,1,69201.0,90075.0,0.0,0.0,google/gemma-4-26B-A4B-it,"```json
{""broad_income"": 90075, ""taxable_income"": 69201}
```"
2026-06-08 13:18:05,421902.0,,90075.0,69201.0,0.3465,0.3464164926677248,2,69201.0,90075.0,0.0,0.0,google/gemma-4-26B-A4B-it,"```json
{""broad_income"": 90075, ""taxable_income"": 69201}
```"
2026-06-08 13:18:11,1015701.0,,57000.0,36508.2,0.2580249,0.2623636410608587,1,36508.0,57000.0,0.0009368394570889838,-0.0,google/gemma-4-26B-A4B-it,"```json
{""broad_income"": 57000, ""taxable_income"": 36508}
```"
2026-06-08 13:18:11,1015701.0,,57000.0,36508.2,0.2580249,0.2623636410608587,2,36508.0,57000.0,0.0009368394570889838,-0.0,google/gemma-4-26B-A4B-it,"```json
{""broad_income"": 57000, ""taxable_income"": 36508}
```"
2026-06-08 13:18:16,460401.0,,162087.0,121119.16,0.3465,0.3692193339814048,1,121119.0,162087.0,3.799768415960948e-05,-0.0,google/gemma-4-26B-A4B-it,"```json
{""broad_income"": 162087, ""taxable_income"": 121119}
```"
2026-06-08 13:18:16,460401.0,,162087.0,121119.16,0.3465,0.3692193339814048,2,121119.0,162087.0,3.799768415960948e-05,-0.0,google/gemma-4-26B-A4B-it,"```json
{""broad_income"": 162087, ""taxable_income"": 121119}
```"
2026-06-08 13:18:21,5285201.0,,15500.0,1650.0,0.22150001,0.2296439519957618,1,1650.0,15500.0,-0.0,-0.0,google/gemma-4-26B-A4B-it,"```json
{""broad_income"": 15500, ""taxable_income"": 1650}
```"
2026-06-08 13:18:21,5285201.0,,15500.0,1650.0,0.22150001,0.2296439519957618,2,1650.0,15500.0,-0.0,-0.0,google/gemma-4-26B-A4B-it,"```json
{""broad_income"": 15500, ""taxable_income"": 1650}
```"
2026-06-08 13:18:26,2296301.0,,234992.0,139331.77,0.35325,0.3587676210640887,1,139332.0,234992.0,-0.00019349165899878375,-0.0,google/gemma-4-26B-A4B-it,"```json
{""broad_income"": 234992, ""taxable_income"": 139332}
```"
2026-06-08 13:18:26,2296301.0,,234992.0,139331.77,0.35325,0.3587676210640887,2,139332.0,234992.0,-0.00019349165899878375,-0.0,google/gemma-4-26B-A4B-it,"```json
{""broad_income"": 234992, ""taxable_income"": 139332}
```"
2026-06-08 13:18:32,4309401.0,,110071.0,72980.28,0.254,0.2688134265608434,1,72980.0,110071.0,0.00019321276019019425,-0.0,google/gemma-4-26B-A4B-it,"```json
{""broad_income"": 110071, ""taxable_income"": 72980}
```"
2026-06-08 13:18:32,4309401.0,,110071.0,72980.28,0.254,0.2688134265608434,2,72980.0,110071.0,0.00019321276019019425,-0.0,google/gemma-4-26B-A4B-it,"```json
{""broad_income"": 110071, ""taxable_income"": 72980}
```"
2026-06-08 13:18:37,8132701.0,,15010.0,79.66211,0.29529536,0.2981311065337297,1,80.0,15010.0,-1.0540549561659174,-0.0,google/gemma-4-26B-A4B-it,"```json
{""broad_income"": 15010, ""taxable_income"": 80}
```"
2026-06-08 13:18:37,8132701.0,,15010.0,79.66211,0.29529536,0.2981311065337297,2,80.0,15010.0,-1.0540549561659174,-0.0,google/gemma-4-26B-A4B-it,"```json
{""broad_income"": 15010, ""taxable_income"": 80}
```"
2026-06-08 13:18:42,1873202.0,,72001.0,53410.68,0.346,0.3393602458784096,1,53411.0,72001.0,0.0005901299036599582,0.0,google/gemma-4-26B-A4B-it,"```json
{""broad_income"": 72001, ""taxable_income"": 53411}
```"
2026-06-08 13:18:42,1873202.0,,72001.0,53410.68,0.346,0.3393602458784096,2,53411.0,72001.0,0.0005901299036599582,0.0,google/gemma-4-26B-A4B-it,"```json
{""broad_income"": 72001, ""taxable_income"": 53411}
```"
2026-06-08 13:18:47,3296804.0,,40000.0,26150.0,0.24399999,0.2074971680253434,1,26150.0,40000.0,0.0,0.0,google/gemma-4-26B-A4B-it,"```json
{""broad_income"": 40000, ""taxable_income"": 26150}
```"
2026-06-08 13:18:47,3296804.0,,40000.0,26150.0,0.24399999,0.2074971680253434,2,26150.0,40000.0,0.0,0.0,google/gemma-4-26B-A4B-it,"```json
{""broad_income"": 40000, ""taxable_income"": 26150}
```"
2026-06-08 13:18:52,6524901.0,,21000.0,200.0,0.01916406,0.0148739253958842,1,200.0,21000.0,0.0,0.0,google/gemma-4-26B-A4B-it,"{""broad_income"": 21000, ""taxable_income"": 200}"
2026-06-08 13:18:52,6524901.0,,21000.0,200.0,0.01916406,0.0148739253958842,2,200.0,21000.0,0.0,0.0,google/gemma-4-26B-A4B-it,"```json
{""broad_income"": 21000, ""taxable_income"": 200}
```"
2026-06-08 13:18:57,1752501.0,,38825.0,24975.0,0.228,0.2230132255363724,1,24975.0,38825.0,0.0,0.0,google/gemma-4-26B-A4B-it,"```json
{""broad_income"": 38825, ""taxable_income"": 24975}
```"
2026-06-08 13:18:57,1752501.0,,38825.0,24975.0,0.228,0.2230132255363724,2,24975.0,38825.0,0.0,0.0,google/gemma-4-26B-A4B-it,"```json
{""broad_income"": 38825, ""taxable_income"": 24975}
```"
2026-06-08 13:19:02,848601.0,,44132.0,32264.2,0.37883997,0.3799949651753012,1,32264.0,44132.0,0.003333745379110044,-0.0,google/gemma-4-26B-A4B-it,"```json
{""broad_income"": 44132, ""taxable_income"": 32264}
```"
2026-06-08 13:19:02,848601.0,,44132.0,32264.2,0.37883997,0.3799949651753012,2,32264.0,44132.0,0.003333745379110044,-0.0,google/gemma-4-26B-A4B-it,"```json
{""broad_income"": 44132, ""taxable_income"": 32264}
```"
2026-06-08 13:19:07,2132301.0,,131000.0,103300.0,0.337,0.3680528981092582,1,106667.0,131000.0,-0.6959117750717775,-0.0,google/gemma-4-26B-A4B-it,"```json
{""broad_income"": 131000, ""taxable_income"": 106667}
```"
2026-06-08 13:19:07,2132301.0,,131000.0,103300.0,0.337,0.3680528981092582,2,106400.0,131000.0,-0.6407266120351975,-0.0,google/gemma-4-26B-A4B-it,"```json
{""broad_income"": 131000, ""taxable_income"": 106400}
```"
2026-06-08 13:19:12,1325303.0,,35020.0,21163.602,0.22719994,0.227711990469655,1,21164.0,35020.0,-0.028382318202041675,-0.0,google/gemma-4-26B-A4B-it,"```json
{""broad_income"": 35020, ""taxable_income"": 21164}
```"
2026-06-08 13:19:12,1325303.0,,35020.0,21163.602,0.22719994,0.227711990469655,2,21164.0,35020.0,-0.028382318202041675,-0.0,google/gemma-4-26B-A4B-it,"```json
{""broad_income"": 35020, ""taxable_income"": 21164}
```"
2026-06-08 13:19:17,8285801.0,,78000.0,57200.0,0.2695,0.2683992344362348,1,57200.0,78000.0,0.0,0.0,google/gemma-4-26B-A4B-it,"```json
{""broad_income"": 78000, ""taxable_income"": 57200}
```"
2026-06-08 13:19:17,8285801.0,,78000.0,57200.0,0.2695,0.2683992344362348,2,57200.0,78000.0,0.0,0.0,google/gemma-4-26B-A4B-it,"```json
{""broad_income"": 78000, ""taxable_income"": 57200}
```"
2026-06-08 13:19:22,7340801.0,,190151.0,143842.67,0.3215,0.2784039266340415,1,143843.0,190151.0,3.61192192581745e-05,0.0,google/gemma-4-26B-A4B-it,"```json
{""broad_income"": 190151, ""taxable_income"": 143843}
```"
2026-06-08 13:19:22,7340801.0,,190151.0,143842.67,0.3215,0.2784039266340415,2,143843.0,190151.0,3.61192192581745e-05,0.0,google/gemma-4-26B-A4B-it,"```json
{""broad_income"": 190151, ""taxable_income"": 143843}
```"
2026-06-08 13:19:27,5235901.0,,82086.0,54208.477,0.23667505,0.2403370597863569,1,54208.0,82086.0,0.0018341765241546007,-0.0,google/gemma-4-26B-A4B-it,"```json
{""broad_income"": 82086, ""taxable_income"": 54208}
```"
2026-06-08 13:19:27,5235901.0,,82086.0,54208.477,0.23667505,0.2403370597863569,2,54208.0,82086.0,0.0018341765241546007,-0.0,google/gemma-4-26B-A4B-it,"```json
{""broad_income"": 82086, ""taxable_income"": 54208}
```"
2026-06-08 13:19:32,7884501.0,,87341.0,78102.52,0.2805,0.2750554151992254,1,78103.0,87341.0,0.0008121611713860033,0.0,google/gemma-4-26B-A4B-it,"```json
{""broad_income"": 87341, ""taxable_income"": 78103}
```"
2026-06-08 13:19:32,7884501.0,,87341.0,78102.52,0.2805,0.2750554151992254,2,78103.0,87341.0,0.0008121611713860033,0.0,google/gemma-4-26B-A4B-it,"```json
{""broad_income"": 87341, ""taxable_income"": 78103}
```"
2026-06-08 13:19:37,7312801.0,,84000.0,63200.0,0.3215,0.3220885463245466,1,63200.0,84000.0,-0.0,-0.0,google/gemma-4-26B-A4B-it,"```json
{""broad_income"": 84000, ""taxable_income"": 63200}
```"
2026-06-08 13:19:37,7312801.0,,84000.0,63200.0,0.3215,0.3220885463245466,2,63200.0,84000.0,-0.0,-0.0,google/gemma-4-26B-A4B-it,"```json
{""broad_income"": 84000, ""taxable_income"": 63200}
```"
2026-06-08 13:19:42,1484601.0,,248010.0,212006.8,0.352125,0.3707800720941014,1,212007.0,248010.0,-3.2762308456970844e-05,-0.0,google/gemma-4-26B-A4B-it,"```json
{""broad_income"": 248010, ""taxable_income"": 212007}
```"
2026-06-08 13:19:42,1484601.0,,248010.0,212006.8,0.352125,0.3707800720941014,2,212007.0,248010.0,-3.2762308456970844e-05,-0.0,google/gemma-4-26B-A4B-it,"```json
{""broad_income"": 248010, ""taxable_income"": 212007}
```"
2026-06-08 13:19:47,8046101.0,,31410.0,15188.801,0.231,0.2087123685613839,1,15189.0,31410.0,0.0004520557593707052,0.0,google/gemma-4-26B-A4B-it,"```json
{""broad_income"": 31410, ""taxable_income"": 15189}
```"
2026-06-08 13:19:47,8046101.0,,31410.0,15188.801,0.231,0.2087123685613839,2,15189.0,31410.0,0.0004520557593707052,0.0,google/gemma-4-26B-A4B-it,"```json
{""broad_income"": 31410, ""taxable_income"": 15189}
```"
2026-06-08 13:19:52,4519001.0,,102001.0,74301.0,0.1965,0.1812526855847375,1,74301.0,102001.0,0.0,0.0,google/gemma-4-26B-A4B-it,"```json
{""broad_income"": 102001, ""taxable_income"": 74301}
```"
2026-06-08 13:19:52,4519001.0,,102001.0,74301.0,0.1965,0.1812526855847375,2,74301.0,102001.0,0.0,0.0,google/gemma-4-26B-A4B-it,"```json
{""broad_income"": 102001, ""taxable_income"": 74301}
```"
2026-06-08 13:19:57,7337004.0,,77400.0,56644.676,0.43136936,0.4200123120249373,1,56645.0,77400.0,0.0002863852921807279,0.0,google/gemma-4-26B-A4B-it,"```json
{""broad_income"": 77400, ""taxable_income"": 56645}
```"
2026-06-08 13:19:57,7337004.0,,77400.0,56644.676,0.43136936,0.4200123120249373,2,57735.0,77400.0,0.9637430781208496,0.0,google/gemma-4-26B-A4B-it,"```json
{""broad_income"": 77400, ""taxable_income"": 57735}
```"
2026-06-08 13:20:02,8067401.0,,320565.0,271244.2,0.4605,0.4726269911804943,1,271244.0,320565.0,3.280257389613421e-05,-0.0,google/gemma-4-26B-A4B-it,"```json
{""broad_income"": 320565, ""taxable_income"": 271244}
```"
2026-06-08 13:20:02,8067401.0,,320565.0,271244.2,0.4605,0.4726269911804943,2,271244.0,320565.0,3.280257389613421e-05,-0.0,google/gemma-4-26B-A4B-it,"```json
{""broad_income"": 320565, ""taxable_income"": 271244}
```"
2026-06-08 13:20:07,2312201.0,,285872.0,227932.97,0.3455,0.3221395405210963,1,227933.0,285872.0,3.6875878504412447e-06,0.0,google/gemma-4-26B-A4B-it,"```json
{""broad_income"": 285872, ""taxable_income"": 227933}
```"
2026-06-08 13:20:07,2312201.0,,285872.0,227932.97,0.3455,0.3221395405210963,2,227933.0,285872.0,3.6875878504412447e-06,0.0,google/gemma-4-26B-A4B-it,"```json
{""broad_income"": 285872, ""taxable_income"": 227933}
```"
2026-06-08 13:20:14,1035701.0,,19503.0,6057.539,0.2265,0.2531388066500754,1,5152.0,19503.0,4.340667231685655,-0.0,google/gemma-4-26B-A4B-it,"```json
{""broad_income"": 19503, ""taxable_income"": 5152}
```"
2026-06-08 13:20:14,1035701.0,,19503.0,6057.539,0.2265,0.2531388066500754,2,5668.0,19503.0,1.867240585732473,-0.0,google/gemma-4-26B-A4B-it,"```json
{""broad_income"": 19503, ""taxable_income"": 5668}
```"
2026-06-08 13:20:19,1749301.0,,15100.0,1250.0,0.20799999,0.196294576194442,1,1250.0,15100.0,0.0,0.0,google/gemma-4-26B-A4B-it,"```json
{""broad_income"": 15100, ""taxable_income"": 1250}
```"
2026-06-08 13:20:19,1749301.0,,15100.0,1250.0,0.20799999,0.196294576194442,2,1250.0,15100.0,0.0,0.0,google/gemma-4-26B-A4B-it,"```json
{""broad_income"": 15100, ""taxable_income"": 1250}
```"
2026-06-08 13:20:24,3587401.0,,44777.0,16676.04,0.46868956,0.438782869714313,1,16676.0,44777.0,-4.26134856571532e-05,0.0,google/gemma-4-26B-A4B-it,"```json
{""broad_income"": 44777, ""taxable_income"": 16676}
```"
2026-06-08 13:20:24,3587401.0,,44777.0,16676.04,0.46868956,0.438782869714313,2,16676.0,44777.0,-4.26134856571532e-05,0.0,google/gemma-4-26B-A4B-it,"```json
{""broad_income"": 44777, ""taxable_income"": 16676}
```"
2026-06-08 13:20:29,7398202.0,,70000.0,56150.0,0.3215,0.3380956452778559,1,56150.0,70000.0,-0.0,-0.0,google/gemma-4-26B-A4B-it,"```json
{""broad_income"": 70000, ""taxable_income"": 56150}
```"
2026-06-08 13:20:29,7398202.0,,70000.0,56150.0,0.3215,0.3380956452778559,2,56150.0,70000.0,-0.0,-0.0,google/gemma-4-26B-A4B-it,"```json
{""broad_income"": 70000, ""taxable_income"": 56150}
```"
2026-06-08 13:20:34,7808601.0,,49776.0,52763.42,0.30430096,0.3140808907635181,1,52763.0,49776.0,0.000566241866041236,-0.0,google/gemma-4-26B-A4B-it,"```json
{""broad_income"": 49776, ""taxable_income"": 52763}
```"
2026-06-08 13:20:34,7808601.0,,49776.0,52763.42,0.30430096,0.3140808907635181,2,52763.0,49776.0,0.000566241866041236,-0.0,google/gemma-4-26B-A4B-it,"```json
{""broad_income"": 49776, ""taxable_income"": 52763}
```"
2026-06-08 13:20:40,145501.0,,47051.0,25698.762,0.1965,0.1944957610180485,1,25699.0,47051.0,0.003712796371886885,0.0,google/gemma-4-26B-A4B-it,"```json
{""broad_income"": 47051, ""taxable_income"": 25699}
```"
2026-06-08 13:20:40,145501.0,,47051.0,25698.762,0.1965,0.1944957610180485,2,25699.0,47051.0,0.003712796371886885,0.0,google/gemma-4-26B-A4B-it,"```json
{""broad_income"": 47051, ""taxable_income"": 25699}
```"
2026-06-08 13:20:45,4320301.0,,49000.0,28200.0,0.254,0.2633309817857803,1,28200.0,49000.0,-0.0,-0.0,google/gemma-4-26B-A4B-it,"```json
{""broad_income"": 49000, ""taxable_income"": 28200}
```"
2026-06-08 13:20:45,4320301.0,,49000.0,28200.0,0.254,0.2633309817857803,2,27200.0,49000.0,2.835060802447777,-0.0,google/gemma-4-26B-A4B-it,"```json
{""broad_income"": 49000, ""taxable_income"": 27200}
```"
2026-06-08 13:20:50,3530201.0,,181393.0,141818.44,0.354,0.3785639802141012,1,138247.0,181393.0,0.6622842600592536,-0.0,google/gemma-4-26B-A4B-it,"```json
{""broad_income"": 181393, ""taxable_income"": 138247}
```"
2026-06-08 13:20:50,3530201.0,,181393.0,141818.44,0.354,0.3785639802141012,2,137842.0,181393.0,0.7373870548210296,-0.0,google/gemma-4-26B-A4B-it,"```json
{""broad_income"": 181393, ""taxable_income"": 137842}
```"
2026-06-08 13:20:55,1715801.0,,21601.0,5879.5312,0.29299998,0.2917870930300393,1,5880.0,21601.0,0.04647763267982909,0.0,google/gemma-4-26B-A4B-it,"```json
{""broad_income"": 21601, ""taxable_income"": 5880}
```"
2026-06-08 13:20:55,1715801.0,,21601.0,5879.5312,0.29299998,0.2917870930300393,2,5880.0,21601.0,0.04647763267982909,0.0,google/gemma-4-26B-A4B-it,"```json
{""broad_income"": 21601, ""taxable_income"": 5880}
```"
2026-06-08 13:21:00,1091301.0,,228600.0,200708.0,0.38147363,0.3976840242754944,1,200708.0,228600.0,-0.0,-0.0,google/gemma-4-26B-A4B-it,"```json
{""broad_income"": 228600, ""taxable_income"": 200708}
```"
2026-06-08 13:21:00,1091301.0,,228600.0,200708.0,0.38147363,0.3976840242754944,2,200708.0,228600.0,-0.0,-0.0,google/gemma-4-26B-A4B-it,"```json
{""broad_income"": 228600, ""taxable_income"": 200708}
```"
2026-06-08 13:21:05,2429701.0,,41500.0,13320.0,0.2570996,0.248251552218171,1,13320.0,41500.0,0.0,0.0,google/gemma-4-26B-A4B-it,"```json
{""broad_income"": 41500, ""taxable_income"": 13320}
```"
2026-06-08 13:21:05,2429701.0,,41500.0,13320.0,0.2570996,0.248251552218171,2,13320.0,41500.0,0.0,0.0,google/gemma-4-26B-A4B-it,"```json
{""broad_income"": 41500, ""taxable_income"": 13320}
```"
2026-06-08 13:21:10,8387001.0,,173700.0,124304.0,0.4025,0.4160772935580012,1,124304.0,173700.0,-0.0,-0.0,google/gemma-4-26B-A4B-it,"```json
{""broad_income"": 173700, ""taxable_income"": 124304}
```"
2026-06-08 13:21:10,8387001.0,,173700.0,124304.0,0.4025,0.4160772935580012,2,124304.0,173700.0,-0.0,-0.0,google/gemma-4-26B-A4B-it,"```json
{""broad_income"": 173700, ""taxable_income"": 124304}
```"
2026-06-08 13:21:16,2356801.0,,38401.0,28432.879,0.352,0.3263982510000206,1,28433.0,38401.0,0.00010771344196167828,0.0,google/gemma-4-26B-A4B-it,"```json
{""broad_income"": 38401, ""taxable_income"": 28433}
```"
2026-06-08 13:21:16,2356801.0,,38401.0,28432.879,0.352,0.3263982510000206,2,28433.0,38401.0,0.00010771344196167828,0.0,google/gemma-4-26B-A4B-it,"```json
{""broad_income"": 38401, ""taxable_income"": 28433}
```"
2026-06-08 13:21:21,4371302.0,,20000.0,6150.0,0.234,0.2488533694605931,1,6150.0,20000.0,-0.0,-0.0,google/gemma-4-26B-A4B-it,"```json
{""broad_income"": 20000, ""taxable_income"": 6150}
```"
2026-06-08 13:21:21,4371302.0,,20000.0,6150.0,0.234,0.2488533694605931,2,6150.0,20000.0,-0.0,-0.0,google/gemma-4-26B-A4B-it,"```json
{""broad_income"": 20000, ""taxable_income"": 6150}
```"
2026-06-08 13:21:26,6189203.0,,65454.0,51060.0,0.0,0.008019211092191,1,51060.0,65454.0,-0.0,-0.0,google/gemma-4-26B-A4B-it,"{""broad_income"": 65454, ""taxable_income"": 51060}"
2026-06-08 13:21:26,6189203.0,,65454.0,51060.0,0.0,0.008019211092191,2,51060.0,65454.0,-0.0,-0.0,google/gemma-4-26B-A4B-it,"```json
{""broad_income"": 65454, ""taxable_income"": 51060}
```"
2026-06-08 13:21:31,2619703.0,,60000.0,46150.0,0.34436646,0.3308956820685464,1,46150.0,60000.0,0.0,0.0,google/gemma-4-26B-A4B-it,"```json
{""broad_income"": 60000, ""taxable_income"": 46150}
```"
2026-06-08 13:21:31,2619703.0,,60000.0,46150.0,0.34436646,0.3308956820685464,2,46150.0,60000.0,0.0,0.0,google/gemma-4-26B-A4B-it,"```json
{""broad_income"": 60000, ""taxable_income"": 46150}
```"
2026-06-08 13:21:36,8548101.0,,19775.0,5214.5,0.17447501,0.1994908822394944,1,5214.0,19775.0,0.0031642581468268554,-0.0,google/gemma-4-26B-A4B-it,"```json
{""broad_income"": 19775, ""taxable_income"": 5214}
```"
2026-06-08 13:21:36,8548101.0,,19775.0,5214.5,0.17447501,0.1994908822394944,2,5214.0,19775.0,0.0031642581468268554,-0.0,google/gemma-4-26B-A4B-it,"```json
{""broad_income"": 19775, ""taxable_income"": 5214}
```"
2026-06-08 13:21:41,8496301.0,,457242.0,444273.7,0.44576955,0.4426089399788109,1,444274.0,457242.0,0.00011841047407405196,0.0,google/gemma-4-26B-A4B-it,"```json
{""broad_income"": 457242, ""taxable_income"": 444274}
```"
2026-06-08 13:21:41,8496301.0,,457242.0,444273.7,0.44576955,0.4426089399788109,2,444274.0,457242.0,0.00011841047407405196,0.0,google/gemma-4-26B-A4B-it,"```json
{""broad_income"": 457242, ""taxable_income"": 444274}
```"
2026-06-08 13:21:50,1902601.0,,50000.0,36150.0,0.254,0.2292190989122079,1,36150.0,50000.0,0.0,0.0,google/gemma-4-26B-A4B-it,"```json
{""broad_income"": 50000, ""taxable_income"": 36150}
```"
2026-06-08 13:21:50,1902601.0,,50000.0,36150.0,0.254,0.2292190989122079,2,36150.0,50000.0,0.0,0.0,google/gemma-4-26B-A4B-it,"```json
{""broad_income"": 50000, ""taxable_income"": 36150}
```"
2026-06-08 13:21:56,4250101.0,,160000.0,132300.0,0.354,0.3794461003553339,1,132300.0,160000.0,-0.0,-0.0,google/gemma-4-26B-A4B-it,"```json
{""broad_income"": 160000, ""taxable_income"": 132300}
```"
2026-06-08 13:21:56,4250101.0,,160000.0,132300.0,0.354,0.3794461003553339,2,132300.0,160000.0,-0.0,-0.0,google/gemma-4-26B-A4B-it,"```json
{""broad_income"": 160000, ""taxable_income"": 132300}
```"
2026-06-08 13:22:02,2199101.0,,63111.0,61622.586,0.23700002,0.2334699568770406,1,61623.0,63111.0,0.0014521198990297744,0.0,google/gemma-4-26B-A4B-it,"```json
{""broad_income"": 63111, ""taxable_income"": 61623}
```"
2026-06-08 13:22:02,2199101.0,,63111.0,61622.586,0.23700002,0.2334699568770406,2,61623.0,63111.0,0.0014521198990297744,0.0,google/gemma-4-26B-A4B-it,"```json
{""broad_income"": 63111, ""taxable_income"": 61623}
```"
2026-06-08 13:22:07,2093501.0,,185762.0,163478.16,0.337,0.3326784315591891,1,163478.0,185762.0,-0.00015015243338251962,0.0,google/gemma-4-26B-A4B-it,"```json
{""broad_income"": 185762, ""taxable_income"": 163478}
```"
2026-06-08 13:22:07,2093501.0,,185762.0,163478.16,0.337,0.3326784315591891,2,163478.0,185762.0,-0.00015015243338251962,0.0,google/gemma-4-26B-A4B-it,"```json
{""broad_income"": 185762, ""taxable_income"": 163478}
```"
2026-06-08 13:22:15,532901.0,,60600.0,65962.15,0.334,0.3208545917489954,1,65962.0,60600.0,-0.00011521170588827081,0.0,google/gemma-4-26B-A4B-it,"```json
{""broad_income"": 60600, ""taxable_income"": 65962}
```"
2026-06-08 13:22:15,532901.0,,60600.0,65962.15,0.334,0.3208545917489954,2,65962.0,60600.0,-0.00011521170588827081,0.0,google/gemma-4-26B-A4B-it,"```json
{""broad_income"": 60600, ""taxable_income"": 65962}
```"
2026-06-08 13:22:20,5004701.0,,245500.0,99553.36,0.084193364,0.112080136553468,1,115000.0,245500.0,-5.095462786653681,-0.0,google/gemma-4-26B-A4B-it,"```json
{""broad_income"": 245500, ""taxable_income"": 115000}
```"
2026-06-08 13:22:20,5004701.0,,245500.0,99553.36,0.084193364,0.112080136553468,2,115000.0,245500.0,-5.095462786653681,-0.0,google/gemma-4-26B-A4B-it,"```json
{""broad_income"": 245500, ""taxable_income"": 115000}
```"
2026-06-08 13:22:39,4272901.0,,726025.0,669197.0,0.431,0.4494768384953786,1,669197.0,726025.0,-0.0,-0.0,google/gemma-4-26B-A4B-it,"```json
{""broad_income"": 726025, ""taxable_income"": 669197}
```"
2026-06-08 13:22:39,4272901.0,,726025.0,669197.0,0.431,0.4494768384953786,2,669197.0,726025.0,-0.0,-0.0,google/gemma-4-26B-A4B-it,"```json
{""broad_income"": 726025, ""taxable_income"": 669197}
```"
2026-06-08 13:22:45,689202.0,,65903.0,44264.04,0.3054038,0.2962809727620874,1,44264.0,65903.0,-6.88037159367928e-05,0.0,google/gemma-4-26B-A4B-it,"```json
{""broad_income"": 65903, ""taxable_income"": 44264}
```"
2026-06-08 13:22:45,689202.0,,65903.0,44264.04,0.3054038,0.2962809727620874,2,44264.0,65903.0,-6.88037159367928e-05,0.0,google/gemma-4-26B-A4B-it,"```json
{""broad_income"": 65903, ""taxable_income"": 44264}
```"
2026-06-08 13:23:06,2058702.0,,119253.0,99457.4,0.357,0.3522081980428067,1,99457.0,119253.0,-0.0005396783572563392,0.0,google/gemma-4-26B-A4B-it,"```json
{""broad_income"": 119253, ""taxable_income"": 99457}
```"
2026-06-08 13:23:06,2058702.0,,119253.0,99457.4,0.357,0.3522081980428067,2,99457.0,119253.0,-0.0005396783572563392,0.0,google/gemma-4-26B-A4B-it,"```json
{""broad_income"": 119253, ""taxable_income"": 99457}
```"
2026-06-08 13:23:11,8136201.0,,153006.0,120694.08,0.4225,0.4188721763805187,1,120694.0,153006.0,-0.00010551394062424328,0.0,google/gemma-4-26B-A4B-it,"```json
{""broad_income"": 153006, ""taxable_income"": 120694}
```"
2026-06-08 13:23:11,8136201.0,,153006.0,120694.08,0.4225,0.4188721763805187,2,120694.0,153006.0,-0.00010551394062424328,0.0,google/gemma-4-26B-A4B-it,"```json
{""broad_income"": 153006, ""taxable_income"": 120694}
```"
2026-06-08 13:23:16,1819901.0,,51086.0,62600.484,0.346,0.3403109261618691,1,62600.0,51086.0,-0.0008887995959039627,0.0,google/gemma-4-26B-A4B-it,"```json
{""broad_income"": 51086, ""taxable_income"": 62600}
```"
2026-06-08 13:23:16,1819901.0,,51086.0,62600.484,0.346,0.3403109261618691,2,62600.0,51086.0,-0.0008887995959039627,0.0,google/gemma-4-26B-A4B-it,"```json
{""broad_income"": 51086, ""taxable_income"": 62600}
```"
2026-06-08 13:23:21,1248301.0,,25000.0,11150.0,0.2272,0.240227060837189,1,11150.0,25000.0,-0.0,-0.0,google/gemma-4-26B-A4B-it,"```json
{""broad_income"": 25000, ""taxable_income"": 11150}
```"
2026-06-08 13:23:21,1248301.0,,25000.0,11150.0,0.2272,0.240227060837189,2,11150.0,25000.0,-0.0,-0.0,google/gemma-4-26B-A4B-it,"```json
{""broad_income"": 25000, ""taxable_income"": 11150}
```"
2026-06-08 13:23:26,4177501.0,,138007.0,102844.76,0.36049756,0.3567736230630711,1,102845.0,138007.0,0.0004007457827320666,0.0,google/gemma-4-26B-A4B-it,"```json
{""broad_income"": 138007, ""taxable_income"": 102845}
```"
2026-06-08 13:23:26,4177501.0,,138007.0,102844.76,0.36049756,0.3567736230630711,2,102845.0,138007.0,0.0004007457827320666,0.0,google/gemma-4-26B-A4B-it,"```json
{""broad_income"": 138007, ""taxable_income"": 102845}
```"
2026-06-08 13:23:31,8637401.0,,66901.0,50266.68,0.38950002,0.3850105768955604,1,50267.0,66901.0,0.0008656911113271682,0.0,google/gemma-4-26B-A4B-it,"```json
{""broad_income"": 66901, ""taxable_income"": 50267}
```"
2026-06-08 13:23:31,8637401.0,,66901.0,50266.68,0.38950002,0.3850105768955604,2,50267.0,66901.0,0.0008656911113271682,0.0,google/gemma-4-26B-A4B-it,"```json
{""broad_income"": 66901, ""taxable_income"": 50267}
```"
2026-06-08 13:23:38,1835601.0,,136354.0,93340.72,0.3465,0.3580671599005268,1,93341.0,136354.0,-0.0001694750370494972,-0.0,google/gemma-4-26B-A4B-it,"```json
{""broad_income"": 136354, ""taxable_income"": 93341}
```"
2026-06-08 13:23:38,1835601.0,,136354.0,93340.72,0.3465,0.3580671599005268,2,89674.0,136354.0,2.219348242331129,-0.0,google/gemma-4-26B-A4B-it,"```json
{""broad_income"": 136354, ""taxable_income"": 89674}
```"
2026-06-08 13:23:43,5948801.0,,53000.0,34710.0,0.24399999,0.2079014669735678,1,34710.0,53000.0,0.0,0.0,google/gemma-4-26B-A4B-it,"```json
{""broad_income"": 53000, ""taxable_income"": 34710}
```"
2026-06-08 13:23:43,5948801.0,,53000.0,34710.0,0.24399999,0.2079014669735678,2,34710.0,53000.0,0.0,0.0,google/gemma-4-26B-A4B-it,"```json
{""broad_income"": 53000, ""taxable_income"": 34710}
```"
2026-06-08 13:23:48,6568801.0,,119312.0,98332.16,0.2965,0.2881168764158202,1,98332.0,119312.0,-0.00013654714896249042,0.0,google/gemma-4-26B-A4B-it,"```json
{""broad_income"": 119312, ""taxable_income"": 98332}
```"
2026-06-08 13:23:48,6568801.0,,119312.0,98332.16,0.2965,0.2881168764158202,2,98332.0,119312.0,-0.00013654714896249042,0.0,google/gemma-4-26B-A4B-it,"```json
{""broad_income"": 119312, ""taxable_income"": 98332}
```"
2026-06-08 13:23:53,1809301.0,,287053.0,246024.34,0.3135,0.3336442703607621,1,246024.0,287053.0,4.709663101239291e-05,-0.0,google/gemma-4-26B-A4B-it,"```json
{""broad_income"": 287053, ""taxable_income"": 246024}
```"
2026-06-08 13:23:53,1809301.0,,287053.0,246024.34,0.3135,0.3336442703607621,2,246024.0,287053.0,4.709663101239291e-05,-0.0,google/gemma-4-26B-A4B-it,"```json
{""broad_income"": 287053, ""taxable_income"": 246024}
```"
2026-06-08 13:23:58,6322202.0,,41600.0,27750.0,0.1965,0.1832026510109208,1,27750.0,41600.0,0.0,0.0,google/gemma-4-26B-A4B-it,"```json
{""broad_income"": 41600, ""taxable_income"": 27750}
```"
2026-06-08 13:23:58,6322202.0,,41600.0,27750.0,0.1965,0.1832026510109208,2,27750.0,41600.0,0.0,0.0,google/gemma-4-26B-A4B-it,"```json
{""broad_income"": 41600, ""taxable_income"": 27750}
```"
2026-06-08 13:24:03,2683601.0,,81340.0,56941.438,0.1965,0.2158423069118166,1,53000.0,81340.0,2.875437151912855,-0.0,google/gemma-4-26B-A4B-it,"```json
{""broad_income"": 81340, ""taxable_income"": 53000}
```"
2026-06-08 13:24:03,2683601.0,,81340.0,56941.438,0.1965,0.2158423069118166,2,54124.0,81340.0,2.055434056912998,-0.0,google/gemma-4-26B-A4B-it,"```json
{""broad_income"": 81340, ""taxable_income"": 54124}
```"
2026-06-08 13:24:08,5214501.0,,52000.0,24300.0,0.23667492,0.2215061195336169,1,24300.0,52000.0,0.0,0.0,google/gemma-4-26B-A4B-it,"```json
{""broad_income"": 52000, ""taxable_income"": 24300}
```"
2026-06-08 13:24:08,5214501.0,,52000.0,24300.0,0.23667492,0.2215061195336169,2,24300.0,52000.0,0.0,0.0,google/gemma-4-26B-A4B-it,"```json
{""broad_income"": 52000, ""taxable_income"": 24300}
```"
2026-06-08 13:24:13,5239501.0,,30000.0,9200.0,0.39980006,0.3821611154335131,1,9200.0,30000.0,0.0,0.0,google/gemma-4-26B-A4B-it,"```json
{""broad_income"": 30000, ""taxable_income"": 9200}
```"
2026-06-08 13:24:13,5239501.0,,30000.0,9200.0,0.39980006,0.3821611154335131,2,9200.0,30000.0,0.0,0.0,google/gemma-4-26B-A4B-it,"```json
{""broad_income"": 30000, ""taxable_income"": 9200}
```"
2026-06-08 13:24:18,4496401.0,,53040.0,37340.0,0.1965,0.2128174934941392,1,35460.0,53040.0,2.479225148120343,-0.0,google/gemma-4-26B-A4B-it,"```json
{""broad_income"": 53040, ""taxable_income"": 35460}
```"
2026-06-08 13:24:18,4496401.0,,53040.0,37340.0,0.1965,0.2128174934941392,2,35478.0,53040.0,2.455487886063872,-0.0,google/gemma-4-26B-A4B-it,"```json
{""broad_income"": 53040, ""taxable_income"": 35478}
```"
2026-06-08 13:24:23,920401.0,,150021.0,126199.28,0.39464062,0.3798839152623103,1,126199.0,150021.0,-9.101752937977836e-05,0.0,google/gemma-4-26B-A4B-it,"```json
{""broad_income"": 150021, ""taxable_income"": 126199}
```"
2026-06-08 13:24:23,920401.0,,150021.0,126199.28,0.39464062,0.3798839152623103,2,126199.0,150021.0,-9.101752937977836e-05,0.0,google/gemma-4-26B-A4B-it,"```json
{""broad_income"": 150021, ""taxable_income"": 126199}
```"
2026-06-08 13:24:28,7592002.0,,40000.0,19200.0,0.35630006,0.3496229866606056,1,19200.0,40000.0,0.0,0.0,google/gemma-4-26B-A4B-it,"```json
{""broad_income"": 40000, ""taxable_income"": 19200}
```"
2026-06-08 13:24:28,7592002.0,,40000.0,19200.0,0.35630006,0.3496229866606056,2,19200.0,40000.0,0.0,0.0,google/gemma-4-26B-A4B-it,"```json
{""broad_income"": 40000, ""taxable_income"": 19200}
```"
2026-06-08 13:24:33,2332101.0,,87006.0,73154.08,0.3645,0.3513043747077422,1,73154.0,87006.0,-5.266681001732302e-05,0.0,google/gemma-4-26B-A4B-it,"```json
{""broad_income"": 87006, ""taxable_income"": 73154}
```"
2026-06-08 13:24:33,2332101.0,,87006.0,73154.08,0.3645,0.3513043747077422,2,73154.0,87006.0,-5.266681001732302e-05,0.0,google/gemma-4-26B-A4B-it,"```json
{""broad_income"": 87006, ""taxable_income"": 73154}
```"
2026-06-08 13:24:38,1484501.0,,115107.0,87308.76,0.23153588,0.1942176594977965,1,87309.0,115107.0,5.6605168808872375e-05,0.0,google/gemma-4-26B-A4B-it,"```json
{""broad_income"": 115107, ""taxable_income"": 87309}
```"
2026-06-08 13:24:38,1484501.0,,115107.0,87308.76,0.23153588,0.1942176594977965,2,87309.0,115107.0,5.6605168808872375e-05,0.0,google/gemma-4-26B-A4B-it,"```json
{""broad_income"": 115107, ""taxable_income"": 87309}
```"
2026-06-08 13:24:43,610001.0,,64405.0,49725.4,0.3565,0.3604356264969047,1,49725.0,64405.0,0.0013152744428037945,-0.0,google/gemma-4-26B-A4B-it,"```json
{""broad_income"": 64405, ""taxable_income"": 49725}
```"
2026-06-08 13:24:43,610001.0,,64405.0,49725.4,0.3565,0.3604356264969047,2,49725.0,64405.0,0.0013152744428037945,-0.0,google/gemma-4-26B-A4B-it,"```json
{""broad_income"": 64405, ""taxable_income"": 49725}
```"
2026-06-08 13:24:48,4835601.0,,47000.0,33150.0,0.1965,0.2114989193510313,1,31000.0,47000.0,3.4744081759830063,-0.0,google/gemma-4-26B-A4B-it,"```json
{""broad_income"": 47000, ""taxable_income"": 31000}
```"
2026-06-08 13:24:48,4835601.0,,47000.0,33150.0,0.1965,0.2114989193510313,2,31250.0,47000.0,3.070407225287308,-0.0,google/gemma-4-26B-A4B-it,"```json
{""broad_income"": 47000, ""taxable_income"": 31250}
```"
2026-06-08 13:24:53,6015701.0,,303254.0,254012.72,0.2635,0.279697394718132,1,254013.0,303254.0,-5.0122203077933334e-05,-0.0,google/gemma-4-26B-A4B-it,"```json
{""broad_income"": 303254, ""taxable_income"": 254013}
```"
2026-06-08 13:24:53,6015701.0,,303254.0,254012.72,0.2635,0.279697394718132,2,254013.0,303254.0,-5.0122203077933334e-05,-0.0,google/gemma-4-26B-A4B-it,"```json
{""broad_income"": 303254, ""taxable_income"": 254013}
```"
2026-06-08 13:24:58,361901.0,,467300.0,422264.0,0.4235,0.4351387757932953,1,422264.0,467300.0,-0.0,-0.0,google/gemma-4-26B-A4B-it,"```json
{""broad_income"": 467300, ""taxable_income"": 422264}
```"
2026-06-08 13:24:58,361901.0,,467300.0,422264.0,0.4235,0.4351387757932953,2,422264.0,467300.0,-0.0,-0.0,google/gemma-4-26B-A4B-it,"```json
{""broad_income"": 467300, ""taxable_income"": 422264}
```"
2026-06-08 13:25:03,4325901.0,,100000.0,72300.0,0.254,0.2554365700091636,1,72300.0,100000.0,-0.0,-0.0,google/gemma-4-26B-A4B-it,"```json
{""broad_income"": 100000, ""taxable_income"": 72300}
```"
2026-06-08 13:25:03,4325901.0,,100000.0,72300.0,0.254,0.2554365700091636,2,72300.0,100000.0,-0.0,-0.0,google/gemma-4-26B-A4B-it,"```json
{""broad_income"": 100000, ""taxable_income"": 72300}
```"
2026-06-08 13:25:08,1736001.0,,98015.0,70310.84,0.228,0.2213875941820545,1,70311.0,98015.0,0.0002656779412352214,0.0,google/gemma-4-26B-A4B-it,"```json
{""broad_income"": 98015, ""taxable_income"": 70311}
```"
2026-06-08 13:25:08,1736001.0,,98015.0,70310.84,0.228,0.2213875941820545,2,70311.0,98015.0,0.0002656779412352214,0.0,google/gemma-4-26B-A4B-it,"```json
{""broad_income"": 98015, ""taxable_income"": 70311}
```"
2026-06-08 13:25:13,5455901.0,,45001.0,55462.83,0.3465,0.3419639327882341,1,55463.0,45001.0,0.0004415836720374175,0.0,google/gemma-4-26B-A4B-it,"```json
{""broad_income"": 45001, ""taxable_income"": 55463}
```"
2026-06-08 13:25:13,5455901.0,,45001.0,55462.83,0.3465,0.3419639327882341,2,55463.0,45001.0,0.0004415836720374175,0.0,google/gemma-4-26B-A4B-it,"```json
{""broad_income"": 45001, ""taxable_income"": 55463}
```"
2026-06-08 13:25:18,1412701.0,,111372.0,67272.96,0.22719994,0.2110523428450913,1,67273.0,111372.0,2.8456317325178476e-05,0.0,google/gemma-4-26B-A4B-it,"```json
{""broad_income"": 111372, ""taxable_income"": 67273}
```"
2026-06-08 13:25:18,1412701.0,,111372.0,67272.96,0.22719994,0.2110523428450913,2,67273.0,111372.0,2.8456317325178476e-05,0.0,google/gemma-4-26B-A4B-it,"```json
{""broad_income"": 111372, ""taxable_income"": 67273}
```"
2026-06-08 13:25:23,6110401.0,,94494.0,65435.92,0.1965,0.1962387853840526,1,65436.0,94494.0,0.0037606436413208074,0.0,google/gemma-4-26B-A4B-it,"```json
{""broad_income"": 94494, ""taxable_income"": 65436}
```"
2026-06-08 13:25:23,6110401.0,,94494.0,65435.92,0.1965,0.1962387853840526,2,65436.0,94494.0,0.0037606436413208074,0.0,google/gemma-4-26B-A4B-it,"```json
{""broad_income"": 94494, ""taxable_income"": 65436}
```"
2026-06-08 13:25:28,3072201.0,,239051.0,186054.69,0.30389944,0.2781390491919742,1,186055.0,239051.0,4.502364044894635e-05,0.0,google/gemma-4-26B-A4B-it,"```json
{""broad_income"": 239051, ""taxable_income"": 186055}
```"
2026-06-08 13:25:28,3072201.0,,239051.0,186054.69,0.30389944,0.2781390491919742,2,186055.0,239051.0,4.502364044894635e-05,0.0,google/gemma-4-26B-A4B-it,"```json
{""broad_income"": 239051, ""taxable_income"": 186055}
```"
2026-06-08 13:25:33,8329701.0,,89409.0,50456.117,0.2495,0.2544492686759707,1,48456.0,89409.0,6.011062479964019,-0.0,google/gemma-4-26B-A4B-it,"```json
{""broad_income"": 89409, ""taxable_income"": 48456}
```"
2026-06-08 13:25:33,8329701.0,,89409.0,50456.117,0.2495,0.2544492686759707,2,50456.0,89409.0,0.0003516265849177793,-0.0,google/gemma-4-26B-A4B-it,"```json
{""broad_income"": 89409, ""taxable_income"": 50456}
```"
2026-06-08 13:25:39,1207801.0,,429025.0,398805.0,0.45720118,0.4190045195106314,1,398805.0,429025.0,0.0,0.0,google/gemma-4-26B-A4B-it,"```json
{""broad_income"": 429025, ""taxable_income"": 398805}
```"
2026-06-08 13:25:39,1207801.0,,429025.0,398805.0,0.45720118,0.4190045195106314,2,398805.0,429025.0,0.0,0.0,google/gemma-4-26B-A4B-it,"```json
{""broad_income"": 429025, ""taxable_income"": 398805}
```"
2026-06-08 13:25:44,2465801.0,,321254.0,244474.69,0.4145,0.4052697924710109,1,244475.0,321254.0,8.043465871905175e-05,0.0,google/gemma-4-26B-A4B-it,"```json
{""broad_income"": 321254, ""taxable_income"": 244475}
```"
2026-06-08 13:25:44,2465801.0,,321254.0,244474.69,0.4145,0.4052697924710109,2,244475.0,321254.0,8.043465871905175e-05,0.0,google/gemma-4-26B-A4B-it,"```json
{""broad_income"": 321254, ""taxable_income"": 244475}
```"
2026-06-08 13:25:49,1053404.0,,23010.0,9156.801,0.0,0.0212009704765736,1,9157.0,23010.0,-0.0010250700841351048,-0.0,google/gemma-4-26B-A4B-it,"```json
{""broad_income"": 23010, ""taxable_income"": 9157}
```"
2026-06-08 13:25:49,1053404.0,,23010.0,9156.801,0.0,0.0212009704765736,2,0.0,23010.0,47.1676521178578,-0.0,google/gemma-4-26B-A4B-it,"```json
{""broad_income"": 23010, ""taxable_income"": 0}
```"
2026-06-08 13:25:54,8255501.0,,102503.0,56142.04,0.2095,0.2303827406437347,1,56142.0,102503.0,2.6970325107729215e-05,-0.0,google/gemma-4-26B-A4B-it,"```json
{""broad_income"": 102503, ""taxable_income"": 56142}
```"
2026-06-08 13:25:54,8255501.0,,102503.0,56142.04,0.2095,0.2303827406437347,2,52500.0,102503.0,2.455675071330251,-0.0,google/gemma-4-26B-A4B-it,"```json
{""broad_income"": 102503, ""taxable_income"": 52500}
```"
2026-06-08 13:25:59,7933301.0,,60156.0,39756.4,0.2805,0.2717689720060554,1,39756.0,60156.0,-0.0008291218444144017,0.0,google/gemma-4-26B-A4B-it,"```json
{""broad_income"": 60156, ""taxable_income"": 39756}
```"
2026-06-08 13:25:59,7933301.0,,60156.0,39756.4,0.2805,0.2717689720060554,2,39756.0,60156.0,-0.0008291218444144017,0.0,google/gemma-4-26B-A4B-it,"```json
{""broad_income"": 60156, ""taxable_income"": 39756}
```"
2026-06-08 13:26:04,1933201.0,,304860.0,257370.4,0.3135,0.3173244744214089,1,257370.0,304860.0,0.00027897814019526467,-0.0,google/gemma-4-26B-A4B-it,"```json
{""broad_income"": 304860, ""taxable_income"": 257370}
```"
2026-06-08 13:26:04,1933201.0,,304860.0,257370.4,0.3135,0.3173244744214089,2,257370.0,304860.0,0.00027897814019526467,-0.0,google/gemma-4-26B-A4B-it,"```json
{""broad_income"": 304860, ""taxable_income"": 257370}
```"
2026-06-08 13:26:09,5741601.0,,185000.0,157300.0,0.339,0.3270951939906925,1,157300.0,185000.0,0.0,0.0,google/gemma-4-26B-A4B-it,"```json
{""broad_income"": 185000, ""taxable_income"": 157300}
```"
2026-06-08 13:26:09,5741601.0,,185000.0,157300.0,0.339,0.3270951939906925,2,157300.0,185000.0,0.0,0.0,google/gemma-4-26B-A4B-it,"```json
{""broad_income"": 185000, ""taxable_income"": 157300}
```"
2026-06-08 13:26:14,7395801.0,,715023.0,615815.6,0.3985,0.391341391649264,1,615816.0,715023.0,5.4577838760586217e-05,0.0,google/gemma-4-26B-A4B-it,"```json
{""broad_income"": 715023, ""taxable_income"": 615816}
```"
2026-06-08 13:26:14,7395801.0,,715023.0,615815.6,0.3985,0.391341391649264,2,615816.0,715023.0,5.4577838760586217e-05,0.0,google/gemma-4-26B-A4B-it,"```json
{""broad_income"": 715023, ""taxable_income"": 615816}
```"
2026-06-08 13:26:19,4621103.0,,35000.0,21150.0,0.1965,0.1979616231087685,1,21150.0,35000.0,-0.0,-0.0,google/gemma-4-26B-A4B-it,"```json
{""broad_income"": 35000, ""taxable_income"": 21150}
```"
2026-06-08 13:26:19,4621103.0,,35000.0,21150.0,0.1965,0.1979616231087685,2,21150.0,35000.0,-0.0,-0.0,google/gemma-4-26B-A4B-it,"```json
{""broad_income"": 35000, ""taxable_income"": 21150}
```"
2026-06-08 13:26:24,4450301.0,,85000.0,71150.0,0.2965,0.3112364182488529,1,71150.0,85000.0,-0.0,-0.0,google/gemma-4-26B-A4B-it,"```json
{""broad_income"": 85000, ""taxable_income"": 71150}
```"
2026-06-08 13:26:24,4450301.0,,85000.0,71150.0,0.2965,0.3112364182488529,2,71150.0,85000.0,-0.0,-0.0,google/gemma-4-26B-A4B-it,"```json
{""broad_income"": 85000, ""taxable_income"": 71150}
```"
2026-06-08 13:26:30,1834801.0,,72000.0,47608.742,0.36581764,0.3893858063479749,1,45728.0,72000.0,1.0629941640069769,-0.0,google/gemma-4-26B-A4B-it,"```json
{""broad_income"": 72000, ""taxable_income"": 45728}
```"
2026-06-08 13:26:30,1834801.0,,72000.0,47608.742,0.36581764,0.3893858063479749,2,45228.0,72000.0,1.3455938411575317,-0.0,google/gemma-4-26B-A4B-it,"```json
{""broad_income"": 72000, ""taxable_income"": 45228}
```"
2026-06-08 13:26:36,934001.0,,35360.0,21510.0,0.2515,0.2598089592594441,1,21510.0,35360.0,-0.0,-0.0,google/gemma-4-26B-A4B-it,"```json
{""broad_income"": 35360, ""taxable_income"": 21510}
```"
2026-06-08 13:26:36,934001.0,,35360.0,21510.0,0.2515,0.2598089592594441,2,21510.0,35360.0,-0.0,-0.0,google/gemma-4-26B-A4B-it,"```json
{""broad_income"": 35360, ""taxable_income"": 21510}
```"
2026-06-08 13:26:41,8076801.0,,19012.0,5158.16,0.19864008,0.1812980327656144,1,5158.0,19012.0,-0.0014333505782850907,0.0,google/gemma-4-26B-A4B-it,"```json
{""broad_income"": 19012, ""taxable_income"": 5158}
```"
2026-06-08 13:26:41,8076801.0,,19012.0,5158.16,0.19864008,0.1812980327656144,2,5158.0,19012.0,-0.0014333505782850907,0.0,google/gemma-4-26B-A4B-it,"```json
{""broad_income"": 19012, ""taxable_income"": 5158}
```"
2026-06-08 13:26:46,8095701.0,,22000.0,8150.0,0.21864006,0.2144467702830403,1,8150.0,22000.0,0.0,0.0,google/gemma-4-26B-A4B-it,"```json
{""broad_income"": 22000, ""taxable_income"": 8150}
```"
2026-06-08 13:26:46,8095701.0,,22000.0,8150.0,0.21864006,0.2144467702830403,2,8150.0,22000.0,0.0,0.0,google/gemma-4-26B-A4B-it,"```json
{""broad_income"": 22000, ""taxable_income"": 8150}
```"
2026-06-08 13:26:51,5232501.0,,535697.0,481253.97,0.40482616,0.4230762813788586,1,481254.0,535697.0,-2.032942086888031e-06,-0.0,google/gemma-4-26B-A4B-it,"```json
{""broad_income"": 535697, ""taxable_income"": 481254}
```"
2026-06-08 13:26:51,5232501.0,,535697.0,481253.97,0.40482616,0.4230762813788586,2,481254.0,535697.0,-2.032942086888031e-06,-0.0,google/gemma-4-26B-A4B-it,"```json
{""broad_income"": 535697, ""taxable_income"": 481254}
```"
2026-06-08 13:26:57,2444901.0,,90150.0,55831.64,0.34230345,0.3394497693695157,1,55832.0,90150.0,0.001486080419690493,0.0,google/gemma-4-26B-A4B-it,"```json
{""broad_income"": 90150, ""taxable_income"": 55832}
```"
2026-06-08 13:26:57,2444901.0,,90150.0,55831.64,0.34230345,0.3394497693695157,2,55832.0,90150.0,0.001486080419690493,0.0,google/gemma-4-26B-A4B-it,"```json
{""broad_income"": 90150, ""taxable_income"": 55832}
```"
2026-06-08 13:27:02,2532201.0,,48000.0,34150.0,0.244515,0.2372022994314659,1,34150.0,48000.0,0.0,0.0,google/gemma-4-26B-A4B-it,"```json
{""broad_income"": 48000, ""taxable_income"": 34150}
```"
2026-06-08 13:27:02,2532201.0,,48000.0,34150.0,0.244515,0.2372022994314659,2,34150.0,48000.0,0.0,0.0,google/gemma-4-26B-A4B-it,"```json
{""broad_income"": 48000, ""taxable_income"": 34150}
```"
2026-06-08 13:27:07,6312301.0,,316450.0,278126.0,0.2635,0.2795955188368706,1,278126.0,316450.0,-0.0,-0.0,google/gemma-4-26B-A4B-it,"```json
{""broad_income"": 316450, ""taxable_income"": 278126}
```"
2026-06-08 13:27:07,6312301.0,,316450.0,278126.0,0.2635,0.2795955188368706,2,278126.0,316450.0,-0.0,-0.0,google/gemma-4-26B-A4B-it,"```json
{""broad_income"": 316450, ""taxable_income"": 278126}
```"
2026-06-08 13:27:12,8076001.0,,100181.0,86273.08,0.4025,0.4001993466521235,1,86273.0,100181.0,-0.0002408249105695523,0.0,google/gemma-4-26B-A4B-it,"```json
{""broad_income"": 100181, ""taxable_income"": 86273}
```"
2026-06-08 13:27:12,8076001.0,,100181.0,86273.08,0.4025,0.4001993466521235,2,86273.0,100181.0,-0.0002408249105695523,0.0,google/gemma-4-26B-A4B-it,"```json
{""broad_income"": 100181, ""taxable_income"": 86273}
```"
2026-06-08 13:27:17,8012201.0,,72002.0,52041.36,0.2495,0.2484071001752941,1,52041.0,72002.0,-0.004750334626217975,0.0,google/gemma-4-26B-A4B-it,"```json
{""broad_income"": 72002, ""taxable_income"": 52041}
```"
2026-06-08 13:27:17,8012201.0,,72002.0,52041.36,0.2495,0.2484071001752941,2,52041.0,72002.0,-0.004750334626217975,0.0,google/gemma-4-26B-A4B-it,"```json
{""broad_income"": 72002, ""taxable_income"": 52041}
```"
2026-06-08 13:27:22,7050201.0,,162002.0,134301.36,0.345,0.3634512953766007,1,134301.0,162002.0,9.515607695912123e-05,-0.0,google/gemma-4-26B-A4B-it,"```json
{""broad_income"": 162002, ""taxable_income"": 134301}
```"
2026-06-08 13:27:22,7050201.0,,162002.0,134301.36,0.345,0.3634512953766007,2,134301.0,162002.0,9.515607695912123e-05,-0.0,google/gemma-4-26B-A4B-it,"```json
{""broad_income"": 162002, ""taxable_income"": 134301}
```"
2026-06-08 13:27:28,5382401.0,,25000.0,11150.0,0.2465,0.2397299631440486,1,11150.0,25000.0,0.0,0.0,google/gemma-4-26B-A4B-it,"```json
{""broad_income"": 25000, ""taxable_income"": 11150}
```"
2026-06-08 13:27:28,5382401.0,,25000.0,11150.0,0.2465,0.2397299631440486,2,11150.0,25000.0,0.0,0.0,google/gemma-4-26B-A4B-it,"```json
{""broad_income"": 25000, ""taxable_income"": 11150}
```"
2026-06-08 13:27:33,885701.0,,31203.0,17352.04,0.2868402,0.2767715616178905,1,17352.0,31203.0,-0.00016327720684535286,0.0,google/gemma-4-26B-A4B-it,"```json
{""broad_income"": 31203, ""taxable_income"": 17352}
```"
2026-06-08 13:27:33,885701.0,,31203.0,17352.04,0.2868402,0.2767715616178905,2,17352.0,31203.0,-0.00016327720684535286,0.0,google/gemma-4-26B-A4B-it,"```json
{""broad_income"": 31203, ""taxable_income"": 17352}
```"
2026-06-08 13:27:38,1327401.0,,51000.0,28880.0,0.44380003,0.4285344707765224,1,28880.0,51000.0,0.0,0.0,google/gemma-4-26B-A4B-it,"```json
{""broad_income"": 51000, ""taxable_income"": 28880}
```"
2026-06-08 13:27:38,1327401.0,,51000.0,28880.0,0.44380003,0.4285344707765224,2,28880.0,51000.0,0.0,0.0,google/gemma-4-26B-A4B-it,"```json
{""broad_income"": 51000, ""taxable_income"": 28880}
```"
2026-06-08 13:27:43,8084001.0,,134064.0,97757.5,0.38950002,0.3732026335316466,1,97758.0,134064.0,0.00019159651594262083,0.0,google/gemma-4-26B-A4B-it,"```json
{""broad_income"": 134064, ""taxable_income"": 97758}
```"
2026-06-08 13:27:43,8084001.0,,134064.0,97757.5,0.38950002,0.3732026335316466,2,97758.0,134064.0,0.00019159651594262083,0.0,google/gemma-4-26B-A4B-it,"```json
{""broad_income"": 134064, ""taxable_income"": 97758}
```"
2026-06-08 13:27:48,4980301.0,,48433.0,32702.367,0.2985,0.3222495425690234,1,32702.0,48433.0,0.00033148150524205263,-0.0,google/gemma-4-26B-A4B-it,"```json
{""broad_income"": 48433, ""taxable_income"": 32702}
```"
2026-06-08 13:27:48,4980301.0,,48433.0,32702.367,0.2985,0.3222495425690234,2,32702.0,48433.0,0.00033148150524205263,-0.0,google/gemma-4-26B-A4B-it,"```json
{""broad_income"": 48433, ""taxable_income"": 32702}
```"
2026-06-08 13:27:53,225202.0,,76074.0,62216.32,0.3625,0.3772727435400409,1,62216.0,76074.0,0.00022195487555189247,-0.0,google/gemma-4-26B-A4B-it,"```json
{""broad_income"": 76074, ""taxable_income"": 62216}
```"
2026-06-08 13:27:53,225202.0,,76074.0,62216.32,0.3625,0.3772727435400409,2,62216.0,76074.0,0.00022195487555189247,-0.0,google/gemma-4-26B-A4B-it,"```json
{""broad_income"": 76074, ""taxable_income"": 62216}
```"
2026-06-08 13:27:58,979801.0,,214091.0,205261.88,0.31449997,0.3056164884022986,1,205262.0,214091.0,4.511253321509458e-05,0.0,google/gemma-4-26B-A4B-it,"```json
{""broad_income"": 214091, ""taxable_income"": 205262}
```"
2026-06-08 13:27:58,979801.0,,214091.0,205261.88,0.31449997,0.3056164884022986,2,205262.0,214091.0,4.511253321509458e-05,0.0,google/gemma-4-26B-A4B-it,"```json
{""broad_income"": 214091, ""taxable_income"": 205262}
```"
2026-06-08 13:28:03,5821903.0,,93010.0,62996.797,0.339,0.3304549118799459,1,62997.0,93010.0,0.0002492656776312898,0.0,google/gemma-4-26B-A4B-it,"```json
{""broad_income"": 93010, ""taxable_income"": 62997}
```"
2026-06-08 13:28:03,5821903.0,,93010.0,62996.797,0.339,0.3304549118799459,2,62997.0,93010.0,0.0002492656776312898,0.0,google/gemma-4-26B-A4B-it,"```json
{""broad_income"": 93010, ""taxable_income"": 62997}
```"
2026-06-08 13:28:08,107403.0,,150001.0,136150.69,0.3165,0.3076422260005844,1,136151.0,150001.0,0.00017569353083567296,0.0,google/gemma-4-26B-A4B-it,"```json
{""broad_income"": 150001, ""taxable_income"": 136151}
```"
2026-06-08 13:28:08,107403.0,,150001.0,136150.69,0.3165,0.3076422260005844,2,136151.0,150001.0,0.00017569353083567296,0.0,google/gemma-4-26B-A4B-it,"```json
{""broad_income"": 150001, ""taxable_income"": 136151}
```"
2026-06-08 13:28:13,1322701.0,,48102.0,32668.16,0.22719994,0.149062499084342,1,37164.0,51244.0,1.3611128578407066,0.6460275073839127,google/gemma-4-26B-A4B-it,"```json
{""broad_income"": 51244, ""taxable_income"": 37164}
```"
2026-06-08 13:28:13,1322701.0,,48102.0,32668.16,0.22719994,0.149062499084342,2,32668.0,48102.0,-4.8439903834281244e-05,0.0,google/gemma-4-26B-A4B-it,"```json
{""broad_income"": 48102, ""taxable_income"": 32668}
```"
2026-06-08 13:28:18,4574401.0,,41800.0,36496.0,0.1965,0.1849500140690286,1,36496.0,41800.0,0.0,0.0,google/gemma-4-26B-A4B-it,"```json
{""broad_income"": 41800, ""taxable_income"": 36496}
```"
2026-06-08 13:28:18,4574401.0,,41800.0,36496.0,0.1965,0.1849500140690286,2,36496.0,41800.0,0.0,0.0,google/gemma-4-26B-A4B-it,"```json
{""broad_income"": 41800, ""taxable_income"": 36496}
```"
2026-06-08 13:28:23,6120501.0,,15000.0,72.22754,0.28680098,0.2662637349631442,1,72.0,15000.0,-0.1094015520296216,0.0,google/gemma-4-26B-A4B-it,"```json
{""broad_income"": 15000, ""taxable_income"": 72}
```"
2026-06-08 13:28:23,6120501.0,,15000.0,72.22754,0.28680098,0.2662637349631442,2,72.0,15000.0,-0.1094015520296216,0.0,google/gemma-4-26B-A4B-it,"```json
{""broad_income"": 15000, ""taxable_income"": 72}
```"
2026-06-08 13:28:28,5592101.0,,84950.0,52092.0,0.3435,0.3276542546444513,1,52092.0,84950.0,0.0,0.0,google/gemma-4-26B-A4B-it,"```json
{""broad_income"": 84950, ""taxable_income"": 52092}
```"
2026-06-08 13:28:28,5592101.0,,84950.0,52092.0,0.3435,0.3276542546444513,2,52092.0,84950.0,0.0,0.0,google/gemma-4-26B-A4B-it,"```json
{""broad_income"": 84950, ""taxable_income"": 52092}
```"
2026-06-08 13:28:33,1726901.0,,58785.0,31073.602,0.45966065,0.4507893032414604,1,31074.0,58785.0,0.000780132757532169,0.0,google/gemma-4-26B-A4B-it,"```json
{""broad_income"": 58785, ""taxable_income"": 31074}
```"
2026-06-08 13:28:33,1726901.0,,58785.0,31073.602,0.45966065,0.4507893032414604,2,31074.0,58785.0,0.000780132757532169,0.0,google/gemma-4-26B-A4B-it,"```json
{""broad_income"": 58785, ""taxable_income"": 31074}
```"
2026-06-08 13:28:39,6232201.0,,36201.0,6900.6797,0.0765,0.0837501677915318,1,6821.0,36201.0,1.4707696608928913,-0.0,google/gemma-4-26B-A4B-it,"```json
{""broad_income"": 36201, ""taxable_income"": 6821}
```"
2026-06-08 13:28:39,6232201.0,,36201.0,6900.6797,0.0765,0.0837501677915318,2,6821.0,36201.0,1.4707696608928913,-0.0,google/gemma-4-26B-A4B-it,"```json
{""broad_income"": 36201, ""taxable_income"": 6821}
```"
2026-06-08 13:28:44,1807201.0,,75020.0,45813.6,0.24599999,0.2315568313226617,1,45814.0,75020.0,0.00045580044066145776,0.0,google/gemma-4-26B-A4B-it,"```json
{""broad_income"": 75020, ""taxable_income"": 45814}
```"
2026-06-08 13:28:44,1807201.0,,75020.0,45813.6,0.24599999,0.2315568313226617,2,45814.0,75020.0,0.00045580044066145776,0.0,google/gemma-4-26B-A4B-it,"```json
{""broad_income"": 75020, ""taxable_income"": 45814}
```"
2026-06-08 13:28:49,2366201.0,,55000.0,41150.0,0.2645,0.2785739487757468,1,41150.0,55000.0,-0.0,-0.0,google/gemma-4-26B-A4B-it,"```json
{""broad_income"": 55000, ""taxable_income"": 41150}
```"
2026-06-08 13:28:49,2366201.0,,55000.0,41150.0,0.2645,0.2785739487757468,2,41150.0,55000.0,-0.0,-0.0,google/gemma-4-26B-A4B-it,"```json
{""broad_income"": 55000, ""taxable_income"": 41150}
```"
2026-06-08 13:28:55,6450802.0,,20000.0,6150.0,0.1765,0.1813610619099775,1,6150.0,20000.0,-0.0,-0.0,google/gemma-4-26B-A4B-it,"```json
{""broad_income"": 20000, ""taxable_income"": 6150}
```"
2026-06-08 13:28:55,6450802.0,,20000.0,6150.0,0.1765,0.1813610619099775,2,6150.0,20000.0,-0.0,-0.0,google/gemma-4-26B-A4B-it,"```json
{""broad_income"": 20000, ""taxable_income"": 6150}
```"
2026-06-08 13:29:00,5553401.0,,24000.0,10150.0,0.2135,0.2229858162533025,1,10150.0,24000.0,-0.0,-0.0,google/gemma-4-26B-A4B-it,"```json
{""broad_income"": 24000, ""taxable_income"": 10150}
```"
2026-06-08 13:29:00,5553401.0,,24000.0,10150.0,0.2135,0.2229858162533025,2,10150.0,24000.0,-0.0,-0.0,google/gemma-4-26B-A4B-it,"```json
{""broad_income"": 24000, ""taxable_income"": 10150}
```"
2026-06-08 13:29:05,7742401.0,,216600.0,113900.0,0.30230078,0.3008712602561096,1,113900.0,216600.0,0.0,0.0,google/gemma-4-26B-A4B-it,"```json
{""broad_income"": 216600, ""taxable_income"": 113900}
```"
2026-06-08 13:29:05,7742401.0,,216600.0,113900.0,0.30230078,0.3008712602561096,2,113900.0,216600.0,0.0,0.0,google/gemma-4-26B-A4B-it,"```json
{""broad_income"": 216600, ""taxable_income"": 113900}
```"
2026-06-08 13:29:10,5710001.0,,72000.0,44300.0,0.2315,0.18571780023832,1,44300.0,72000.0,0.0,0.0,google/gemma-4-26B-A4B-it,"```json
{""broad_income"": 72000, ""taxable_income"": 44300}
```"
2026-06-08 13:29:10,5710001.0,,72000.0,44300.0,0.2315,0.18571780023832,2,44300.0,72000.0,0.0,0.0,google/gemma-4-26B-A4B-it,"```json
{""broad_income"": 72000, ""taxable_income"": 44300}
```"
2026-06-08 13:29:15,4700301.0,,36032.0,27197.2,0.2985,0.3304945753159264,1,27197.0,36032.0,0.00016123418481762378,-0.0,google/gemma-4-26B-A4B-it,"```json
{""broad_income"": 36032, ""taxable_income"": 27197}
```"
2026-06-08 13:29:15,4700301.0,,36032.0,27197.2,0.2985,0.3304945753159264,2,27197.0,36032.0,0.00016123418481762378,-0.0,google/gemma-4-26B-A4B-it,"```json
{""broad_income"": 36032, ""taxable_income"": 27197}
```"
2026-06-08 13:29:21,938301.0,,217865.0,168826.6,0.31063965,0.2987105673652126,1,168827.0,217865.0,0.0001369173139161835,0.0,google/gemma-4-26B-A4B-it,"```json
{""broad_income"": 217865, ""taxable_income"": 168827}
```"
2026-06-08 13:29:21,938301.0,,217865.0,168826.6,0.31063965,0.2987105673652126,2,168827.0,217865.0,0.0001369173139161835,0.0,google/gemma-4-26B-A4B-it,"```json
{""broad_income"": 217865, ""taxable_income"": 168827}
```"
2026-06-08 13:29:26,2682901.0,,153910.0,110918.8,0.31599998,0.3430288911589414,1,110919.0,153910.0,-4.563020257878273e-05,-0.0,google/gemma-4-26B-A4B-it,"```json
{""broad_income"": 153910, ""taxable_income"": 110919}
```"
2026-06-08 13:29:26,2682901.0,,153910.0,110918.8,0.31599998,0.3430288911589414,2,110919.0,153910.0,-4.563020257878273e-05,-0.0,google/gemma-4-26B-A4B-it,"```json
{""broad_income"": 153910, ""taxable_income"": 110919}
```"
2026-06-08 13:29:31,1969001.0,,142184.0,118557.28,0.3665,0.3739303220702997,1,118557.0,142184.0,0.00020135795171880654,-0.0,google/gemma-4-26B-A4B-it,"```json
{""broad_income"": 142184, ""taxable_income"": 118557}
```"
2026-06-08 13:29:31,1969001.0,,142184.0,118557.28,0.3665,0.3739303220702997,2,121414.0,142184.0,-2.054368885130503,-0.0,google/gemma-4-26B-A4B-it,"```json
{""broad_income"": 142184, ""taxable_income"": 121414}
```"
2026-06-08 13:29:36,1843301.0,,233701.0,191495.36,0.4545,0.4394454040179708,1,191495.0,233701.0,-6.811925592157041e-05,0.0,google/gemma-4-26B-A4B-it,"```json
{""broad_income"": 233701, ""taxable_income"": 191495}
```"
2026-06-08 13:29:36,1843301.0,,233701.0,191495.36,0.4545,0.4394454040179708,2,191495.0,233701.0,-6.811925592157041e-05,0.0,google/gemma-4-26B-A4B-it,"```json
{""broad_income"": 233701, ""taxable_income"": 191495}
```"
2026-06-08 13:29:41,8562701.0,,44490.0,17280.645,0.288375,0.2872305189840642,1,17281.0,44490.0,0.012773532231006239,0.0,google/gemma-4-26B-A4B-it,"```json
{""broad_income"": 44490, ""taxable_income"": 17281}
```"
2026-06-08 13:29:41,8562701.0,,44490.0,17280.645,0.288375,0.2872305189840642,2,17281.0,44490.0,0.012773532231006239,0.0,google/gemma-4-26B-A4B-it,"```json
{""broad_income"": 44490, ""taxable_income"": 17281}
```"
2026-06-08 13:29:46,3205301.0,,33000.0,12200.0,0.522245,0.5349455709111391,1,12200.0,33000.0,-0.0,-0.0,google/gemma-4-26B-A4B-it,"```json
{""broad_income"": 33000, ""taxable_income"": 12200}
```"
2026-06-08 13:29:46,3205301.0,,33000.0,12200.0,0.522245,0.5349455709111391,2,12200.0,33000.0,-0.0,-0.0,google/gemma-4-26B-A4B-it,"```json
{""broad_income"": 33000, ""taxable_income"": 12200}
```"
2026-06-08 13:29:51,8043101.0,,30000.0,2451.75,0.23949999,0.2529788207421908,1,2452.0,30000.0,-0.005753217979712176,-0.0,google/gemma-4-26B-A4B-it,"```json
{""broad_income"": 30000, ""taxable_income"": 2452}
```"
2026-06-08 13:29:51,8043101.0,,30000.0,2451.75,0.23949999,0.2529788207421908,2,2748.0,30000.0,-6.817563305958929,-0.0,google/gemma-4-26B-A4B-it,"```json
{""broad_income"": 30000, ""taxable_income"": 2748}
```"
2026-06-08 13:29:56,5197701.0,,136996.0,109449.2,0.3506748,0.3395485600308345,1,109449.0,136996.0,-0.00010664272639727656,0.0,google/gemma-4-26B-A4B-it,"```json
{""broad_income"": 136996, ""taxable_income"": 109449}
```"
2026-06-08 13:29:56,5197701.0,,136996.0,109449.2,0.3506748,0.3395485600308345,2,109449.0,136996.0,-0.00010664272639727656,0.0,google/gemma-4-26B-A4B-it,"```json
{""broad_income"": 136996, ""taxable_income"": 109449}
```"
2026-06-08 13:30:02,7122401.0,,43712.0,15517.02,0.19904076,0.2135329080895742,1,15517.0,43712.0,7.123596770456715e-05,-0.0,google/gemma-4-26B-A4B-it,"```json
{""broad_income"": 43712, ""taxable_income"": 15517}
```"
2026-06-08 13:30:02,7122401.0,,43712.0,15517.02,0.19904076,0.2135329080895742,2,15517.0,43712.0,7.123596770456715e-05,-0.0,google/gemma-4-26B-A4B-it,"```json
{""broad_income"": 43712, ""taxable_income"": 15517}
```"
2026-06-08 13:30:07,4272901.0,,726025.0,669197.0,0.431,0.4279125244776455,1,669197.0,726025.0,0.0,0.0,google/gemma-4-26B-A4B-it,"```json
{""broad_income"": 726025, ""taxable_income"": 669197}
```"
2026-06-08 13:30:07,4272901.0,,726025.0,669197.0,0.431,0.4279125244776455,2,675517.0,726025.0,1.7404912173504046,0.0,google/gemma-4-26B-A4B-it,"```json
{""broad_income"": 726025, ""taxable_income"": 675517}
```"
2026-06-08 13:30:12,4750901.0,,34001.0,18650.68,0.1965,0.1955840573398647,1,18651.0,34001.0,0.01505126152302766,0.0,google/gemma-4-26B-A4B-it,"```json
{""broad_income"": 34001, ""taxable_income"": 18651}
```"
2026-06-08 13:30:12,4750901.0,,34001.0,18650.68,0.1965,0.1955840573398647,2,18651.0,34001.0,0.01505126152302766,0.0,google/gemma-4-26B-A4B-it,"```json
{""broad_income"": 34001, ""taxable_income"": 18651}
```"
2026-06-08 13:30:17,4206801.0,,37440.0,23590.0,0.2605,0.2724488871714633,1,23590.0,37440.0,-0.0,-0.0,google/gemma-4-26B-A4B-it,"```json
{""broad_income"": 37440, ""taxable_income"": 23590}
```"
2026-06-08 13:30:17,4206801.0,,37440.0,23590.0,0.2605,0.2724488871714633,2,23590.0,37440.0,-0.0,-0.0,google/gemma-4-26B-A4B-it,"```json
{""broad_income"": 37440, ""taxable_income"": 23590}
```"
2026-06-08 13:30:22,1535301.0,,104351.0,73488.68,0.222625,0.1798219592347381,1,73489.0,104351.0,7.908342662675094e-05,0.0,google/gemma-4-26B-A4B-it,"```json
{""broad_income"": 104351, ""taxable_income"": 73489}
```"
2026-06-08 13:30:22,1535301.0,,104351.0,73488.68,0.222625,0.1798219592347381,2,73489.0,104351.0,7.908342662675094e-05,0.0,google/gemma-4-26B-A4B-it,"```json
{""broad_income"": 104351, ""taxable_income"": 73489}
```"
2026-06-08 13:30:27,6292701.0,,58200.0,20436.0,0.17650011,0.1633453125375655,1,20436.0,58200.0,0.0,0.0,google/gemma-4-26B-A4B-it,"```json
{""broad_income"": 58200, ""taxable_income"": 20436}
```"
2026-06-08 13:30:27,6292701.0,,58200.0,20436.0,0.17650011,0.1633453125375655,2,20436.0,58200.0,0.0,0.0,google/gemma-4-26B-A4B-it,"```json
{""broad_income"": 58200, ""taxable_income"": 20436}
```"
2026-06-08 13:30:32,2073701.0,,199004.0,158302.03,0.337,0.3697311925855049,1,158302.0,199004.0,3.838720301831657e-06,-0.0,google/gemma-4-26B-A4B-it,"```json
{""broad_income"": 199004, ""taxable_income"": 158302}
```"
2026-06-08 13:30:32,2073701.0,,199004.0,158302.03,0.337,0.3697311925855049,2,158302.0,199004.0,3.838720301831657e-06,-0.0,google/gemma-4-26B-A4B-it,"```json
{""broad_income"": 199004, ""taxable_income"": 158302}
```"
2026-06-08 13:30:37,414101.0,,67000.0,62020.0,0.34267503,0.3396038509390647,1,62020.0,67000.0,0.0,0.0,google/gemma-4-26B-A4B-it,"```json
{""broad_income"": 67000, ""taxable_income"": 62020}
```"
2026-06-08 13:30:37,414101.0,,67000.0,62020.0,0.34267503,0.3396038509390647,2,62020.0,67000.0,0.0,0.0,google/gemma-4-26B-A4B-it,"```json
{""broad_income"": 67000, ""taxable_income"": 62020}
```"
2026-06-08 13:30:42,5465102.0,,108001.0,94150.68,0.3465,0.3572230261304894,1,95551.0,108001.0,-0.9064253818856115,-0.0,google/gemma-4-26B-A4B-it,"```json
{""broad_income"": 108001, ""taxable_income"": 95551}
```"
2026-06-08 13:30:42,5465102.0,,108001.0,94150.68,0.3465,0.3572230261304894,2,94151.0,108001.0,-0.00020713559915571124,-0.0,google/gemma-4-26B-A4B-it,"```json
{""broad_income"": 108001, ""taxable_income"": 94151}
```"
2026-06-08 13:30:48,1427501.0,,48000.0,27200.0,0.43780017,0.4256906483769337,1,27200.0,48000.0,0.0,0.0,google/gemma-4-26B-A4B-it,"```json
{""broad_income"": 48000, ""taxable_income"": 27200}
```"
2026-06-08 13:30:48,1427501.0,,48000.0,27200.0,0.43780017,0.4256906483769337,2,27200.0,48000.0,0.0,0.0,google/gemma-4-26B-A4B-it,"```json
{""broad_income"": 48000, ""taxable_income"": 27200}
```"
2026-06-08 13:30:53,8364701.0,,135006.0,97304.08,0.3955,0.4073591036449782,1,97304.0,135006.0,4.190862158658559e-05,-0.0,google/gemma-4-26B-A4B-it,"```json
{""broad_income"": 135006, ""taxable_income"": 97304}
```"
2026-06-08 13:30:53,8364701.0,,135006.0,97304.08,0.3955,0.4073591036449782,2,97304.0,135006.0,4.190862158658559e-05,-0.0,google/gemma-4-26B-A4B-it,"```json
{""broad_income"": 135006, ""taxable_income"": 97304}
```"
2026-06-08 13:30:58,8449401.0,,113171.0,75946.28,0.4025,0.4042114531761193,1,75946.0,113171.0,0.0012871359284036357,-0.0,google/gemma-4-26B-A4B-it,"```json
{""broad_income"": 113171, ""taxable_income"": 75946}
```"
2026-06-08 13:30:58,8449401.0,,113171.0,75946.28,0.4025,0.4042114531761193,2,75946.0,113171.0,0.0012871359284036357,-0.0,google/gemma-4-26B-A4B-it,"```json
{""broad_income"": 113171, ""taxable_income"": 75946}
```"
2026-06-08 13:31:03,8194702.0,,96650.0,82784.0,0.4025,0.3949089697615684,1,82784.0,96650.0,0.0,0.0,google/gemma-4-26B-A4B-it,"```json
{""broad_income"": 96650, ""taxable_income"": 82784}
```"
2026-06-08 13:31:03,8194702.0,,96650.0,82784.0,0.4025,0.3949089697615684,2,82784.0,96650.0,0.0,0.0,google/gemma-4-26B-A4B-it,"```json
{""broad_income"": 96650, ""taxable_income"": 82784}
```"
2026-06-08 13:31:08,2794901.0,,50268.0,36332.24,0.1965,0.1789195779412135,1,36332.0,50268.0,-0.00030190871615081593,0.0,google/gemma-4-26B-A4B-it,"```json
{""broad_income"": 50268, ""taxable_income"": 36332}
```"
2026-06-08 13:31:08,2794901.0,,50268.0,36332.24,0.1965,0.1789195779412135,2,36332.0,50268.0,-0.00030190871615081593,0.0,google/gemma-4-26B-A4B-it,"```json
{""broad_income"": 50268, ""taxable_income"": 36332}
```"
2026-06-08 13:31:13,352802.0,,100000.0,86150.0,0.3465,0.3658185811846892,1,86150.0,100000.0,-0.0,-0.0,google/gemma-4-26B-A4B-it,"```json
{""broad_income"": 100000, ""taxable_income"": 86150}
```"
2026-06-08 13:31:13,352802.0,,100000.0,86150.0,0.3465,0.3658185811846892,2,86150.0,100000.0,-0.0,-0.0,google/gemma-4-26B-A4B-it,"```json
{""broad_income"": 100000, ""taxable_income"": 86150}
```"
2026-06-08 13:31:18,8276301.0,,95003.0,78652.04,0.4025,0.4074758112645847,1,78652.0,95003.0,6.106945025542356e-05,-0.0,google/gemma-4-26B-A4B-it,"```json
{""broad_income"": 95003, ""taxable_income"": 78652}
```"
2026-06-08 13:31:18,8276301.0,,95003.0,78652.04,0.4025,0.4074758112645847,2,78652.0,95003.0,6.106945025542356e-05,-0.0,google/gemma-4-26B-A4B-it,"```json
{""broad_income"": 95003, ""taxable_income"": 78652}
```"
2026-06-08 13:31:23,3592605.0,,80000.0,66150.0,0.354,0.361624981584302,1,65500.0,79500.0,0.8324865526858809,0.5295094755785675,google/gemma-4-26B-A4B-it,"```json
{""broad_income"": 79500, ""taxable_income"": 65500}
```"
2026-06-08 13:31:23,3592605.0,,80000.0,66150.0,0.354,0.361624981584302,2,65860.0,79840.0,0.37141707735216223,0.1694430321851416,google/gemma-4-26B-A4B-it,"```json
{""broad_income"": 79840, ""taxable_income"": 65860}
```"
2026-06-08 13:31:28,8522102.0,,31200.0,9200.0,0.37788358,0.3879621925904382,1,8820.0,31200.0,2.549568481715281,-0.0,google/gemma-4-26B-A4B-it,"```json
{""broad_income"": 31200, ""taxable_income"": 8820}
```"
2026-06-08 13:31:28,8522102.0,,31200.0,9200.0,0.37788358,0.3879621925904382,2,8820.0,31200.0,2.549568481715281,-0.0,google/gemma-4-26B-A4B-it,"```json
{""broad_income"": 31200, ""taxable_income"": 8820}
```"
2026-06-08 13:31:34,8504801.0,,43000.0,29150.0,0.2495,0.2156338347791668,1,29150.0,43000.0,0.0,0.0,google/gemma-4-26B-A4B-it,"```json
{""broad_income"": 43000, ""taxable_income"": 29150}
```"
2026-06-08 13:31:34,8504801.0,,43000.0,29150.0,0.2495,0.2156338347791668,2,29150.0,43000.0,0.0,0.0,google/gemma-4-26B-A4B-it,"```json
{""broad_income"": 43000, ""taxable_income"": 29150}
```"
2026-06-08 13:31:40,7762701.0,,25000.0,11150.0,0.20230004,0.194182701681557,1,11150.0,25000.0,0.0,0.0,google/gemma-4-26B-A4B-it,"```json
{""broad_income"": 25000, ""taxable_income"": 11150}
```"
2026-06-08 13:31:40,7762701.0,,25000.0,11150.0,0.20230004,0.194182701681557,2,11150.0,25000.0,0.0,0.0,google/gemma-4-26B-A4B-it,"```json
{""broad_income"": 25000, ""taxable_income"": 11150}
```"
2026-06-08 13:31:45,2158501.0,,103253.0,72096.04,0.23699999,0.2606762275284464,1,68491.0,103253.0,1.611426614271415,-0.0,google/gemma-4-26B-A4B-it,"```json
{""broad_income"": 103253, ""taxable_income"": 68491}
```"
2026-06-08 13:31:45,2158501.0,,103253.0,72096.04,0.23699999,0.2606762275284464,2,68466.0,103253.0,1.6226014321255264,-0.0,google/gemma-4-26B-A4B-it,"```json
{""broad_income"": 103253, ""taxable_income"": 68466}
```"
2026-06-08 13:31:50,3055801.0,,96388.0,54737.266,0.3617351,0.3469197990395138,1,54737.0,96388.0,-0.00020935773870177715,0.0,google/gemma-4-26B-A4B-it,"```json
{""broad_income"": 96388, ""taxable_income"": 54737}
```"
2026-06-08 13:31:50,3055801.0,,96388.0,54737.266,0.3617351,0.3469197990395138,2,54737.0,96388.0,-0.00020935773870177715,0.0,google/gemma-4-26B-A4B-it,"```json
{""broad_income"": 96388, ""taxable_income"": 54737}
```"
2026-06-08 13:31:55,7754001.0,,80100.0,63218.0,0.3022998,0.2642845654983963,1,63218.0,80100.0,0.0,0.0,google/gemma-4-26B-A4B-it,"```json
{""broad_income"": 80100, ""taxable_income"": 63218}
```"
2026-06-08 13:31:55,7754001.0,,80100.0,63218.0,0.3022998,0.2642845654983963,2,63218.0,80100.0,0.0,0.0,google/gemma-4-26B-A4B-it,"```json
{""broad_income"": 80100, ""taxable_income"": 63218}
```"
2026-06-08 13:32:01,2307101.0,,65204.0,51352.72,0.35585988,0.3390171339239617,1,51353.0,65204.0,0.0002085268717621519,0.0,google/gemma-4-26B-A4B-it,"```json
{""broad_income"": 65204, ""taxable_income"": 51353}
```"
2026-06-08 13:32:01,2307101.0,,65204.0,51352.72,0.35585988,0.3390171339239617,2,51353.0,65204.0,0.0002085268717621519,0.0,google/gemma-4-26B-A4B-it,"```json
{""broad_income"": 65204, ""taxable_income"": 51353}
```"
2026-06-08 13:32:06,1384101.0,,41215.0,31875.098,0.32919994,0.3542019009741644,1,31875.0,41215.0,8.24885304923669e-05,-0.0,google/gemma-4-26B-A4B-it,"```json
{""broad_income"": 41215, ""taxable_income"": 31875}
```"
2026-06-08 13:32:06,1384101.0,,41215.0,31875.098,0.32919994,0.3542019009741644,2,31875.0,41215.0,8.24885304923669e-05,-0.0,google/gemma-4-26B-A4B-it,"```json
{""broad_income"": 41215, ""taxable_income"": 31875}
```"
2026-06-08 13:32:12,4630701.0,,42994.0,50157.523,0.3465,0.3543635196937194,1,50158.0,42994.0,-0.0007903344469397935,-0.0,google/gemma-4-26B-A4B-it,"```json
{""broad_income"": 42994, ""taxable_income"": 50158}
```"
2026-06-08 13:32:12,4630701.0,,42994.0,50157.523,0.3465,0.3543635196937194,2,50158.0,42994.0,-0.0007903344469397935,-0.0,google/gemma-4-26B-A4B-it,"```json
{""broad_income"": 42994, ""taxable_income"": 50158}
```"
2026-06-08 13:32:17,8325801.0,,60002.0,32301.36,0.4201001,0.4014390884923375,1,32301.0,60002.0,-0.00034633752247986905,0.0,google/gemma-4-26B-A4B-it,"```json
{""broad_income"": 60002, ""taxable_income"": 32301}
```"
2026-06-08 13:32:17,8325801.0,,60002.0,32301.36,0.4201001,0.4014390884923375,2,32301.0,60002.0,-0.00034633752247986905,0.0,google/gemma-4-26B-A4B-it,"```json
{""broad_income"": 60002, ""taxable_income"": 32301}
```"
2026-06-08 13:32:22,6144401.0,,120601.0,91224.68,0.2965,0.3088366543905071,1,93225.0,120601.0,-1.2504140133744825,-0.0,google/gemma-4-26B-A4B-it,"```json
{""broad_income"": 120601, ""taxable_income"": 93225}
```"
2026-06-08 13:32:22,6144401.0,,120601.0,91224.68,0.2965,0.3088366543905071,2,91225.0,120601.0,-0.0002000342366664169,-0.0,google/gemma-4-26B-A4B-it,"```json
{""broad_income"": 120601, ""taxable_income"": 91225}
```"
2026-06-08 13:32:28,4708302.0,,50001.0,20804.68,0.0,-0.0111572688985706,1,0.0,50001.0,-89.62766866075204,0.0,google/gemma-4-26B-A4B-it,"```json
{""broad_income"": 50001, ""taxable_income"": 0}
```"
2026-06-08 13:32:28,4708302.0,,50001.0,20804.68,0.0,-0.0111572688985706,2,0.0,50001.0,-89.62766866075204,0.0,google/gemma-4-26B-A4B-it,"```json
{""broad_income"": 50001, ""taxable_income"": 0}
```"
2026-06-08 13:32:39,954701.0,,80110.0,19374.8,0.6392401,0.6321855753884756,1,19375.0,65000.0,0.0005278898023306039,-9.645577559605792,google/gemma-4-26B-A4B-it,"```json
{""broad_income"": 65000, ""taxable_income"": 19375}
```"
2026-06-08 13:32:39,954701.0,,80110.0,19374.8,0.6392401,0.6321855753884756,2,0.0,0.0,-51.13879671078888,-51.13879671078888,google/gemma-4-26B-A4B-it,"```json
{""broad_income"": 0, ""taxable_income"": 0}
```"
2026-06-08 13:32:45,5041101.0,,60600.0,33974.996,0.23081934,0.2484388302704161,1,33975.0,60600.0,-5.139674231420951e-06,-0.0,google/gemma-4-26B-A4B-it,"```json
{""broad_income"": 60600, ""taxable_income"": 33975}
```"
2026-06-08 13:32:45,5041101.0,,60600.0,33974.996,0.23081934,0.2484388302704161,2,33975.0,60600.0,-5.139674231420951e-06,-0.0,google/gemma-4-26B-A4B-it,"```json
{""broad_income"": 60600, ""taxable_income"": 33975}
```"
2026-06-08 13:32:51,8663104.0,,40001.0,26150.68,0.0,0.0014870271793422,1,26151.0,40001.0,-0.008229019386648303,-0.0,google/gemma-4-26B-A4B-it,"{""broad_income"": 40001, ""taxable_income"": 26151}"
2026-06-08 13:32:51,8663104.0,,40001.0,26150.68,0.0,0.0014870271793422,2,26151.0,40001.0,-0.008229019386648303,-0.0,google/gemma-4-26B-A4B-it,"{""broad_income"": 40001, ""taxable_income"": 26151}"
2026-06-08 13:32:57,1223201.0,,243518.0,212230.95,0.48359594,0.5237905470229003,1,212231.0,243518.0,-3.026795971154549e-06,-0.0,google/gemma-4-26B-A4B-it,"```json
{""broad_income"": 243518, ""taxable_income"": 212231}
```"
2026-06-08 13:32:57,1223201.0,,243518.0,212230.95,0.48359594,0.5237905470229003,2,212231.0,243518.0,-3.026795971154549e-06,-0.0,google/gemma-4-26B-A4B-it,"```json
{""broad_income"": 243518, ""taxable_income"": 212231}
```"
2026-06-08 13:33:02,4368701.0,,60000.0,32300.0,0.4646001,0.4781374291276249,1,32300.0,60000.0,-0.0,-0.0,google/gemma-4-26B-A4B-it,"```json
{""broad_income"": 60000, ""taxable_income"": 32300}
```"
2026-06-08 13:33:02,4368701.0,,60000.0,32300.0,0.4646001,0.4781374291276249,2,32300.0,60000.0,-0.0,-0.0,google/gemma-4-26B-A4B-it,"```json
{""broad_income"": 60000, ""taxable_income"": 32300}
```"
2026-06-08 13:33:08,7934601.0,,30157.0,16086.76,0.2805,0.2850287516177614,1,16087.0,30157.0,-0.002370254366015804,-0.0,google/gemma-4-26B-A4B-it,"```json
{""broad_income"": 30157, ""taxable_income"": 16087}
```"
2026-06-08 13:33:08,7934601.0,,30157.0,16086.76,0.2805,0.2850287516177614,2,16087.0,30157.0,-0.002370254366015804,-0.0,google/gemma-4-26B-A4B-it,"```json
{""broad_income"": 30157, ""taxable_income"": 16087}
```"
2026-06-08 13:33:14,6415401.0,,690303.0,646501.75,0.3735,0.392741714837503,1,642711.0,686370.0,0.1909117857967122,0.1855075060475828,google/gemma-4-26B-A4B-it,"```json
{""broad_income"": 686370.0, ""taxable_income"": 642711.0}
```"
2026-06-08 13:33:14,6415401.0,,690303.0,646501.75,0.3735,0.392741714837503,2,646502.0,690303.0,-1.2590634161888294e-05,-0.0,google/gemma-4-26B-A4B-it,"```json
{""broad_income"": 690303, ""taxable_income"": 646502}
```"
2026-06-08 13:33:20,6150201.0,,30113.0,9147.887,0.17628905,0.1419778424531149,1,11213.0,30113.0,5.419533008266846,0.0,google/gemma-4-26B-A4B-it,"```json
{""broad_income"": 30113, ""taxable_income"": 11213}
```"
2026-06-08 13:33:20,6150201.0,,30113.0,9147.887,0.17628905,0.1419778424531149,2,11148.0,30113.0,5.248951715360674,0.0,google/gemma-4-26B-A4B-it,"```json
{""broad_income"": 30113, ""taxable_income"": 11148}
```"
2026-06-08 13:33:47,6187801.0,,35010.0,14206.801,0.3362998,0.3596102075560039,1,14207.0,35010.0,-0.00039882177405948805,-0.0,google/gemma-4-26B-A4B-it,"```json
{""broad_income"": 35010, ""taxable_income"": 14207}
```"
2026-06-08 13:33:47,6187801.0,,35010.0,14206.801,0.3362998,0.3596102075560039,2,14207.0,35010.0,-0.00039882177405948805,-0.0,google/gemma-4-26B-A4B-it,"```json
{""broad_income"": 35010, ""taxable_income"": 14207}
```"
2026-06-08 13:33:53,2600301.0,,20000.0,3789.6357,0.24596001,0.254209814044238,1,3790.0,20000.0,-0.008786430017244341,-0.0,google/gemma-4-26B-A4B-it,"```json
{""broad_income"": 20000, ""taxable_income"": 3790}
```"
2026-06-08 13:33:53,2600301.0,,20000.0,3789.6357,0.24596001,0.254209814044238,2,3790.0,20000.0,-0.008786430017244341,-0.0,google/gemma-4-26B-A4B-it,"```json
{""broad_income"": 20000, ""taxable_income"": 3790}
```"
2026-06-08 13:33:58,2153502.0,,156743.0,126036.03,0.337,0.3348294420318716,1,126036.0,156743.0,-7.270573670296407e-05,0.0,google/gemma-4-26B-A4B-it,"```json
{""broad_income"": 156743, ""taxable_income"": 126036}
```"
2026-06-08 13:33:58,2153502.0,,156743.0,126036.03,0.337,0.3348294420318716,2,126036.0,156743.0,-7.270573670296407e-05,0.0,google/gemma-4-26B-A4B-it,"```json
{""broad_income"": 156743, ""taxable_income"": 126036}
```"
2026-06-08 13:34:05,7346201.0,,197230.0,183739.83,0.320875,0.2959586760362808,1,183740.0,197230.0,2.521804180089e-05,0.0,google/gemma-4-26B-A4B-it,"```json
{""broad_income"": 197230, ""taxable_income"": 183740}
```"
2026-06-08 13:34:05,7346201.0,,197230.0,183739.83,0.320875,0.2959586760362808,2,183740.0,197230.0,2.521804180089e-05,0.0,google/gemma-4-26B-A4B-it,"```json
{""broad_income"": 197230, ""taxable_income"": 183740}
```"
2026-06-08 13:34:11,7348503.0,,41600.0,27750.0,0.0,0.0352599129628166,1,27750.0,41600.0,-0.0,-0.0,google/gemma-4-26B-A4B-it,"```json
{""broad_income"": 41600, ""taxable_income"": 27750}
```"
2026-06-08 13:34:11,7348503.0,,41600.0,27750.0,0.0,0.0352599129628166,2,27750.0,41600.0,-0.0,-0.0,google/gemma-4-26B-A4B-it,"```json
{""broad_income"": 41600, ""taxable_income"": 27750}
```"
2026-06-08 13:34:16,7843601.0,,39005.0,25153.398,0.20230004,0.1787631226338988,1,25153.0,39005.0,-0.0005362612264090142,0.0,google/gemma-4-26B-A4B-it,"```json
{""broad_income"": 39005, ""taxable_income"": 25153}
```"
2026-06-08 13:34:16,7843601.0,,39005.0,25153.398,0.20230004,0.1787631226338988,2,25153.0,39005.0,-0.0005362612264090142,0.0,google/gemma-4-26B-A4B-it,"```json
{""broad_income"": 39005, ""taxable_income"": 25153}
```"
2026-06-08 13:34:21,8181701.0,,159595.0,145554.6,0.4225,0.4223522555908107,1,145555.0,159595.0,0.010741748727688813,0.0,google/gemma-4-26B-A4B-it,"```json
{""broad_income"": 159595, ""taxable_income"": 145555}
```"
2026-06-08 13:34:21,8181701.0,,159595.0,145554.6,0.4225,0.4223522555908107,2,145555.0,159595.0,0.010741748727688813,0.0,google/gemma-4-26B-A4B-it,"```json
{""broad_income"": 159595, ""taxable_income"": 145555}
```"
2026-06-08 13:34:26,4322801.0,,94055.0,78887.4,0.354,0.3696584405562034,1,78887.0,94055.0,0.00020918780297893465,-0.0,google/gemma-4-26B-A4B-it,"```json
{""broad_income"": 94055, ""taxable_income"": 78887}
```"
2026-06-08 13:34:26,4322801.0,,94055.0,78887.4,0.354,0.3696584405562034,2,78887.0,94055.0,0.00020918780297893465,-0.0,google/gemma-4-26B-A4B-it,"```json
{""broad_income"": 94055, ""taxable_income"": 78887}
```"
2026-06-08 13:34:32,4267301.0,,40025.0,12317.0,0.234,0.2250993722087304,1,12317.0,40025.0,0.0,0.0,google/gemma-4-26B-A4B-it,"```json
{""broad_income"": 40025, ""taxable_income"": 12317}
```"
2026-06-08 13:34:32,4267301.0,,40025.0,12317.0,0.234,0.2250993722087304,2,12317.0,40025.0,0.0,0.0,google/gemma-4-26B-A4B-it,"```json
{""broad_income"": 40025, ""taxable_income"": 12317}
```"
2026-06-08 13:34:38,7206601.0,,188751.0,142070.69,0.3455,0.3422347601007969,1,142071.0,188751.0,0.00043737278927281946,0.0,google/gemma-4-26B-A4B-it,"```json
{""broad_income"": 188751, ""taxable_income"": 142071}
```"
2026-06-08 13:34:38,7206601.0,,188751.0,142070.69,0.3455,0.3422347601007969,2,142071.0,188751.0,0.00043737278927281946,0.0,google/gemma-4-26B-A4B-it,"```json
{""broad_income"": 188751, ""taxable_income"": 142071}
```"
2026-06-08 13:34:43,5556601.0,,16500.0,2650.0,0.21057001,0.2223272761082764,1,2650.0,16500.0,-0.0,-0.0,google/gemma-4-26B-A4B-it,"```json
{""broad_income"": 16500, ""taxable_income"": 2650}
```"
2026-06-08 13:34:43,5556601.0,,16500.0,2650.0,0.21057001,0.2223272761082764,2,2650.0,16500.0,-0.0,-0.0,google/gemma-4-26B-A4B-it,"```json
{""broad_income"": 16500, ""taxable_income"": 2650}
```"
2026-06-08 13:34:48,6185402.0,,30001.0,16150.68,0.1965,0.1950966298376237,1,16151.0,30001.0,0.011344172152151477,0.0,google/gemma-4-26B-A4B-it,"```json
{""broad_income"": 30001, ""taxable_income"": 16151}
```"
2026-06-08 13:34:48,6185402.0,,30001.0,16150.68,0.1965,0.1950966298376237,2,16151.0,30001.0,0.011344172152151477,0.0,google/gemma-4-26B-A4B-it,"```json
{""broad_income"": 30001, ""taxable_income"": 16151}
```"
2026-06-08 13:34:53,7144501.0,,119651.0,105590.64,0.3655,0.3715826666437463,1,105591.0,119651.0,-0.0003556433472380291,-0.0,google/gemma-4-26B-A4B-it,"```json
{""broad_income"": 119651, ""taxable_income"": 105591}
```"
2026-06-08 13:34:53,7144501.0,,119651.0,105590.64,0.3655,0.3715826666437463,2,105591.0,119651.0,-0.0003556433472380291,-0.0,google/gemma-4-26B-A4B-it,"```json
{""broad_income"": 119651, ""taxable_income"": 105591}
```"
2026-06-08 13:34:59,8031501.0,,194302.0,159505.36,0.4025,0.4008019597581903,1,159505.0,194302.0,-0.0007941767165423895,0.0,google/gemma-4-26B-A4B-it,"```json
{""broad_income"": 194302, ""taxable_income"": 159505}
```"
2026-06-08 13:34:59,8031501.0,,194302.0,159505.36,0.4025,0.4008019597581903,2,159505.0,194302.0,-0.0007941767165423895,0.0,google/gemma-4-26B-A4B-it,"```json
{""broad_income"": 194302, ""taxable_income"": 159505}
```"
2026-06-08 13:35:04,2433501.0,,174579.0,108638.75,0.3535,0.3427092570001718,1,108639.0,174579.0,0.0001378708422639776,0.0,google/gemma-4-26B-A4B-it,"```json
{""broad_income"": 174579, ""taxable_income"": 108639}
```"
2026-06-08 13:35:04,2433501.0,,174579.0,108638.75,0.3535,0.3427092570001718,2,108639.0,174579.0,0.0001378708422639776,0.0,google/gemma-4-26B-A4B-it,"```json
{""broad_income"": 174579, ""taxable_income"": 108639}
```"
2026-06-08 13:35:09,2923801.0,,40449.0,12747.398,0.44326058,0.4207421146776126,1,13167.0,40449.0,0.8138215531469124,0.0,google/gemma-4-26B-A4B-it,"```json
{""broad_income"": 40449, ""taxable_income"": 13167}
```"
2026-06-08 13:35:09,2923801.0,,40449.0,12747.398,0.44326058,0.4207421146776126,2,12747.0,40449.0,-0.0007719242952889711,0.0,google/gemma-4-26B-A4B-it,"```json
{""broad_income"": 40449, ""taxable_income"": 12747}
```"
2026-06-08 13:35:14,940501.0,,23000.0,18400.0,-0.03797081,-0.0063422754588176,1,18400.0,23000.0,-0.0,-0.0,google/gemma-4-26B-A4B-it,"```json
{""broad_income"": 23000, ""taxable_income"": 18400}
```"
2026-06-08 13:35:14,940501.0,,23000.0,18400.0,-0.03797081,-0.0063422754588176,2,18400.0,23000.0,-0.0,-0.0,google/gemma-4-26B-A4B-it,"```json
{""broad_income"": 23000, ""taxable_income"": 18400}
```"
2026-06-08 13:35:19,4764001.0,,110718.0,75188.24,0.1965,0.152489680662578,1,75188.0,110718.0,-5.827639576446401e-05,0.0,google/gemma-4-26B-A4B-it,"```json
{""broad_income"": 110718, ""taxable_income"": 75188}
```"
2026-06-08 13:35:19,4764001.0,,110718.0,75188.24,0.1965,0.152489680662578,2,75188.0,110718.0,-5.827639576446401e-05,0.0,google/gemma-4-26B-A4B-it,"```json
{""broad_income"": 110718, ""taxable_income"": 75188}
```"
2026-06-08 13:35:24,511502.0,,72800.0,58950.0,0.334,0.365721908470518,1,58950.0,72800.0,-0.0,-0.0,google/gemma-4-26B-A4B-it,"```json
{""broad_income"": 72800, ""taxable_income"": 58950}
```"
2026-06-08 13:35:24,511502.0,,72800.0,58950.0,0.334,0.365721908470518,2,54500.0,72800.0,1.58486079761028,-0.0,google/gemma-4-26B-A4B-it,"```json
{""broad_income"": 72800, ""taxable_income"": 54500}
```"
2026-06-08 13:35:29,3981202.0,,41000.0,23830.0,0.245,0.2478595195912341,1,23830.0,41000.0,-0.0,-0.0,google/gemma-4-26B-A4B-it,"```json
{""broad_income"": 41000, ""taxable_income"": 23830}
```"
2026-06-08 13:35:29,3981202.0,,41000.0,23830.0,0.245,0.2478595195912341,2,23830.0,41000.0,-0.0,-0.0,google/gemma-4-26B-A4B-it,"```json
{""broad_income"": 41000, ""taxable_income"": 23830}
```"
2026-06-08 13:35:35,4533602.0,,27832.0,7632.451,0.2615,0.2505579241435907,1,7632.0,27832.0,-0.003988074801593597,0.0,google/gemma-4-26B-A4B-it,"```json
{""broad_income"": 27832, ""taxable_income"": 7632}
```"
2026-06-08 13:35:35,4533602.0,,27832.0,7632.451,0.2615,0.2505579241435907,2,7632.0,27832.0,-0.003988074801593597,0.0,google/gemma-4-26B-A4B-it,"```json
{""broad_income"": 27832, ""taxable_income"": 7632}
```"
2026-06-08 13:35:40,2103801.0,,141416.0,108112.88,0.357,0.3524671464802573,1,108113.0,141416.0,0.00015745015677478874,0.0,google/gemma-4-26B-A4B-it,"```json
{""broad_income"": 141416, ""taxable_income"": 108113}
```"
2026-06-08 13:35:40,2103801.0,,141416.0,108112.88,0.357,0.3524671464802573,2,108113.0,141416.0,0.00015745015677478874,0.0,google/gemma-4-26B-A4B-it,"```json
{""broad_income"": 141416, ""taxable_income"": 108113}
```"
2026-06-08 13:35:46,4835102.0,,94000.0,66221.0,0.30728027,0.3179807023535341,1,66221.0,94000.0,-0.0,-0.0,google/gemma-4-26B-A4B-it,"```json
{""broad_income"": 94000, ""taxable_income"": 66221}
```"
2026-06-08 13:35:46,4835102.0,,94000.0,66221.0,0.30728027,0.3179807023535341,2,66221.0,94000.0,-0.0,-0.0,google/gemma-4-26B-A4B-it,"```json
{""broad_income"": 94000, ""taxable_income"": 66221}
```"
2026-06-08 13:35:52,452801.0,,36000.0,11200.0,0.42133996,0.4243429701865807,1,11200.0,36000.0,-0.0,-0.0,google/gemma-4-26B-A4B-it,"```json
{""broad_income"": 36000, ""taxable_income"": 11200}
```"
2026-06-08 13:35:52,452801.0,,36000.0,11200.0,0.42133996,0.4243429701865807,2,11200.0,36000.0,-0.0,-0.0,google/gemma-4-26B-A4B-it,"```json
{""broad_income"": 36000, ""taxable_income"": 11200}
```"
2026-06-08 13:35:58,544701.0,,32100.0,20105.5,0.336,0.3441335553034196,1,20106.0,32100.0,-0.0020302185041598136,-0.0,google/gemma-4-26B-A4B-it,"```json
{""broad_income"": 32100, ""taxable_income"": 20106}
```"
2026-06-08 13:35:58,544701.0,,32100.0,20105.5,0.336,0.3441335553034196,2,19786.0,32100.0,1.2973096241581208,-0.0,google/gemma-4-26B-A4B-it,"```json
{""broad_income"": 32100, ""taxable_income"": 19786}
```"
2026-06-08 13:36:04,7433101.0,,381030.0,265914.97,0.28849998,0.2989064243235121,1,265915.0,381030.0,-7.713491754280688e-06,-0.0,google/gemma-4-26B-A4B-it,"```json
{""broad_income"": 381030, ""taxable_income"": 265915}
```"
2026-06-08 13:36:04,7433101.0,,381030.0,265914.97,0.28849998,0.2989064243235121,2,265915.0,381030.0,-7.713491754280688e-06,-0.0,google/gemma-4-26B-A4B-it,"```json
{""broad_income"": 381030, ""taxable_income"": 265915}
```"
2026-06-08 13:36:09,2603502.0,,40446.0,21452.2,0.244515,0.228296833146094,1,21452.0,40446.0,-0.00043429241078079124,0.0,google/gemma-4-26B-A4B-it,"```json
{""broad_income"": 40446, ""taxable_income"": 21452}
```"
2026-06-08 13:36:09,2603502.0,,40446.0,21452.2,0.244515,0.228296833146094,2,18952.0,40446.0,-5.429089427150922,0.0,google/gemma-4-26B-A4B-it,"```json
{""broad_income"": 40446, ""taxable_income"": 18952}
```"
2026-06-08 13:36:14,1135003.0,,35971.0,21906.281,0.22723491,0.2203068003113413,1,21906.0,35971.0,-0.0014307719097792287,0.0,google/gemma-4-26B-A4B-it,"```json
{""broad_income"": 35971, ""taxable_income"": 21906}
```"
2026-06-08 13:36:14,1135003.0,,35971.0,21906.281,0.22723491,0.2203068003113413,2,21906.0,35971.0,-0.0014307719097792287,0.0,google/gemma-4-26B-A4B-it,"```json
{""broad_income"": 35971, ""taxable_income"": 21906}
```"
2026-06-08 13:36:20,4396101.0,,147915.0,98502.2,0.354,0.365094095061799,1,98502.0,147915.0,0.00011822918624142706,-0.0,google/gemma-4-26B-A4B-it,"```json
{""broad_income"": 147915, ""taxable_income"": 98502}
```"
2026-06-08 13:36:20,4396101.0,,147915.0,98502.2,0.354,0.365094095061799,2,98502.0,147915.0,0.00011822918624142706,-0.0,google/gemma-4-26B-A4B-it,"```json
{""broad_income"": 147915, ""taxable_income"": 98502}
```"
2026-06-08 13:36:25,6831501.0,,96013.0,56420.844,0.2545,0.2375437811925395,1,56421.0,96013.0,0.00012156362872867892,0.0,google/gemma-4-26B-A4B-it,"```json
{""broad_income"": 96013, ""taxable_income"": 56421}
```"
2026-06-08 13:36:25,6831501.0,,96013.0,56420.844,0.2545,0.2375437811925395,2,56421.0,96013.0,0.00012156362872867892,0.0,google/gemma-4-26B-A4B-it,"```json
{""broad_income"": 96013, ""taxable_income"": 56421}
```"
2026-06-08 13:36:30,1671901.0,,30001.0,16150.68,0.228,0.2220462639380233,1,16151.0,30001.0,0.002569134779907591,0.0,google/gemma-4-26B-A4B-it,"```json
{""broad_income"": 30001, ""taxable_income"": 16151}
```"
2026-06-08 13:36:30,1671901.0,,30001.0,16150.68,0.228,0.2220462639380233,2,16151.0,30001.0,0.002569134779907591,0.0,google/gemma-4-26B-A4B-it,"```json
{""broad_income"": 30001, ""taxable_income"": 16151}
```"
2026-06-08 13:36:35,5108101.0,,36219.0,42971.473,0.30814746,0.2939440835337137,1,42971.0,36219.0,-0.0005361704082191691,0.0,google/gemma-4-26B-A4B-it,"```json
{""broad_income"": 36219, ""taxable_income"": 42971}
```"
2026-06-08 13:36:35,5108101.0,,36219.0,42971.473,0.30814746,0.2939440835337137,2,42971.0,36219.0,-0.0005361704082191691,0.0,google/gemma-4-26B-A4B-it,"```json
{""broad_income"": 36219, ""taxable_income"": 42971}
```"
2026-06-08 13:36:40,891401.0,,86515.0,72660.2,0.3879795,0.3782696439547894,1,72660.0,86515.0,-0.00017349484881240985,0.0,google/gemma-4-26B-A4B-it,"{""broad_income"": 86515, ""taxable_income"": 72660}"
2026-06-08 13:36:40,891401.0,,86515.0,72660.2,0.3879795,0.3782696439547894,2,72660.0,86515.0,-0.00017349484881240985,0.0,google/gemma-4-26B-A4B-it,"```json
{""broad_income"": 86515, ""taxable_income"": 72660}
```"
2026-06-08 13:36:45,689601.0,,96438.0,82592.06,0.25395924,0.2692617215101921,1,82592.0,96438.0,3.541715274156609e-05,-0.0,google/gemma-4-26B-A4B-it,"```json
{""broad_income"": 96438, ""taxable_income"": 82592}
```"
2026-06-08 13:36:45,689601.0,,96438.0,82592.06,0.25395924,0.2692617215101921,2,82592.0,96438.0,3.541715274156609e-05,-0.0,google/gemma-4-26B-A4B-it,"```json
{""broad_income"": 96438, ""taxable_income"": 82592}
```"
2026-06-08 13:36:50,4465501.0,,132801.0,103100.68,0.29650193,0.3062854250074204,1,103101.0,132801.0,-0.0002231810575886348,-0.0,google/gemma-4-26B-A4B-it,"```json
{""broad_income"": 132801, ""taxable_income"": 103101}
```"
2026-06-08 13:36:50,4465501.0,,132801.0,103100.68,0.29650193,0.3062854250074204,2,103101.0,132801.0,-0.0002231810575886348,-0.0,google/gemma-4-26B-A4B-it,"```json
{""broad_income"": 132801, ""taxable_income"": 103101}
```"
2026-06-08 13:36:55,4526701.0,,16000.0,300.0,0.1765,0.1609704428153022,1,300.0,16000.0,0.0,0.0,google/gemma-4-26B-A4B-it,"```json
{""broad_income"": 16000, ""taxable_income"": 300}
```"
2026-06-08 13:36:55,4526701.0,,16000.0,300.0,0.1765,0.1609704428153022,2,300.0,16000.0,0.0,0.0,google/gemma-4-26B-A4B-it,"```json
{""broad_income"": 16000, ""taxable_income"": 300}
```"
2026-06-08 13:37:00,5295701.0,,77400.0,49700.0,0.23867504,0.2269687173316118,1,49700.0,77400.0,0.0,0.0,google/gemma-4-26B-A4B-it,"```json
{""broad_income"": 77400, ""taxable_income"": 49700}
```"
2026-06-08 13:37:00,5295701.0,,77400.0,49700.0,0.23867504,0.2269687173316118,2,49700.0,77400.0,0.0,0.0,google/gemma-4-26B-A4B-it,"```json
{""broad_income"": 77400, ""taxable_income"": 49700}
```"
2026-06-08 13:37:05,6313101.0,,55007.0,54006.906,0.1965,0.1969197544269844,1,54007.0,55007.0,-0.0033317250321138244,-0.0,google/gemma-4-26B-A4B-it,"```json
{""broad_income"": 55007, ""taxable_income"": 54007}
```"
2026-06-08 13:37:05,6313101.0,,55007.0,54006.906,0.1965,0.1969197544269844,2,54007.0,55007.0,-0.0033317250321138244,-0.0,google/gemma-4-26B-A4B-it,"```json
{""broad_income"": 55007, ""taxable_income"": 54007}
```"
2026-06-08 13:37:10,8579906.0,,63011.0,49157.48,0.38950002,0.3877066840012674,1,49157.0,63011.0,-0.0033241117372783658,0.0,google/gemma-4-26B-A4B-it,"```json
{""broad_income"": 63011, ""taxable_income"": 49157}
```"
2026-06-08 13:37:10,8579906.0,,63011.0,49157.48,0.38950002,0.3877066840012674,2,49157.0,63011.0,-0.0033241117372783658,0.0,google/gemma-4-26B-A4B-it,"```json
{""broad_income"": 63011, ""taxable_income"": 49157}
```"
2026-06-08 13:37:15,4353901.0,,66000.0,42140.0,0.254,0.2297869139201831,1,42140.0,66000.0,0.0,0.0,google/gemma-4-26B-A4B-it,"```json
{""broad_income"": 66000, ""taxable_income"": 42140}
```"
2026-06-08 13:37:15,4353901.0,,66000.0,42140.0,0.254,0.2297869139201831,2,42140.0,66000.0,0.0,0.0,google/gemma-4-26B-A4B-it,"```json
{""broad_income"": 66000, ""taxable_income"": 42140}
```"
2026-06-08 13:37:20,2354301.0,,48150.0,16898.281,0.39157337,0.4005053525511315,1,16898.0,48150.0,0.0011327240994279948,-0.0,google/gemma-4-26B-A4B-it,"```json
{""broad_income"": 48150, ""taxable_income"": 16898}
```"
2026-06-08 13:37:20,2354301.0,,48150.0,16898.281,0.39157337,0.4005053525511315,2,16898.0,48150.0,0.0011327240994279948,-0.0,google/gemma-4-26B-A4B-it,"```json
{""broad_income"": 48150, ""taxable_income"": 16898}
```"
2026-06-08 13:37:26,7127901.0,,40582.0,24951.5,0.3305,0.3212800554426269,1,24952.0,40582.0,0.0014551093023472618,0.0,google/gemma-4-26B-A4B-it,"```json
{""broad_income"": 40582, ""taxable_income"": 24952}
```"
2026-06-08 13:37:26,7127901.0,,40582.0,24951.5,0.3305,0.3212800554426269,2,24952.0,40582.0,0.0014551093023472618,0.0,google/gemma-4-26B-A4B-it,"```json
{""broad_income"": 40582, ""taxable_income"": 24952}
```"
2026-06-08 13:37:32,2009603.0,,25000.0,11150.0,0.24599999,0.2498017068528791,1,11150.0,25000.0,-0.0,-0.0,google/gemma-4-26B-A4B-it,"```json
{""broad_income"": 25000, ""taxable_income"": 11150}
```"
2026-06-08 13:37:32,2009603.0,,25000.0,11150.0,0.24599999,0.2498017068528791,2,11150.0,25000.0,-0.0,-0.0,google/gemma-4-26B-A4B-it,"```json
{""broad_income"": 25000, ""taxable_income"": 11150}
```"
2026-06-08 13:37:38,3650401.0,,67001.0,53150.68,0.354,0.3575059753863399,1,53151.0,67001.0,-0.001109340346097057,-0.0,google/gemma-4-26B-A4B-it,"```json
{""broad_income"": 67001, ""taxable_income"": 53151}
```"
2026-06-08 13:37:38,3650401.0,,67001.0,53150.68,0.354,0.3575059753863399,2,53151.0,67001.0,-0.001109340346097057,-0.0,google/gemma-4-26B-A4B-it,"```json
{""broad_income"": 67001, ""taxable_income"": 53151}
```"
2026-06-08 13:37:43,852701.0,,241876.0,212055.19,0.36303222,0.3452925517754245,1,212055.0,241876.0,-3.217189676016936e-05,0.0,google/gemma-4-26B-A4B-it,"```json
{""broad_income"": 241876, ""taxable_income"": 212055}
```"
2026-06-08 13:37:43,852701.0,,241876.0,212055.19,0.36303222,0.3452925517754245,2,212055.0,241876.0,-3.217189676016936e-05,0.0,google/gemma-4-26B-A4B-it,"```json
{""broad_income"": 241876, ""taxable_income"": 212055}
```"
2026-06-08 13:37:49,421403.0,,47730.0,20028.398,0.2265,0.2103727218233012,1,20028.0,47730.0,-0.0009530947998329885,0.0,google/gemma-4-26B-A4B-it,"```json
{""broad_income"": 47730, ""taxable_income"": 20028}
```"
2026-06-08 13:37:49,421403.0,,47730.0,20028.398,0.2265,0.2103727218233012,2,20028.0,47730.0,-0.0009530947998329885,0.0,google/gemma-4-26B-A4B-it,"```json
{""broad_income"": 47730, ""taxable_income"": 20028}
```"
2026-06-08 13:37:55,8497901.0,,161024.0,125866.31,0.4225,0.4106347215794189,1,125866.0,161024.0,-0.0001198743454165058,0.0,google/gemma-4-26B-A4B-it,"```json
{""broad_income"": 161024, ""taxable_income"": 125866}
```"
2026-06-08 13:37:55,8497901.0,,161024.0,125866.31,0.4225,0.4106347215794189,2,125866.0,161024.0,-0.0001198743454165058,0.0,google/gemma-4-26B-A4B-it,"```json
{""broad_income"": 161024, ""taxable_income"": 125866}
```"
2026-06-08 13:38:00,7598501.0,,150541.0,112667.875,0.2965,0.2731610742372435,1,112668.0,150541.0,3.344206979340763e-05,0.0,google/gemma-4-26B-A4B-it,"```json
{""broad_income"": 150541, ""taxable_income"": 112668}
```"
2026-06-08 13:38:00,7598501.0,,150541.0,112667.875,0.2965,0.2731610742372435,2,112668.0,150541.0,3.344206979340763e-05,0.0,google/gemma-4-26B-A4B-it,"```json
{""broad_income"": 150541, ""taxable_income"": 112668}
```"
2026-06-08 13:38:05,6144101.0,,153050.0,125334.0,0.2965,0.29613046548978,1,125334.0,153050.0,0.0,0.0,google/gemma-4-26B-A4B-it,"```json
{""broad_income"": 153050, ""taxable_income"": 125334}
```"
2026-06-08 13:38:05,6144101.0,,153050.0,125334.0,0.2965,0.29613046548978,2,125334.0,153050.0,0.0,0.0,google/gemma-4-26B-A4B-it,"```json
{""broad_income"": 153050, ""taxable_income"": 125334}
```"
2026-06-08 13:38:10,3292001.0,,120503.0,95132.04,0.36164063,0.3506640524437513,1,95132.0,120503.0,-2.4452961754375425e-05,0.0,google/gemma-4-26B-A4B-it,"```json
{""broad_income"": 120503, ""taxable_income"": 95132}
```"
2026-06-08 13:38:10,3292001.0,,120503.0,95132.04,0.36164063,0.3506640524437513,2,95132.0,120503.0,-2.4452961754375425e-05,0.0,google/gemma-4-26B-A4B-it,"```json
{""broad_income"": 120503, ""taxable_income"": 95132}
```"
2026-06-08 13:38:16,1400701.0,,207171.0,137878.28,0.3272002,0.3323986722474024,1,137878.0,207171.0,0.000262828404209724,-0.0,google/gemma-4-26B-A4B-it,"```json
{""broad_income"": 207171, ""taxable_income"": 137878}
```"
2026-06-08 13:38:16,1400701.0,,207171.0,137878.28,0.3272002,0.3323986722474024,2,137878.0,207171.0,0.000262828404209724,-0.0,google/gemma-4-26B-A4B-it,"```json
{""broad_income"": 207171, ""taxable_income"": 137878}
```"
2026-06-08 13:38:21,1307101.0,,141340.0,112751.2,0.3271997,0.3217250633049173,1,112751.0,141340.0,-0.00021799156803660707,0.0,google/gemma-4-26B-A4B-it,"```json
{""broad_income"": 141340, ""taxable_income"": 112751}
```"
2026-06-08 13:38:21,1307101.0,,141340.0,112751.2,0.3271997,0.3217250633049173,2,112751.0,141340.0,-0.00021799156803660707,0.0,google/gemma-4-26B-A4B-it,"```json
{""broad_income"": 141340, ""taxable_income"": 112751}
```"
2026-06-08 13:38:26,1894201.0,,66000.0,50300.0,0.346,0.3481243374202386,1,50300.0,66000.0,-0.0,-0.0,google/gemma-4-26B-A4B-it,"```json
{""broad_income"": 66000, ""taxable_income"": 50300}
```"
2026-06-08 13:38:26,1894201.0,,66000.0,50300.0,0.346,0.3481243374202386,2,50300.0,66000.0,-0.0,-0.0,google/gemma-4-26B-A4B-it,"```json
{""broad_income"": 66000, ""taxable_income"": 50300}
```"
2026-06-08 13:38:31,4579001.0,,78000.0,50300.0,0.1965,0.1945492326439883,1,50300.0,78000.0,0.0,0.0,google/gemma-4-26B-A4B-it,"```json
{""broad_income"": 78000, ""taxable_income"": 50300}
```"
2026-06-08 13:38:31,4579001.0,,78000.0,50300.0,0.1965,0.1945492326439883,2,50300.0,78000.0,0.0,0.0,google/gemma-4-26B-A4B-it,"```json
{""broad_income"": 78000, ""taxable_income"": 50300}
```"
2026-06-08 13:38:36,6245804.0,,128200.0,97300.0,0.2965,0.2859543839805657,1,97300.0,128200.0,0.0,0.0,google/gemma-4-26B-A4B-it,"```json
{""broad_income"": 128200, ""taxable_income"": 97300}
```"
2026-06-08 13:38:36,6245804.0,,128200.0,97300.0,0.2965,0.2859543839805657,2,97300.0,128200.0,0.0,0.0,google/gemma-4-26B-A4B-it,"```json
{""broad_income"": 128200, ""taxable_income"": 97300}
```"
2026-06-08 13:38:41,5753201.0,,51805.0,37955.0,0.239,0.2544084801946411,1,37955.0,51805.0,-0.0,-0.0,google/gemma-4-26B-A4B-it,"```json
{""broad_income"": 51805, ""taxable_income"": 37955}
```"
2026-06-08 13:38:41,5753201.0,,51805.0,37955.0,0.239,0.2544084801946411,2,37955.0,51805.0,-0.0,-0.0,google/gemma-4-26B-A4B-it,"```json
{""broad_income"": 51805, ""taxable_income"": 37955}
```"
2026-06-08 13:38:47,2064901.0,,25000.0,9300.0,0.317,0.2803215641407323,1,9300.0,25000.0,0.0,0.0,google/gemma-4-26B-A4B-it,"```json
{""broad_income"": 25000, ""taxable_income"": 9300}
```"
2026-06-08 13:38:47,2064901.0,,25000.0,9300.0,0.317,0.2803215641407323,2,9300.0,25000.0,0.0,0.0,google/gemma-4-26B-A4B-it,"```json
{""broad_income"": 25000, ""taxable_income"": 9300}
```"
2026-06-08 13:38:52,8454501.0,,141305.0,134167.56,0.3955,0.4105138481115989,1,134168.0,141305.0,-0.00013204119375074874,-0.0,google/gemma-4-26B-A4B-it,"```json
{""broad_income"": 141305, ""taxable_income"": 134168}
```"
2026-06-08 13:38:52,8454501.0,,141305.0,134167.56,0.3955,0.4105138481115989,2,134168.0,141305.0,-0.00013204119375074874,-0.0,google/gemma-4-26B-A4B-it,"```json
{""broad_income"": 141305, ""taxable_income"": 134168}
```"
2026-06-08 13:38:57,6392701.0,,139410.0,103285.0,0.2965,0.3175336598880557,1,103285.0,139410.0,-0.0,-0.0,google/gemma-4-26B-A4B-it,"```json
{""broad_income"": 139410, ""taxable_income"": 103285}
```"
2026-06-08 13:38:57,6392701.0,,139410.0,103285.0,0.2965,0.3175336598880557,2,103285.0,139410.0,-0.0,-0.0,google/gemma-4-26B-A4B-it,"```json
{""broad_income"": 139410, ""taxable_income"": 103285}
```"
2026-06-08 13:39:02,4617802.0,,28000.0,7200.0,0.3071006,0.2867459964828589,1,7200.0,28000.0,0.0,0.0,google/gemma-4-26B-A4B-it,"```json
{""broad_income"": 28000, ""taxable_income"": 7200}
```"
2026-06-08 13:39:02,4617802.0,,28000.0,7200.0,0.3071006,0.2867459964828589,2,7200.0,28000.0,0.0,0.0,google/gemma-4-26B-A4B-it,"```json
{""broad_income"": 28000, ""taxable_income"": 7200}
```"
2026-06-08 13:39:07,5016801.0,,216642.0,178367.2,0.2965,0.2824379031692983,1,178367.0,216642.0,-5.609562853043223e-05,0.0,google/gemma-4-26B-A4B-it,"```json
{""broad_income"": 216642, ""taxable_income"": 178367}
```"
2026-06-08 13:39:07,5016801.0,,216642.0,178367.2,0.2965,0.2824379031692983,2,178367.0,216642.0,-5.609562853043223e-05,0.0,google/gemma-4-26B-A4B-it,"```json
{""broad_income"": 216642, ""taxable_income"": 178367}
```"
2026-06-08 13:39:13,3541901.0,,48000.0,34150.0,0.254,0.242268891361689,1,34150.0,48000.0,0.0,0.0,google/gemma-4-26B-A4B-it,"```json
{""broad_income"": 48000, ""taxable_income"": 34150}
```"
2026-06-08 13:39:13,3541901.0,,48000.0,34150.0,0.254,0.242268891361689,2,34150.0,48000.0,0.0,0.0,google/gemma-4-26B-A4B-it,"```json
{""broad_income"": 48000, ""taxable_income"": 34150}
```"
2026-06-08 13:39:32,2582003.0,,60000.0,46150.0,0.34436646,0.3445671353946579,1,46150.0,60000.0,-0.0,-0.0,google/gemma-4-26B-A4B-it,"```json
{""broad_income"": 60000, ""taxable_income"": 46150}
```"
2026-06-08 13:39:32,2582003.0,,60000.0,46150.0,0.34436646,0.3445671353946579,2,46150.0,60000.0,-0.0,-0.0,google/gemma-4-26B-A4B-it,"```json
{""broad_income"": 60000, ""taxable_income"": 46150}
```"
2026-06-08 13:39:37,6540201.0,,110000.0,82300.0,0.1965,0.2143229565972536,1,85000.0,110000.0,-1.4790064247120684,-0.0,google/gemma-4-26B-A4B-it,"```json
{""broad_income"": 110000, ""taxable_income"": 85000}
```"
2026-06-08 13:39:37,6540201.0,,110000.0,82300.0,0.1965,0.2143229565972536,2,82300.0,110000.0,-0.0,-0.0,google/gemma-4-26B-A4B-it,"```json
{""broad_income"": 110000, ""taxable_income"": 82300}
```"
2026-06-08 13:39:42,347302.0,,63615.0,30998.2,0.2465,0.2450706929862186,1,30998.0,63615.0,-0.0034013494375836617,0.0,google/gemma-4-26B-A4B-it,"```json
{""broad_income"": 63615, ""taxable_income"": 30998}
```"
2026-06-08 13:39:42,347302.0,,63615.0,30998.2,0.2465,0.2450706929862186,2,30998.0,63615.0,-0.0034013494375836617,0.0,google/gemma-4-26B-A4B-it,"```json
{""broad_income"": 63615, ""taxable_income"": 30998}
```"
2026-06-08 13:39:47,1071602.0,,30000.0,16150.0,0.214,0.2271942165520772,1,16150.0,30000.0,-0.0,-0.0,google/gemma-4-26B-A4B-it,"```json
{""broad_income"": 30000, ""taxable_income"": 16150}
```"
2026-06-08 13:39:47,1071602.0,,30000.0,16150.0,0.214,0.2271942165520772,2,16150.0,30000.0,-0.0,-0.0,google/gemma-4-26B-A4B-it,"```json
{""broad_income"": 30000, ""taxable_income"": 16150}
```"
2026-06-08 13:39:53,645001.0,,368326.0,319251.7,0.32349998,0.3068056036444888,1,319252.0,368326.0,3.807901010261812e-05,0.0,google/gemma-4-26B-A4B-it,"```json
{""broad_income"": 368326, ""taxable_income"": 319252}
```"
2026-06-08 13:39:53,645001.0,,368326.0,319251.7,0.32349998,0.3068056036444888,2,319252.0,368326.0,3.807901010261812e-05,0.0,google/gemma-4-26B-A4B-it,"```json
{""broad_income"": 368326, ""taxable_income"": 319252}
```"
2026-06-08 13:39:58,609901.0,,53566.0,57881.68,0.3015,0.304063237724565,1,57882.0,53566.0,-0.0015065597993884072,-0.0,google/gemma-4-26B-A4B-it,"```json
{""broad_income"": 53566, ""taxable_income"": 57882}
```"
2026-06-08 13:39:58,609901.0,,53566.0,57881.68,0.3015,0.304063237724565,2,57882.0,53566.0,-0.0015065597993884072,-0.0,google/gemma-4-26B-A4B-it,"```json
{""broad_income"": 53566, ""taxable_income"": 57882}
```"
2026-06-08 13:40:03,7776301.0,,98107.0,74845.0,0.3022998,0.3165509769118312,1,74845.0,98107.0,-0.0,-0.0,google/gemma-4-26B-A4B-it,"```json
{""broad_income"": 98107, ""taxable_income"": 74845}
```"
2026-06-08 13:40:03,7776301.0,,98107.0,74845.0,0.3022998,0.3165509769118312,2,74845.0,98107.0,-0.0,-0.0,google/gemma-4-26B-A4B-it,"```json
{""broad_income"": 98107, ""taxable_income"": 74845}
```"
2026-06-08 13:40:08,6194401.0,,164000.0,136300.0,0.2965,0.3021296946078541,1,136300.0,164000.0,-0.0,-0.0,google/gemma-4-26B-A4B-it,"```json
{""broad_income"": 164000, ""taxable_income"": 136300}
```"
2026-06-08 13:40:08,6194401.0,,164000.0,136300.0,0.2965,0.3021296946078541,2,139300.0,164000.0,-2.750455761937409,-0.0,google/gemma-4-26B-A4B-it,"```json
{""broad_income"": 164000, ""taxable_income"": 139300}
```"
2026-06-08 13:40:13,4033301.0,,85509.0,41046.117,0.24467492,0.2368370975111866,1,41046.0,85509.0,-0.0002746959554364463,0.0,google/gemma-4-26B-A4B-it,"```json
{""broad_income"": 85509, ""taxable_income"": 41046}
```"
2026-06-08 13:40:13,4033301.0,,85509.0,41046.117,0.24467492,0.2368370975111866,2,41046.0,85509.0,-0.0002746959554364463,0.0,google/gemma-4-26B-A4B-it,"```json
{""broad_income"": 85509, ""taxable_income"": 41046}
```"
2026-06-08 13:40:18,959602.0,,40000.0,26150.0,0.2515,0.2619747220162923,1,25150.0,40000.0,2.732609697453246,-0.0,google/gemma-4-26B-A4B-it,"```json
{""broad_income"": 40000, ""taxable_income"": 25150}
```"
2026-06-08 13:40:18,959602.0,,40000.0,26150.0,0.2515,0.2619747220162923,2,26150.0,40000.0,-0.0,-0.0,google/gemma-4-26B-A4B-it,"```json
{""broad_income"": 40000, ""taxable_income"": 26150}
```"
2026-06-08 13:40:23,4199701.0,,480000.0,452300.0,0.4075,0.4195548467089551,1,452300.0,480000.0,-0.0,-0.0,google/gemma-4-26B-A4B-it,"```json
{""broad_income"": 480000, ""taxable_income"": 452300}
```"
2026-06-08 13:40:23,4199701.0,,480000.0,452300.0,0.4075,0.4195548467089551,2,452300.0,480000.0,-0.0,-0.0,google/gemma-4-26B-A4B-it,"```json
{""broad_income"": 480000, ""taxable_income"": 452300}
```"
2026-06-08 13:40:29,4029601.0,,205000.0,169700.0,0.2826748,0.2782913762068756,1,169700.0,205000.0,0.0,0.0,google/gemma-4-26B-A4B-it,"```json
{""broad_income"": 205000, ""taxable_income"": 169700}
```"
2026-06-08 13:40:29,4029601.0,,205000.0,169700.0,0.2826748,0.2782913762068756,2,169700.0,205000.0,0.0,0.0,google/gemma-4-26B-A4B-it,"```json
{""broad_income"": 205000, ""taxable_income"": 169700}
```"
2026-06-08 13:40:34,1399801.0,,96283.0,81942.44,0.32719994,0.3230669551855046,1,81942.0,96283.0,-0.0008741098147065723,0.0,google/gemma-4-26B-A4B-it,"```json
{""broad_income"": 96283, ""taxable_income"": 81942}
```"
2026-06-08 13:40:34,1399801.0,,96283.0,81942.44,0.32719994,0.3230669551855046,2,81942.0,96283.0,-0.0008741098147065723,0.0,google/gemma-4-26B-A4B-it,"```json
{""broad_income"": 96283, ""taxable_income"": 81942}
```"
2026-06-08 13:40:39,3620001.0,,83003.0,47142.04,0.254,0.2633948394048573,1,47142.0,83003.0,6.737535804190267e-05,-0.0,google/gemma-4-26B-A4B-it,"```json
{""broad_income"": 83003, ""taxable_income"": 47142}
```"
2026-06-08 13:40:39,3620001.0,,83003.0,47142.04,0.254,0.2633948394048573,2,47142.0,83003.0,6.737535804190267e-05,-0.0,google/gemma-4-26B-A4B-it,"```json
{""broad_income"": 83003, ""taxable_income"": 47142}
```"
2026-06-08 13:40:44,3231301.0,,41202.0,12001.359,0.27936938,0.2878056996925294,1,12001.0,41202.0,0.0025551929714491897,-0.0,google/gemma-4-26B-A4B-it,"```json
{""broad_income"": 41202, ""taxable_income"": 12001}
```"
2026-06-08 13:40:44,3231301.0,,41202.0,12001.359,0.27936938,0.2878056996925294,2,12001.0,41202.0,0.0025551929714491897,-0.0,google/gemma-4-26B-A4B-it,"```json
{""broad_income"": 41202, ""taxable_income"": 12001}
```"
2026-06-08 13:40:49,5047003.0,,45000.0,31150.0,0.1965,0.1918251533683177,1,31150.0,45000.0,0.0,0.0,google/gemma-4-26B-A4B-it,"```json
{""broad_income"": 45000, ""taxable_income"": 31150}
```"
2026-06-08 13:40:49,5047003.0,,45000.0,31150.0,0.1965,0.1918251533683177,2,31150.0,45000.0,0.0,0.0,google/gemma-4-26B-A4B-it,"```json
{""broad_income"": 45000, ""taxable_income"": 31150}
```"
2026-06-08 13:40:54,5271401.0,,197321.0,140598.28,0.3506748,0.3737613372189335,1,140598.0,197321.0,5.601205210172701e-05,-0.0,google/gemma-4-26B-A4B-it,"```json
{""broad_income"": 197321, ""taxable_income"": 140598}
```"
2026-06-08 13:40:54,5271401.0,,197321.0,140598.28,0.3506748,0.3737613372189335,2,138500.0,197321.0,0.41974631673035834,-0.0,google/gemma-4-26B-A4B-it,"```json
{""broad_income"": 197321, ""taxable_income"": 138500}
```"
2026-06-08 13:40:59,642302.0,,82031.0,47031.08,0.3565,0.3787488759567118,1,47031.0,82031.0,4.919778063501723e-05,-0.0,google/gemma-4-26B-A4B-it,"```json
{""broad_income"": 82031, ""taxable_income"": 47031}
```"
2026-06-08 13:40:59,642302.0,,82031.0,47031.08,0.3565,0.3787488759567118,2,47031.0,82031.0,4.919778063501723e-05,-0.0,google/gemma-4-26B-A4B-it,"```json
{""broad_income"": 82031, ""taxable_income"": 47031}
```"
2026-06-08 13:41:05,2908101.0,,51721.0,22682.281,0.23159997,0.2452780955923277,1,22682.0,51721.0,0.0006959537504129515,-0.0,google/gemma-4-26B-A4B-it,"```json
{""broad_income"": 51721, ""taxable_income"": 22682}
```"
2026-06-08 13:41:05,2908101.0,,51721.0,22682.281,0.23159997,0.2452780955923277,2,22682.0,51721.0,0.0006959537504129515,-0.0,google/gemma-4-26B-A4B-it,"```json
{""broad_income"": 51721, ""taxable_income"": 22682}
```"
2026-06-08 13:41:10,5132801.0,,50000.0,22300.0,0.40710008,0.4102554750557683,1,22300.0,50000.0,-0.0,-0.0,google/gemma-4-26B-A4B-it,"```json
{""broad_income"": 50000, ""taxable_income"": 22300}
```"
2026-06-08 13:41:10,5132801.0,,50000.0,22300.0,0.40710008,0.4102554750557683,2,22300.0,50000.0,-0.0,-0.0,google/gemma-4-26B-A4B-it,"```json
{""broad_income"": 50000, ""taxable_income"": 22300}
```"
2026-06-08 13:41:15,4273901.0,,153346.0,102791.16,0.354,0.3489592503392634,1,102791.0,153346.0,-0.0001994810309198538,0.0,google/gemma-4-26B-A4B-it,"```json
{""broad_income"": 153346, ""taxable_income"": 102791}
```"
2026-06-08 13:41:15,4273901.0,,153346.0,102791.16,0.354,0.3489592503392634,2,102791.0,153346.0,-0.0001994810309198538,0.0,google/gemma-4-26B-A4B-it,"```json
{""broad_income"": 153346, ""taxable_income"": 102791}
```"
2026-06-08 13:41:20,7781701.0,,17000.0,3150.0,0.34967256,0.3252380907675689,1,3150.0,17000.0,0.0,0.0,google/gemma-4-26B-A4B-it,"```json
{""broad_income"": 17000, ""taxable_income"": 3150}
```"
2026-06-08 13:41:20,7781701.0,,17000.0,3150.0,0.34967256,0.3252380907675689,2,3150.0,17000.0,0.0,0.0,google/gemma-4-26B-A4B-it,"```json
{""broad_income"": 17000, ""taxable_income"": 3150}
```"
2026-06-08 13:41:41,1336703.0,,81000.0,53300.0,0.22719994,0.2302837553959702,1,53300.0,81000.0,-0.0,-0.0,google/gemma-4-26B-A4B-it,"```json
{""broad_income"": 81000, ""taxable_income"": 53300}
```"
2026-06-08 13:41:41,1336703.0,,81000.0,53300.0,0.22719994,0.2302837553959702,2,52300.0,81000.0,4.70166374366837,-0.0,google/gemma-4-26B-A4B-it,"```json
{""broad_income"": 81000, ""taxable_income"": 52300}
```"
2026-06-08 13:41:46,809403.0,,125500.0,108790.0,0.42433983,0.4246134376696318,1,108790.0,125500.0,-0.0,-0.0,google/gemma-4-26B-A4B-it,"```json
{""broad_income"": 125500, ""taxable_income"": 108790}
```"
2026-06-08 13:41:46,809403.0,,125500.0,108790.0,0.42433983,0.4246134376696318,2,108790.0,125500.0,-0.0,-0.0,google/gemma-4-26B-A4B-it,"```json
{""broad_income"": 125500, ""taxable_income"": 108790}
```"
2026-06-08 13:41:51,5392701.0,,217878.0,212601.34,0.3165,0.3334178351013352,1,212601.0,217878.0,6.461102798502547e-05,-0.0,google/gemma-4-26B-A4B-it,"```json
{""broad_income"": 217878, ""taxable_income"": 212601}
```"
2026-06-08 13:41:51,5392701.0,,217878.0,212601.34,0.3165,0.3334178351013352,2,212601.0,217878.0,6.461102798502547e-05,-0.0,google/gemma-4-26B-A4B-it,"```json
{""broad_income"": 217878, ""taxable_income"": 212601}
```"
2026-06-08 13:41:56,429501.0,,201152.0,154744.48,0.3465,0.3468024274594677,1,154744.0,201152.0,0.006702710194145583,-0.0,google/gemma-4-26B-A4B-it,"```json
{""broad_income"": 201152, ""taxable_income"": 154744}
```"
2026-06-08 13:41:56,429501.0,,201152.0,154744.48,0.3465,0.3468024274594677,2,154744.0,201152.0,0.006702710194145583,-0.0,google/gemma-4-26B-A4B-it,"```json
{""broad_income"": 201152, ""taxable_income"": 154744}
```"
2026-06-08 13:42:01,4802701.0,,597501.0,559365.6,0.3735,0.3780048314480775,1,559366.0,597501.0,-9.945045307877444e-05,-0.0,google/gemma-4-26B-A4B-it,"```json
{""broad_income"": 597501, ""taxable_income"": 559366}
```"
2026-06-08 13:42:01,4802701.0,,597501.0,559365.6,0.3735,0.3780048314480775,2,559366.0,597501.0,-9.945045307877444e-05,-0.0,google/gemma-4-26B-A4B-it,"```json
{""broad_income"": 597501, ""taxable_income"": 559366}
```"
2026-06-08 13:42:07,8363401.0,,25010.0,816.375,0.2745,0.2686230288424619,1,816.0,25010.0,-0.05670553188805647,0.0,google/gemma-4-26B-A4B-it,"```json
{""broad_income"": 25010, ""taxable_income"": 816}
```"
2026-06-08 13:42:07,8363401.0,,25010.0,816.375,0.2745,0.2686230288424619,2,816.0,25010.0,-0.05670553188805647,0.0,google/gemma-4-26B-A4B-it,"```json
{""broad_income"": 25010, ""taxable_income"": 816}
```"
2026-06-08 13:42:12,4742801.0,,52100.0,36368.0,0.1965,0.212946357025354,1,38112.0,52100.0,-2.342843232227618,-0.0,google/gemma-4-26B-A4B-it,"```json
{""broad_income"": 52100, ""taxable_income"": 38112}
```"
2026-06-08 13:42:12,4742801.0,,52100.0,36368.0,0.1965,0.212946357025354,2,36368.0,52100.0,-0.0,-0.0,google/gemma-4-26B-A4B-it,"```json
{""broad_income"": 52100, ""taxable_income"": 36368}
```"
2026-06-08 13:42:17,3106701.0,,66503.0,49702.04,0.3625,0.3541689602558987,1,49702.0,66503.0,-6.15838391723472e-05,0.0,google/gemma-4-26B-A4B-it,"```json
{""broad_income"": 66503, ""taxable_income"": 49702}
```"
2026-06-08 13:42:17,3106701.0,,66503.0,49702.04,0.3625,0.3541689602558987,2,49702.0,66503.0,-6.15838391723472e-05,0.0,google/gemma-4-26B-A4B-it,"```json
{""broad_income"": 66503, ""taxable_income"": 49702}
```"
2026-06-08 13:42:22,5412701.0,,83000.0,47690.0,0.3465,0.3209729627015846,1,47690.0,83000.0,0.0,0.0,google/gemma-4-26B-A4B-it,"```json
{""broad_income"": 83000, ""taxable_income"": 47690}
```"
2026-06-08 13:42:22,5412701.0,,83000.0,47690.0,0.3465,0.3209729627015846,2,47690.0,83000.0,0.0,0.0,google/gemma-4-26B-A4B-it,"```json
{""broad_income"": 83000, ""taxable_income"": 47690}
```"
2026-06-08 13:42:27,3934701.0,,28001.0,11621.379,0.33167565,0.3334903568637779,1,11621.0,28001.0,0.012010534858070916,-0.0,google/gemma-4-26B-A4B-it,"```json
{""broad_income"": 28001, ""taxable_income"": 11621}
```"
2026-06-08 13:42:27,3934701.0,,28001.0,11621.379,0.33167565,0.3334903568637779,2,11621.0,28001.0,0.012010534858070916,-0.0,google/gemma-4-26B-A4B-it,"```json
{""broad_income"": 28001, ""taxable_income"": 11621}
```"
2026-06-08 13:42:32,4554801.0,,190546.0,156274.47,0.2965,0.289399266581645,1,156274.0,190546.0,-0.0002979687483907444,0.0,google/gemma-4-26B-A4B-it,"```json
{""broad_income"": 190546, ""taxable_income"": 156274}
```"
2026-06-08 13:42:32,4554801.0,,190546.0,156274.47,0.2965,0.289399266581645,2,156274.0,190546.0,-0.0002979687483907444,0.0,google/gemma-4-26B-A4B-it,"```json
{""broad_income"": 190546, ""taxable_income"": 156274}
```"
2026-06-08 13:42:37,8373001.0,,39558.0,18530.8,0.36929983,0.3583235629047216,1,18531.0,39558.0,0.0006201605102262724,0.0,google/gemma-4-26B-A4B-it,"```json
{""broad_income"": 39558, ""taxable_income"": 18531}
```"
2026-06-08 13:42:37,8373001.0,,39558.0,18530.8,0.36929983,0.3583235629047216,2,18531.0,39558.0,0.0006201605102262724,0.0,google/gemma-4-26B-A4B-it,"```json
{""broad_income"": 39558, ""taxable_income"": 18531}
```"
2026-06-08 13:42:42,3067201.0,,74150.0,43622.0,0.2529375,0.2603934588949583,1,43622.0,74150.0,-0.0,-0.0,google/gemma-4-26B-A4B-it,"```json
{""broad_income"": 74150, ""taxable_income"": 43622}
```"
2026-06-08 13:42:42,3067201.0,,74150.0,43622.0,0.2529375,0.2603934588949583,2,43622.0,74150.0,-0.0,-0.0,google/gemma-4-26B-A4B-it,"```json
{""broad_income"": 74150, ""taxable_income"": 43622}
```"
2026-06-08 13:42:47,8491401.0,,205076.0,158739.73,0.5321413,0.529512881770638,1,158740.0,205076.0,0.0003027599090059284,0.0,google/gemma-4-26B-A4B-it,"```json
{""broad_income"": 205076, ""taxable_income"": 158740}
```"
2026-06-08 13:42:47,8491401.0,,205076.0,158739.73,0.5321413,0.529512881770638,2,158740.0,205076.0,0.0003027599090059284,0.0,google/gemma-4-26B-A4B-it,"```json
{""broad_income"": 205076, ""taxable_income"": 158740}
```"
2026-06-08 13:42:52,8122302.0,,17000.0,3150.0,0.0,-0.0003148595774193,1,3150.0,17000.0,0.0,0.0,google/gemma-4-26B-A4B-it,"```json
{""broad_income"": 17000, ""taxable_income"": 3150}
```"
2026-06-08 13:42:52,8122302.0,,17000.0,3150.0,0.0,-0.0003148595774193,2,3150.0,17000.0,0.0,0.0,google/gemma-4-26B-A4B-it,"```json
{""broad_income"": 17000, ""taxable_income"": 3150}
```"
2026-06-08 13:42:57,1541701.0,,35702.0,14901.48,0.34032714,0.3387143185165719,1,14901.0,35702.0,-0.013175106977484105,0.0,google/gemma-4-26B-A4B-it,"```json
{""broad_income"": 35702, ""taxable_income"": 14901}
```"
2026-06-08 13:42:57,1541701.0,,35702.0,14901.48,0.34032714,0.3387143185165719,2,14901.0,35702.0,-0.013175106977484105,0.0,google/gemma-4-26B-A4B-it,"```json
{""broad_income"": 35702, ""taxable_income"": 14901}
```"
2026-06-08 13:43:03,796602.0,,86515.0,71380.2,0.38798046,0.3996943370900452,1,71380.0,86515.0,0.00014639183697920665,-0.0,google/gemma-4-26B-A4B-it,"```json
{""broad_income"": 86515, ""taxable_income"": 71380}
```"
2026-06-08 13:43:03,796602.0,,86515.0,71380.2,0.38798046,0.3996943370900452,2,71380.0,86515.0,0.00014639183697920665,-0.0,google/gemma-4-26B-A4B-it,"```json
{""broad_income"": 86515, ""taxable_income"": 71380}
```"
2026-06-08 13:43:08,974601.0,,45694.0,31141.754,0.32908496,0.3286737603357723,1,31142.0,45694.0,0.012888631699641436,0.0,google/gemma-4-26B-A4B-it,"```json
{""broad_income"": 45694, ""taxable_income"": 31142}
```"
2026-06-08 13:43:08,974601.0,,45694.0,31141.754,0.32908496,0.3286737603357723,2,31142.0,45694.0,0.012888631699641436,0.0,google/gemma-4-26B-A4B-it,"```json
{""broad_income"": 45694, ""taxable_income"": 31142}
```"
2026-06-08 13:43:13,372901.0,,371180.0,341324.0,0.3135,0.3048996655618022,1,341324.0,371180.0,0.0,0.0,google/gemma-4-26B-A4B-it,"```json
{""broad_income"": 371180, ""taxable_income"": 341324}
```"
2026-06-08 13:43:13,372901.0,,371180.0,341324.0,0.3135,0.3048996655618022,2,341324.0,371180.0,0.0,0.0,google/gemma-4-26B-A4B-it,"```json
{""broad_income"": 371180, ""taxable_income"": 341324}
```"
2026-06-08 13:43:33,6054401.0,,102951.0,88604.0,0.29649854,0.2794233986536169,1,88604.0,102951.0,0.0,0.0,google/gemma-4-26B-A4B-it,"```json
{""broad_income"": 102951, ""taxable_income"": 88604}
```"
2026-06-08 13:43:33,6054401.0,,102951.0,88604.0,0.29649854,0.2794233986536169,2,88604.0,102951.0,0.0,0.0,google/gemma-4-26B-A4B-it,"```json
{""broad_income"": 102951, ""taxable_income"": 88604}
```"
2026-06-08 13:43:38,813201.0,,66001.0,52151.0,0.38797998,0.3541323873292858,1,52151.0,66001.0,0.0,0.0,google/gemma-4-26B-A4B-it,"```json
{""broad_income"": 66001, ""taxable_income"": 52151}
```"
2026-06-08 13:43:38,813201.0,,66001.0,52151.0,0.38797998,0.3541323873292858,2,52151.0,66001.0,0.0,0.0,google/gemma-4-26B-A4B-it,"```json
{""broad_income"": 66001, ""taxable_income"": 52151}
```"
2026-06-08 13:43:43,2318201.0,,25000.0,4200.0,0.23197709,0.2465701953676166,1,4200.0,25000.0,-0.0,-0.0,google/gemma-4-26B-A4B-it,"```json
{""broad_income"": 25000, ""taxable_income"": 4200}
```"
2026-06-08 13:43:43,2318201.0,,25000.0,4200.0,0.23197709,0.2465701953676166,2,4200.0,25000.0,-0.0,-0.0,google/gemma-4-26B-A4B-it,"```json
{""broad_income"": 25000, ""taxable_income"": 4200}
```"
2026-06-08 13:43:48,7700602.0,,60221.0,42364.28,0.2022998,0.1847124999656669,1,42364.0,60221.0,-0.0002997772904628462,0.0,google/gemma-4-26B-A4B-it,"```json
{""broad_income"": 60221, ""taxable_income"": 42364}
```"
2026-06-08 13:43:48,7700602.0,,60221.0,42364.28,0.2022998,0.1847124999656669,2,42364.0,60221.0,-0.0002997772904628462,0.0,google/gemma-4-26B-A4B-it,"```json
{""broad_income"": 60221, ""taxable_income"": 42364}
```"
2026-06-08 13:43:53,405901.0,,321801.0,341780.7,0.3626758,0.3597478735351294,1,341781.0,321801.0,0.0001910618436285012,0.0,google/gemma-4-26B-A4B-it,"```json
{""broad_income"": 321801, ""taxable_income"": 341781}
```"
2026-06-08 13:43:53,405901.0,,321801.0,341780.7,0.3626758,0.3597478735351294,2,341781.0,321801.0,0.0001910618436285012,0.0,google/gemma-4-26B-A4B-it,"```json
{""broad_income"": 321801, ""taxable_income"": 341781}
```"
2026-06-08 13:43:59,7382005.0,,56000.0,42150.0,0.2215,0.177692764578861,1,42150.0,56000.0,0.0,0.0,google/gemma-4-26B-A4B-it,"```json
{""broad_income"": 56000, ""taxable_income"": 42150}
```"
2026-06-08 13:43:59,7382005.0,,56000.0,42150.0,0.2215,0.177692764578861,2,42150.0,56000.0,0.0,0.0,google/gemma-4-26B-A4B-it,"```json
{""broad_income"": 56000, ""taxable_income"": 42150}
```"
2026-06-08 13:44:05,2078601.0,,142000.0,118982.16,0.337,0.3502630982881051,1,118982.0,142000.0,6.72212639531633e-05,-0.0,google/gemma-4-26B-A4B-it,"```json
{""broad_income"": 142000, ""taxable_income"": 118982}
```"
2026-06-08 13:44:05,2078601.0,,142000.0,118982.16,0.337,0.3502630982881051,2,118982.0,142000.0,6.72212639531633e-05,-0.0,google/gemma-4-26B-A4B-it,"```json
{""broad_income"": 142000, ""taxable_income"": 118982}
```"
2026-06-08 13:44:10,1086201.0,,41950.0,26992.0,0.2315,0.2474650216088888,1,26992.0,41950.0,-0.0,-0.0,google/gemma-4-26B-A4B-it,"```json
{""broad_income"": 41950, ""taxable_income"": 26992}
```"
2026-06-08 13:44:10,1086201.0,,41950.0,26992.0,0.2315,0.2474650216088888,2,26992.0,41950.0,-0.0,-0.0,google/gemma-4-26B-A4B-it,"```json
{""broad_income"": 41950, ""taxable_income"": 26992}
```"
2026-06-08 13:44:15,6147902.0,,81010.0,66836.8,0.2965,0.3069631956504377,1,66837.0,81010.0,-0.00020119357263045923,-0.0,google/gemma-4-26B-A4B-it,"```json
{""broad_income"": 81010, ""taxable_income"": 66837}
```"
2026-06-08 13:44:15,6147902.0,,81010.0,66836.8,0.2965,0.3069631956504377,2,66837.0,81010.0,-0.00020119357263045923,-0.0,google/gemma-4-26B-A4B-it,"```json
{""broad_income"": 81010, ""taxable_income"": 66837}
```"
2026-06-08 13:44:20,5176901.0,,200261.0,185644.56,0.3316748,0.3662354792738637,1,185645.0,200261.0,-4.583276058070244e-05,-0.0,google/gemma-4-26B-A4B-it,"```json
{""broad_income"": 200261, ""taxable_income"": 185645}
```"
2026-06-08 13:44:20,5176901.0,,200261.0,185644.56,0.3316748,0.3662354792738637,2,182000.0,198500.0,0.3796369225025474,0.17004683098318552,google/gemma-4-26B-A4B-it,"```json
{""broad_income"": 198500, ""taxable_income"": 182000}
```"
2026-06-08 13:44:25,7935201.0,,40000.0,26150.0,0.2805,0.2898951337479619,1,26150.0,40000.0,-0.0,-0.0,google/gemma-4-26B-A4B-it,"```json
{""broad_income"": 40000, ""taxable_income"": 26150}
```"
2026-06-08 13:44:25,7935201.0,,40000.0,26150.0,0.2805,0.2898951337479619,2,26150.0,40000.0,-0.0,-0.0,google/gemma-4-26B-A4B-it,"```json
{""broad_income"": 40000, ""taxable_income"": 26150}
```"
2026-06-08 13:44:31,6365204.0,,34764.0,35861.8,0.0,0.0187993621619407,1,34764.0,34764.0,1.628351009743697,-0.0,google/gemma-4-26B-A4B-it,"```json
{""broad_income"": 34764, ""taxable_income"": 34764}
```"
2026-06-08 13:44:31,6365204.0,,34764.0,35861.8,0.0,0.0187993621619407,2,34764.0,34764.0,1.628351009743697,-0.0,google/gemma-4-26B-A4B-it,"```json
{""broad_income"": 34764, ""taxable_income"": 34764}
```"
2026-06-08 13:44:36,7310204.0,,25000.0,11150.0,0.0,-0.0037669217446436,1,11150.0,25000.0,0.0,0.0,google/gemma-4-26B-A4B-it,"{""broad_income"": 25000, ""taxable_income"": 11150}"
2026-06-08 13:44:36,7310204.0,,25000.0,11150.0,0.0,-0.0037669217446436,2,11150.0,25000.0,0.0,0.0,google/gemma-4-26B-A4B-it,"{""broad_income"": 25000, ""taxable_income"": 11150}"
2026-06-08 13:44:41,2079602.0,,55005.0,41153.4,0.23700012,0.2304531851499911,1,41153.0,55005.0,-0.0011327673437048838,0.0,google/gemma-4-26B-A4B-it,"```json
{""broad_income"": 55005, ""taxable_income"": 41153}
```"
2026-06-08 13:44:41,2079602.0,,55005.0,41153.4,0.23700012,0.2304531851499911,2,41153.0,55005.0,-0.0011327673437048838,0.0,google/gemma-4-26B-A4B-it,"```json
{""broad_income"": 55005, ""taxable_income"": 41153}
```"
2026-06-08 13:44:46,1429301.0,,70000.0,34700.0,0.22719994,0.1900887549437655,1,34700.0,70000.0,0.0,0.0,google/gemma-4-26B-A4B-it,"```json
{""broad_income"": 70000, ""taxable_income"": 34700}
```"
2026-06-08 13:44:46,1429301.0,,70000.0,34700.0,0.22719994,0.1900887549437655,2,34700.0,70000.0,0.0,0.0,google/gemma-4-26B-A4B-it,"```json
{""broad_income"": 70000, ""taxable_income"": 34700}
```"
2026-06-08 13:44:51,6495401.0,,28001.0,14150.68,0.1965,0.1771797430734905,1,14151.0,28001.0,0.0009404715273466524,0.0,google/gemma-4-26B-A4B-it,"```json
{""broad_income"": 28001, ""taxable_income"": 14151}
```"
2026-06-08 13:44:51,6495401.0,,28001.0,14150.68,0.1965,0.1771797430734905,2,14151.0,28001.0,0.0009404715273466524,0.0,google/gemma-4-26B-A4B-it,"```json
{""broad_income"": 28001, ""taxable_income"": 14151}
```"
2026-06-08 13:44:56,7332101.0,,162577.0,69664.984,0.258911,0.2695227290750724,1,69665.0,162577.0,-1.6039456738570335e-05,-0.0,google/gemma-4-26B-A4B-it,"```json
{""broad_income"": 162577, ""taxable_income"": 69665}
```"
2026-06-08 13:44:56,7332101.0,,162577.0,69664.984,0.258911,0.2695227290750724,2,69665.0,162577.0,-1.6039456738570335e-05,-0.0,google/gemma-4-26B-A4B-it,"```json
{""broad_income"": 162577, ""taxable_income"": 69665}
```"
2026-06-08 13:45:01,8666101.0,,53000.0,38661.15,0.2095,0.2270570278428014,1,38661.0,53000.0,0.0001746897274409904,-0.0,google/gemma-4-26B-A4B-it,"```json
{""broad_income"": 53000, ""taxable_income"": 38661}
```"
2026-06-08 13:45:01,8666101.0,,53000.0,38661.15,0.2095,0.2270570278428014,2,38661.0,53000.0,0.0001746897274409904,-0.0,google/gemma-4-26B-A4B-it,"```json
{""broad_income"": 53000, ""taxable_income"": 38661}
```"
2026-06-08 13:45:06,3348701.0,,72072.0,50038.96,0.3615,0.3535992833234254,1,50039.0,72072.0,6.460202478296346e-05,0.0,google/gemma-4-26B-A4B-it,"```json
{""broad_income"": 72072, ""taxable_income"": 50039}
```"
2026-06-08 13:45:06,3348701.0,,72072.0,50038.96,0.3615,0.3535992833234254,2,50039.0,72072.0,6.460202478296346e-05,0.0,google/gemma-4-26B-A4B-it,"```json
{""broad_income"": 72072, ""taxable_income"": 50039}
```"
2026-06-08 13:45:11,2859901.0,,109500.0,81640.0,0.1965,0.2225873030654052,1,85000.0,109500.0,-1.2676313722254045,-0.0,google/gemma-4-26B-A4B-it,"```json
{""broad_income"": 109500, ""taxable_income"": 85000}
```"
2026-06-08 13:45:11,2859901.0,,109500.0,81640.0,0.1965,0.2225873030654052,2,84500.0,109500.0,-1.0789957513585287,-0.0,google/gemma-4-26B-A4B-it,"```json
{""broad_income"": 109500, ""taxable_income"": 84500}
```"
2026-06-08 13:45:17,7030401.0,,25530.0,11029.105,0.37420025,0.3448809721470093,1,11029.0,25530.0,-0.00020320348118907776,0.0,google/gemma-4-26B-A4B-it,"```json
{""broad_income"": 25530, ""taxable_income"": 11029}
```"
2026-06-08 13:45:17,7030401.0,,25530.0,11029.105,0.37420025,0.3448809721470093,2,11029.0,25530.0,-0.00020320348118907776,0.0,google/gemma-4-26B-A4B-it,"```json
{""broad_income"": 25530, ""taxable_income"": 11029}
```"
2026-06-08 13:45:22,2462001.0,,71911.0,46929.48,0.3535,0.33415348371437,1,46929.0,71911.0,-0.00034179149464444675,0.0,google/gemma-4-26B-A4B-it,"```json
{""broad_income"": 71911, ""taxable_income"": 46929}
```"
2026-06-08 13:45:22,2462001.0,,71911.0,46929.48,0.3535,0.33415348371437,2,46929.0,71911.0,-0.00034179149464444675,0.0,google/gemma-4-26B-A4B-it,"```json
{""broad_income"": 71911, ""taxable_income"": 46929}
```"
2026-06-08 13:45:27,8291001.0,,41458.0,43093.586,0.2495,0.2582515188705298,1,43094.0,41458.0,-0.000823862943237802,-0.0,google/gemma-4-26B-A4B-it,"```json
{""broad_income"": 41458, ""taxable_income"": 43094}
```"
2026-06-08 13:45:27,8291001.0,,41458.0,43093.586,0.2495,0.2582515188705298,2,43094.0,41458.0,-0.000823862943237802,-0.0,google/gemma-4-26B-A4B-it,"```json
{""broad_income"": 41458, ""taxable_income"": 43094}
```"
2026-06-08 13:45:32,7794402.0,,720551.0,642695.56,0.38098437,0.4069360906641202,1,660000.0,720551.0,-0.6422257384509698,-0.0,google/gemma-4-26B-A4B-it,"```json
{""broad_income"": 720551, ""taxable_income"": 660000}
```"
2026-06-08 13:45:32,7794402.0,,720551.0,642695.56,0.38098437,0.4069360906641202,2,640000.0,715000.0,0.10004126175356948,0.18375618217770398,google/gemma-4-26B-A4B-it,"```json
{""broad_income"": 715000, ""taxable_income"": 640000}
```"
2026-06-08 13:45:37,3596801.0,,40560.0,9860.0,0.1765,0.1481500433206756,1,9860.0,40560.0,0.0,0.0,google/gemma-4-26B-A4B-it,"```json
{""broad_income"": 40560, ""taxable_income"": 9860}
```"
2026-06-08 13:45:37,3596801.0,,40560.0,9860.0,0.1765,0.1481500433206756,2,9860.0,40560.0,0.0,0.0,google/gemma-4-26B-A4B-it,"```json
{""broad_income"": 40560, ""taxable_income"": 9860}
```"
2026-06-08 13:45:42,6497001.0,,230450.0,203014.1,0.5336367,0.5349702085474384,1,230450.0,230450.0,-47.26303125858585,-0.0,google/gemma-4-26B-A4B-it,"```json
{""broad_income"": 230450, ""taxable_income"": 230450}
```"
2026-06-08 13:45:42,6497001.0,,230450.0,203014.1,0.5336367,0.5349702085474384,2,203014.0,230450.0,0.0001722671071892554,-0.0,google/gemma-4-26B-A4B-it,"```json
{""broad_income"": 230450, ""taxable_income"": 203014}
```"
2026-06-08 13:45:47,6521301.0,,39002.0,24231.36,0.1965,0.1712466457745404,1,24231.0,39002.0,-0.0004727064426139124,0.0,google/gemma-4-26B-A4B-it,"```json
{""broad_income"": 39002, ""taxable_income"": 24231}
```"
2026-06-08 13:45:47,6521301.0,,39002.0,24231.36,0.1965,0.1712466457745404,2,24231.0,39002.0,-0.0004727064426139124,0.0,google/gemma-4-26B-A4B-it,"```json
{""broad_income"": 39002, ""taxable_income"": 24231}
```"
2026-06-08 13:45:52,986001.0,,206200.0,175116.0,0.37263966,0.3971548313811565,1,175116.0,206200.0,-0.0,-0.0,google/gemma-4-26B-A4B-it,"```json
{""broad_income"": 206200, ""taxable_income"": 175116}
```"
2026-06-08 13:45:52,986001.0,,206200.0,175116.0,0.37263966,0.3971548313811565,2,175116.0,206200.0,-0.0,-0.0,google/gemma-4-26B-A4B-it,"```json
{""broad_income"": 206200, ""taxable_income"": 175116}
```"
2026-06-08 13:45:57,8107301.0,,25389.0,9303.903,0.21564454,0.2273099971439119,1,8541.0,25389.0,5.51334678804322,-0.0,google/gemma-4-26B-A4B-it,"```json
{""broad_income"": 25389, ""taxable_income"": 8541}
```"
2026-06-08 13:45:57,8107301.0,,25389.0,9303.903,0.21564454,0.2273099971439119,2,8585.0,25389.0,5.195367623360553,-0.0,google/gemma-4-26B-A4B-it,"```json
{""broad_income"": 25389, ""taxable_income"": 8585}
```"
2026-06-08 13:46:02,4290401.0,,136521.0,114664.28,0.37399998,0.3739178839840269,1,114664.0,136521.0,-0.018620105967920773,0.0,google/gemma-4-26B-A4B-it,"```json
{""broad_income"": 136521, ""taxable_income"": 114664}
```"
2026-06-08 13:46:02,4290401.0,,136521.0,114664.28,0.37399998,0.3739178839840269,2,114664.0,136521.0,-0.018620105967920773,0.0,google/gemma-4-26B-A4B-it,"```json
{""broad_income"": 136521, ""taxable_income"": 114664}
```"
2026-06-08 13:46:08,7484207.0,,49109.0,35259.0,0.25599998,0.2551256299228355,1,35259.0,49109.0,0.0,0.0,google/gemma-4-26B-A4B-it,"```json
{""broad_income"": 49109, ""taxable_income"": 35259}
```"
2026-06-08 13:46:08,7484207.0,,49109.0,35259.0,0.25599998,0.2551256299228355,2,35259.0,49109.0,0.0,0.0,google/gemma-4-26B-A4B-it,"```json
{""broad_income"": 49109, ""taxable_income"": 35259}
```"
2026-06-08 13:46:13,2324701.0,,75754.0,45312.72,0.2599824,0.2682621485917699,1,45313.0,75754.0,-0.0005522844273247496,-0.0,google/gemma-4-26B-A4B-it,"```json
{""broad_income"": 75754, ""taxable_income"": 45313}
```"
2026-06-08 13:46:13,2324701.0,,75754.0,45312.72,0.2599824,0.2682621485917699,2,44313.0,75754.0,1.9718920988835533,-0.0,google/gemma-4-26B-A4B-it,"```json
{""broad_income"": 75754, ""taxable_income"": 44313}
```"
2026-06-08 13:46:18,8063001.0,,35000.0,7348.5938,0.18798316,0.175240084043852,1,7349.0,35000.0,0.0035223007984457695,0.0,google/gemma-4-26B-A4B-it,"```json
{""broad_income"": 35000, ""taxable_income"": 7349}
```"
2026-06-08 13:46:18,8063001.0,,35000.0,7348.5938,0.18798316,0.175240084043852,2,7349.0,35000.0,0.0035223007984457695,0.0,google/gemma-4-26B-A4B-it,"```json
{""broad_income"": 35000, ""taxable_income"": 7349}
```"
2026-06-08 13:46:23,3135901.0,,307185.0,169265.8,0.37150002,0.3880531128659001,1,169266.0,307185.0,-4.486285358068858e-05,-0.0,google/gemma-4-26B-A4B-it,"```json
{""broad_income"": 307185, ""taxable_income"": 169266}
```"
2026-06-08 13:46:23,3135901.0,,307185.0,169265.8,0.37150002,0.3880531128659001,2,169266.0,307185.0,-4.486285358068858e-05,-0.0,google/gemma-4-26B-A4B-it,"```json
{""broad_income"": 307185, ""taxable_income"": 169266}
```"
2026-06-08 13:46:28,294201.0,,133744.0,100945.92,0.3725,0.374729610062973,1,100946.0,133744.0,-0.00022304168166237254,-0.0,google/gemma-4-26B-A4B-it,"```json
{""broad_income"": 133744, ""taxable_income"": 100946}
```"
2026-06-08 13:46:28,294201.0,,133744.0,100945.92,0.3725,0.374729610062973,2,100946.0,133744.0,-0.00022304168166237254,-0.0,google/gemma-4-26B-A4B-it,"```json
{""broad_income"": 133744, ""taxable_income"": 100946}
```"
2026-06-08 13:46:33,8122303.0,,22000.0,8150.0,0.21864006,0.2162866974225544,1,8150.0,22000.0,0.0,0.0,google/gemma-4-26B-A4B-it,"```json
{""broad_income"": 22000, ""taxable_income"": 8150}
```"
2026-06-08 13:46:33,8122303.0,,22000.0,8150.0,0.21864006,0.2162866974225544,2,8150.0,22000.0,0.0,0.0,google/gemma-4-26B-A4B-it,"```json
{""broad_income"": 22000, ""taxable_income"": 8150}
```"
2026-06-08 13:46:38,923901.0,,25000.0,11150.0,0.30684015,0.2978679006785644,1,11150.0,25000.0,0.0,0.0,google/gemma-4-26B-A4B-it,"```json
{""broad_income"": 25000, ""taxable_income"": 11150}
```"
2026-06-08 13:46:38,923901.0,,25000.0,11150.0,0.30684015,0.2978679006785644,2,11150.0,25000.0,0.0,0.0,google/gemma-4-26B-A4B-it,"```json
{""broad_income"": 25000, ""taxable_income"": 11150}
```"
2026-06-08 13:46:43,2318901.0,,154237.0,123398.41,0.3495,0.3378238095963413,1,123398.0,154237.0,-0.00018510596984745188,0.0,google/gemma-4-26B-A4B-it,"```json
{""broad_income"": 154237, ""taxable_income"": 123398}
```"
2026-06-08 13:46:43,2318901.0,,154237.0,123398.41,0.3495,0.3378238095963413,2,123398.0,154237.0,-0.00018510596984745188,0.0,google/gemma-4-26B-A4B-it,"```json
{""broad_income"": 154237, ""taxable_income"": 123398}
```"
2026-06-08 13:46:48,8430102.0,,10000.0,5101.0,0.19864005,0.2208573320872411,1,4800.0,10000.0,2.128373664557587,-0.0,google/gemma-4-26B-A4B-it,"```json
{""broad_income"": 10000, ""taxable_income"": 4800}
```"
2026-06-08 13:46:48,8430102.0,,10000.0,5101.0,0.19864005,0.2208573320872411,2,4850.0,10000.0,1.7748232219400475,-0.0,google/gemma-4-26B-A4B-it,"```json
{""broad_income"": 10000, ""taxable_income"": 4850}
```"
2026-06-08 13:46:53,8433201.0,,55300.0,68294.0,0.3695,0.3932236716425769,1,68294.0,55300.0,-0.0,-0.0,google/gemma-4-26B-A4B-it,"```json
{""broad_income"": 55300, ""taxable_income"": 68294}
```"
2026-06-08 13:46:53,8433201.0,,55300.0,68294.0,0.3695,0.3932236716425769,2,68294.0,55300.0,-0.0,-0.0,google/gemma-4-26B-A4B-it,"```json
{""broad_income"": 55300, ""taxable_income"": 68294}
```"
2026-06-08 13:46:58,4726501.0,,284585.0,305725.8,0.3165,0.2943152804661911,1,305726.0,284585.0,2.0154985121617392e-05,0.0,google/gemma-4-26B-A4B-it,"```json
{""broad_income"": 284585, ""taxable_income"": 305726}
```"
2026-06-08 13:46:58,4726501.0,,284585.0,305725.8,0.3165,0.2943152804661911,2,305726.0,284585.0,2.0154985121617392e-05,0.0,google/gemma-4-26B-A4B-it,"```json
{""broad_income"": 284585, ""taxable_income"": 305726}
```"
2026-06-08 13:47:04,5209401.0,,33384.0,18936.719,0.24187915,0.2355545752719459,1,18937.0,33384.0,0.0017787245434261652,0.0,google/gemma-4-26B-A4B-it,"```json
{""broad_income"": 33384, ""taxable_income"": 18937}
```"
2026-06-08 13:47:04,5209401.0,,33384.0,18936.719,0.24187915,0.2355545752719459,2,18937.0,33384.0,0.0017787245434261652,0.0,google/gemma-4-26B-A4B-it,"```json
{""broad_income"": 33384, ""taxable_income"": 18937}
```"
2026-06-08 13:47:09,3874601.0,,167652.0,133711.36,0.3446748,0.3568233602603723,1,133711.0,167652.0,0.0001452333152392545,-0.0,google/gemma-4-26B-A4B-it,"```json
{""broad_income"": 167652, ""taxable_income"": 133711}
```"
2026-06-08 13:47:09,3874601.0,,167652.0,133711.36,0.3446748,0.3568233602603723,2,133711.0,167652.0,0.0001452333152392545,-0.0,google/gemma-4-26B-A4B-it,"```json
{""broad_income"": 167652, ""taxable_income"": 133711}
```"
2026-06-08 13:47:30,2382501.0,,102900.0,63642.0,0.3645,0.3626595455082629,1,63642.0,102900.0,0.0,0.0,google/gemma-4-26B-A4B-it,"```json
{""broad_income"": 102900, ""taxable_income"": 63642}
```"
2026-06-08 13:47:30,2382501.0,,102900.0,63642.0,0.3645,0.3626595455082629,2,63642.0,102900.0,0.0,0.0,google/gemma-4-26B-A4B-it,"```json
{""broad_income"": 102900, ""taxable_income"": 63642}
```"
2026-06-08 13:47:35,5953501.0,,28524.0,13193.094,0.309,0.2883243703387538,1,13193.0,28524.0,-0.00023812253628468873,0.0,google/gemma-4-26B-A4B-it,"```json
{""broad_income"": 28524, ""taxable_income"": 13193}
```"
2026-06-08 13:47:35,5953501.0,,28524.0,13193.094,0.309,0.2883243703387538,2,13193.0,28524.0,-0.00023812253628468873,0.0,google/gemma-4-26B-A4B-it,"```json
{""broad_income"": 28524, ""taxable_income"": 13193}
```"
2026-06-08 13:47:40,6508901.0,,69025.0,37843.234,0.1965,0.1951425805313863,1,37843.0,69025.0,-0.0036601545310845462,0.0,google/gemma-4-26B-A4B-it,"```json
{""broad_income"": 69025, ""taxable_income"": 37843}
```"
2026-06-08 13:47:40,6508901.0,,69025.0,37843.234,0.1965,0.1951425805313863,2,37843.0,69025.0,-0.0036601545310845462,0.0,google/gemma-4-26B-A4B-it,"{""broad_income"": 69025, ""taxable_income"": 37843}"
2026-06-08 13:47:45,7105701.0,,150017.0,122311.56,0.345,0.310370918452727,1,122312.0,150017.0,6.804332036150161e-05,0.0,google/gemma-4-26B-A4B-it,"```json
{""broad_income"": 150017, ""taxable_income"": 122312}
```"
2026-06-08 13:47:45,7105701.0,,150017.0,122311.56,0.345,0.310370918452727,2,122312.0,150017.0,6.804332036150161e-05,0.0,google/gemma-4-26B-A4B-it,"```json
{""broad_income"": 150017, ""taxable_income"": 122312}
```"
2026-06-08 13:47:50,7095401.0,,149102.0,107399.36,0.345,0.3156163083742834,1,107399.0,149102.0,-7.471980844143005e-05,0.0,google/gemma-4-26B-A4B-it,"```json
{""broad_income"": 149102, ""taxable_income"": 107399}
```"
2026-06-08 13:47:50,7095401.0,,149102.0,107399.36,0.345,0.3156163083742834,2,107399.0,149102.0,-7.471980844143005e-05,0.0,google/gemma-4-26B-A4B-it,"```json
{""broad_income"": 149102, ""taxable_income"": 107399}
```"
2026-06-08 13:47:55,923001.0,,38001.0,22300.68,0.2874099,0.2918313622070365,1,22301.0,38001.0,-0.0023126277875773972,-0.0,google/gemma-4-26B-A4B-it,"{""broad_income"": 38001, ""taxable_income"": 22301}"
2026-06-08 13:47:55,923001.0,,38001.0,22300.68,0.2874099,0.2918313622070365,2,22301.0,38001.0,-0.0023126277875773972,-0.0,google/gemma-4-26B-A4B-it,"```json
{""broad_income"": 38001, ""taxable_income"": 22301}
```"
2026-06-08 13:48:00,4229801.0,,54340.0,37973.95,0.2571063,0.2388410286534328,1,37974.0,54340.0,5.355311990707923e-05,0.0,google/gemma-4-26B-A4B-it,"```json
{""broad_income"": 54340, ""taxable_income"": 37974}
```"
2026-06-08 13:48:00,4229801.0,,54340.0,37973.95,0.2571063,0.2388410286534328,2,37974.0,54340.0,5.355311990707923e-05,0.0,google/gemma-4-26B-A4B-it,"```json
{""broad_income"": 54340, ""taxable_income"": 37974}
```"
2026-06-08 13:48:05,722503.0,,51077.0,36320.8,0.14135742,0.1273913762375419,1,36321.0,51077.0,0.0003385428240623642,0.0,google/gemma-4-26B-A4B-it,"```json
{""broad_income"": 51077, ""taxable_income"": 36321}
```"
2026-06-08 13:48:05,722503.0,,51077.0,36320.8,0.14135742,0.1273913762375419,2,36321.0,51077.0,0.0003385428240623642,0.0,google/gemma-4-26B-A4B-it,"```json
{""broad_income"": 51077, ""taxable_income"": 36321}
```"
2026-06-08 13:48:10,4580101.0,,55218.0,36047.68,0.1965,0.168531869679385,1,36048.0,55218.0,0.00025503225191977707,0.0,google/gemma-4-26B-A4B-it,"```json
{""broad_income"": 55218, ""taxable_income"": 36048}
```"
2026-06-08 13:48:10,4580101.0,,55218.0,36047.68,0.1965,0.168531869679385,2,36048.0,55218.0,0.00025503225191977707,0.0,google/gemma-4-26B-A4B-it,"```json
{""broad_income"": 55218, ""taxable_income"": 36048}
```"
2026-06-08 13:48:16,3677601.0,,38180.0,23582.398,0.23190002,0.250207276861195,1,23582.0,38180.0,0.000708091834429068,-0.0,google/gemma-4-26B-A4B-it,"```json
{""broad_income"": 38180, ""taxable_income"": 23582}
```"
2026-06-08 13:48:16,3677601.0,,38180.0,23582.398,0.23190002,0.250207276861195,2,23582.0,38180.0,0.000708091834429068,-0.0,google/gemma-4-26B-A4B-it,"```json
{""broad_income"": 38180, ""taxable_income"": 23582}
```"
2026-06-08 13:48:21,8016001.0,,68500.0,30400.0,0.2295,0.2161709509994294,1,30400.0,68500.0,0.0,0.0,google/gemma-4-26B-A4B-it,"```json
{""broad_income"": 68500, ""taxable_income"": 30400}
```"
2026-06-08 13:48:21,8016001.0,,68500.0,30400.0,0.2295,0.2161709509994294,2,30400.0,68500.0,0.0,0.0,google/gemma-4-26B-A4B-it,"```json
{""broad_income"": 68500, ""taxable_income"": 30400}
```"
2026-06-08 13:48:25,2548401.0,,105053.0,77336.04,0.24570312,0.2254775330870259,1,77336.0,105053.0,-1.9289423112431282e-05,0.0,google/gemma-4-26B-A4B-it,"```json
{""broad_income"": 105053, ""taxable_income"": 77336}
```"
2026-06-08 13:48:25,2548401.0,,105053.0,77336.04,0.24570312,0.2254775330870259,2,77336.0,105053.0,-1.9289423112431282e-05,0.0,google/gemma-4-26B-A4B-it,"```json
{""broad_income"": 105053, ""taxable_income"": 77336}
```"
2026-06-08 13:48:31,1077004.0,,20000.0,6150.0,0.19078,0.2255892997243263,1,5600.0,20000.0,2.0790210910823914,-0.0,google/gemma-4-26B-A4B-it,"```json
{""broad_income"": 20000, ""taxable_income"": 5600}
```"
2026-06-08 13:48:31,1077004.0,,20000.0,6150.0,0.19078,0.2255892997243263,2,5682.0,20000.0,1.769057946593744,-0.0,google/gemma-4-26B-A4B-it,"```json
{""broad_income"": 20000, ""taxable_income"": 5682}
```"
2026-06-08 13:48:36,1240901.0,,65020.0,37313.6,0.22720031,0.2497260594080592,1,37314.0,65020.0,-0.000367773582701032,-0.0,google/gemma-4-26B-A4B-it,"```json
{""broad_income"": 65020, ""taxable_income"": 37314}
```"
2026-06-08 13:48:36,1240901.0,,65020.0,37313.6,0.22720031,0.2497260594080592,2,37314.0,65020.0,-0.000367773582701032,-0.0,google/gemma-4-26B-A4B-it,"```json
{""broad_income"": 65020, ""taxable_income"": 37314}
```"
2026-06-08 13:48:41,6567401.0,,65000.0,44200.0,0.1965,0.2364364345125872,1,47500.0,65000.0,-1.50213256983713,-0.0,google/gemma-4-26B-A4B-it,"```json
{""broad_income"": 65000, ""taxable_income"": 47500}
```"
2026-06-08 13:48:41,6567401.0,,65000.0,44200.0,0.1965,0.2364364345125872,2,48200.0,65000.0,-1.8207667513177332,-0.0,google/gemma-4-26B-A4B-it,"```json
{""broad_income"": 65000, ""taxable_income"": 48200}
```"
2026-06-08 13:48:46,5073901.0,,160352.0,108539.69,0.2965,0.3012222399873093,1,108540.0,160352.0,-0.0004254898106164577,-0.0,google/gemma-4-26B-A4B-it,"```json
{""broad_income"": 160352, ""taxable_income"": 108540}
```"
2026-06-08 13:48:46,5073901.0,,160352.0,108539.69,0.2965,0.3012222399873093,2,108540.0,160352.0,-0.0004254898106164577,-0.0,google/gemma-4-26B-A4B-it,"```json
{""broad_income"": 160352, ""taxable_income"": 108540}
```"
2026-06-08 13:48:52,977501.0,,61010.0,33309.36,0.2515,0.2379518472774738,1,33309.0,61010.0,-0.0005971011856004942,0.0,google/gemma-4-26B-A4B-it,"```json
{""broad_income"": 61010, ""taxable_income"": 33309}
```"
2026-06-08 13:48:52,977501.0,,61010.0,33309.36,0.2515,0.2379518472774738,2,33309.0,61010.0,-0.0005971011856004942,0.0,google/gemma-4-26B-A4B-it,"```json
{""broad_income"": 61010, ""taxable_income"": 33309}
```"
2026-06-08 13:48:57,885303.0,,85000.0,71150.0,0.38798046,0.3645565290560051,1,71150.0,85000.0,0.0,0.0,google/gemma-4-26B-A4B-it,"```json
{""broad_income"": 85000, ""taxable_income"": 71150}
```"
2026-06-08 13:48:57,885303.0,,85000.0,71150.0,0.38798046,0.3645565290560051,2,71150.0,85000.0,0.0,0.0,google/gemma-4-26B-A4B-it,"```json
{""broad_income"": 85000, ""taxable_income"": 71150}
```"
2026-06-08 13:49:02,6169703.0,,30800.0,8200.0,0.2870996,0.2857778210395534,1,8200.0,30800.0,0.0,0.0,google/gemma-4-26B-A4B-it,"```json
{""broad_income"": 30800, ""taxable_income"": 8200}
```"
2026-06-08 13:49:02,6169703.0,,30800.0,8200.0,0.2870996,0.2857778210395534,2,8200.0,30800.0,0.0,0.0,google/gemma-4-26B-A4B-it,"```json
{""broad_income"": 30800, ""taxable_income"": 8200}
```"
2026-06-08 13:49:07,820002.0,,77700.0,57050.0,0.3515,0.3245512130807463,1,57050.0,77700.0,0.0,0.0,google/gemma-4-26B-A4B-it,"```json
{""broad_income"": 77700, ""taxable_income"": 57050}
```"
2026-06-08 13:49:07,820002.0,,77700.0,57050.0,0.3515,0.3245512130807463,2,57050.0,77700.0,0.0,0.0,google/gemma-4-26B-A4B-it,"```json
{""broad_income"": 77700, ""taxable_income"": 57050}
```"
2026-06-08 13:49:12,7426001.0,,77550.0,9554.0,0.31209964,0.3354291647444829,1,0.0,77550.0,29.486256901254634,-0.0,google/gemma-4-26B-A4B-it,"```json
{""broad_income"": 77550, ""taxable_income"": 0}
```"
2026-06-08 13:49:12,7426001.0,,77550.0,9554.0,0.31209964,0.3354291647444829,2,7000.0,77550.0,7.882342487524005,-0.0,google/gemma-4-26B-A4B-it,"```json
{""broad_income"": 77550, ""taxable_income"": 7000}
```"
2026-06-08 13:49:18,6204201.0,,105002.0,91151.36,0.2965,0.3258292873794517,1,91151.0,105002.0,9.47331413551302e-05,-0.0,google/gemma-4-26B-A4B-it,"```json
{""broad_income"": 105002, ""taxable_income"": 91151}
```"
2026-06-08 13:49:18,6204201.0,,105002.0,91151.36,0.2965,0.3258292873794517,2,91151.0,105002.0,9.47331413551302e-05,-0.0,google/gemma-4-26B-A4B-it,"```json
{""broad_income"": 105002, ""taxable_income"": 91151}
```"
2026-06-08 13:49:23,875801.0,,255034.0,173744.98,0.47700486,0.4777306609958986,1,173745.0,255034.0,-8.294645379707473e-05,-0.0,google/gemma-4-26B-A4B-it,"```json
{""broad_income"": 255034, ""taxable_income"": 173745}
```"
2026-06-08 13:49:23,875801.0,,255034.0,173744.98,0.47700486,0.4777306609958986,2,173745.0,255034.0,-8.294645379707473e-05,-0.0,google/gemma-4-26B-A4B-it,"```json
{""broad_income"": 255034, ""taxable_income"": 173745}
```"
2026-06-08 13:49:28,890301.0,,37800.0,24225.0,0.27556995,0.2685807013817292,1,24225.0,37800.0,0.0,0.0,google/gemma-4-26B-A4B-it,"```json
{""broad_income"": 37800, ""taxable_income"": 24225}
```"
2026-06-08 13:49:28,890301.0,,37800.0,24225.0,0.27556995,0.2685807013817292,2,24225.0,37800.0,0.0,0.0,google/gemma-4-26B-A4B-it,"```json
{""broad_income"": 37800, ""taxable_income"": 24225}
```"
2026-06-08 13:49:33,8643501.0,,299130.0,237701.75,0.3695,0.3700151813828202,1,237702.0,299130.0,-0.001287160073868456,-0.0,google/gemma-4-26B-A4B-it,"```json
{""broad_income"": 299130, ""taxable_income"": 237702}
```"
2026-06-08 13:49:33,8643501.0,,299130.0,237701.75,0.3695,0.3700151813828202,2,237702.0,299130.0,-0.001287160073868456,-0.0,google/gemma-4-26B-A4B-it,"```json
{""broad_income"": 299130, ""taxable_income"": 237702}
```"
2026-06-08 13:49:38,2904603.0,,15600.0,1750.0,0.0,0.0503730469443715,1,0.0,15600.0,19.851886289593136,-0.0,google/gemma-4-26B-A4B-it,"```json
{""broad_income"": 15600, ""taxable_income"": 0}
```"
2026-06-08 13:49:38,2904603.0,,15600.0,1750.0,0.0,0.0503730469443715,2,0.0,15600.0,19.851886289593136,-0.0,google/gemma-4-26B-A4B-it,"```json
{""broad_income"": 15600, ""taxable_income"": 0}
```"
2026-06-08 13:49:43,2816003.0,,42011.0,28157.48,0.1965,0.1982882093220674,1,28157.0,42011.0,0.007659756778089494,-0.0,google/gemma-4-26B-A4B-it,"```json
{""broad_income"": 42011, ""taxable_income"": 28157}
```"
2026-06-08 13:49:43,2816003.0,,42011.0,28157.48,0.1965,0.1982882093220674,2,28157.0,42011.0,0.007659756778089494,-0.0,google/gemma-4-26B-A4B-it,"```json
{""broad_income"": 42011, ""taxable_income"": 28157}
```"
2026-06-08 13:49:48,7364904.0,,52100.0,32578.0,0.0,0.032085708546613,1,32578.0,52100.0,-0.0,-0.0,google/gemma-4-26B-A4B-it,"```json
{""broad_income"": 52100, ""taxable_income"": 32578}
```"
2026-06-08 13:49:48,7364904.0,,52100.0,32578.0,0.0,0.032085708546613,2,32578.0,52100.0,-0.0,-0.0,google/gemma-4-26B-A4B-it,"```json
{""broad_income"": 52100, ""taxable_income"": 32578}
```"
2026-06-08 13:49:53,8412801.0,,200002.0,166301.36,0.35289842,0.3419735690480904,1,166301.0,200002.0,-0.00012822232264625907,0.0,google/gemma-4-26B-A4B-it,"```json
{""broad_income"": 200002, ""taxable_income"": 166301}
```"
2026-06-08 13:49:53,8412801.0,,200002.0,166301.36,0.35289842,0.3419735690480904,2,166301.0,200002.0,-0.00012822232264625907,0.0,google/gemma-4-26B-A4B-it,"```json
{""broad_income"": 200002, ""taxable_income"": 166301}
```"
2026-06-08 13:49:58,8639601.0,,147657.0,69767.08,0.2695,0.2627742432208167,1,69767.0,147657.0,-0.00012454276479233382,0.0,google/gemma-4-26B-A4B-it,"```json
{""broad_income"": 147657, ""taxable_income"": 69767}
```"
2026-06-08 13:49:58,8639601.0,,147657.0,69767.08,0.2695,0.2627742432208167,2,69767.0,147657.0,-0.00012454276479233382,0.0,google/gemma-4-26B-A4B-it,"```json
{""broad_income"": 147657, ""taxable_income"": 69767}
```"
2026-06-08 13:50:03,6513702.0,,39002.0,24231.36,0.1965,0.2151597559042587,1,24231.0,39002.0,0.0006397416612112026,-0.0,google/gemma-4-26B-A4B-it,"```json
{""broad_income"": 39002, ""taxable_income"": 24231}
```"
2026-06-08 13:50:03,6513702.0,,39002.0,24231.36,0.1965,0.2151597559042587,2,24231.0,39002.0,0.0006397416612112026,-0.0,google/gemma-4-26B-A4B-it,"```json
{""broad_income"": 39002, ""taxable_income"": 24231}
```"
2026-06-08 13:50:08,2937101.0,,255021.0,222314.28,0.3298994,0.3384529334610617,1,222314.0,255021.0,9.866999806251242e-05,-0.0,google/gemma-4-26B-A4B-it,"```json
{""broad_income"": 255021, ""taxable_income"": 222314}
```"
2026-06-08 13:50:08,2937101.0,,255021.0,222314.28,0.3298994,0.3384529334610617,2,222314.0,255021.0,9.866999806251242e-05,-0.0,google/gemma-4-26B-A4B-it,"```json
{""broad_income"": 255021, ""taxable_income"": 222314}
```"
2026-06-08 13:50:14,882201.0,,55010.0,27306.8,-0.24331945,-0.2108280810631655,1,27307.0,55010.0,-0.00028026825158751316,-0.0,google/gemma-4-26B-A4B-it,"```json
{""broad_income"": 55010, ""taxable_income"": 27307}
```"
2026-06-08 13:50:14,882201.0,,55010.0,27306.8,-0.24331945,-0.2108280810631655,2,27307.0,55010.0,-0.00028026825158751316,-0.0,google/gemma-4-26B-A4B-it,"```json
{""broad_income"": 55010, ""taxable_income"": 27307}
```"
2026-06-08 13:50:19,7034201.0,,50105.0,20591.209,0.26856384,0.2697091130071705,1,20591.0,50105.0,0.00648234052297054,-0.0,google/gemma-4-26B-A4B-it,"```json
{""broad_income"": 50105, ""taxable_income"": 20591}
```"
2026-06-08 13:50:19,7034201.0,,50105.0,20591.209,0.26856384,0.2697091130071705,2,20591.0,50105.0,0.00648234052297054,-0.0,google/gemma-4-26B-A4B-it,"```json
{""broad_income"": 50105, ""taxable_income"": 20591}
```"
2026-06-08 13:50:24,4635101.0,,56457.0,28418.762,0.1965,0.1770826757777019,1,28419.0,56457.0,0.00034655191327739545,0.0,google/gemma-4-26B-A4B-it,"```json
{""broad_income"": 56457, ""taxable_income"": 28419}
```"
2026-06-08 13:50:24,4635101.0,,56457.0,28418.762,0.1965,0.1770826757777019,2,28419.0,56457.0,0.00034655191327739545,0.0,google/gemma-4-26B-A4B-it,"```json
{""broad_income"": 56457, ""taxable_income"": 28419}
```"
2026-06-08 13:50:31,3572001.0,,40010.0,26156.8,0.254,0.2721591306983792,1,26157.0,40010.0,-0.00031411534801323776,-0.0,google/gemma-4-26B-A4B-it,"```json
{""broad_income"": 40010, ""taxable_income"": 26157}
```"
2026-06-08 13:50:31,3572001.0,,40010.0,26156.8,0.254,0.2721591306983792,2,26157.0,40010.0,-0.00031411534801323776,-0.0,google/gemma-4-26B-A4B-it,"```json
{""broad_income"": 40010, ""taxable_income"": 26157}
```"
2026-06-08 13:50:36,8127501.0,,100020.0,86063.6,0.4025,0.3949232007825375,1,86064.0,100020.0,0.0003665157261587193,0.0,google/gemma-4-26B-A4B-it,"```json
{""broad_income"": 100020, ""taxable_income"": 86064}
```"
2026-06-08 13:50:36,8127501.0,,100020.0,86063.6,0.4025,0.3949232007825375,2,86064.0,100020.0,0.0003665157261587193,0.0,google/gemma-4-26B-A4B-it,"```json
{""broad_income"": 100020, ""taxable_income"": 86064}
```"
2026-06-08 13:50:42,1042901.0,,135118.0,121230.234,0.3814741,0.3896194801676356,1,121230.0,135118.0,0.00014657214548659386,-0.0,google/gemma-4-26B-A4B-it,"```json
{""broad_income"": 135118, ""taxable_income"": 121230}
```"
2026-06-08 13:50:42,1042901.0,,135118.0,121230.234,0.3814741,0.3896194801676356,2,121230.0,135118.0,0.00014657214548659386,-0.0,google/gemma-4-26B-A4B-it,"```json
{""broad_income"": 135118, ""taxable_income"": 121230}
```"
2026-06-08 13:50:47,4208701.0,,40000.0,19116.074,0.2615,0.275994289436317,1,18500.0,40000.0,1.642055182735108,-0.0,google/gemma-4-26B-A4B-it,"```json
{""broad_income"": 40000, ""taxable_income"": 18500}
```"
2026-06-08 13:50:47,4208701.0,,40000.0,19116.074,0.2615,0.275994289436317,2,18950.0,39850.0,0.44264596853227206,0.19106662745819386,google/gemma-4-26B-A4B-it,"```json
{""broad_income"": 39850, ""taxable_income"": 18950}
```"
2026-06-08 13:50:53,309501.0,,217671.0,213864.58,0.3725,0.3741767968002759,1,213865.0,217671.0,-0.0007349261841377102,-0.0,google/gemma-4-26B-A4B-it,"```json
{""broad_income"": 217671, ""taxable_income"": 213865}
```"
2026-06-08 13:50:53,309501.0,,217671.0,213864.58,0.3725,0.3741767968002759,2,213865.0,217671.0,-0.0007349261841377102,-0.0,google/gemma-4-26B-A4B-it,"```json
{""broad_income"": 217671, ""taxable_income"": 213865}
```"
2026-06-08 13:50:58,4000304.0,,24600.0,5058.0,0.124,0.1463809489792913,1,4958.0,24600.0,0.7738321763707845,-0.0,google/gemma-4-26B-A4B-it,"```json
{""broad_income"": 24600, ""taxable_income"": 4958}
```"
2026-06-08 13:50:58,4000304.0,,24600.0,5058.0,0.124,0.1463809489792913,2,5058.0,24600.0,-0.0,-0.0,google/gemma-4-26B-A4B-it,"```json
{""broad_income"": 24600, ""taxable_income"": 5058}
```"
2026-06-08 13:51:04,716001.0,,170000.0,142300.0,0.3515,0.3604142391143317,1,142300.0,170000.0,-0.0,-0.0,google/gemma-4-26B-A4B-it,"```json
{""broad_income"": 170000, ""taxable_income"": 142300}
```"
2026-06-08 13:51:04,716001.0,,170000.0,142300.0,0.3515,0.3604142391143317,2,142300.0,170000.0,-0.0,-0.0,google/gemma-4-26B-A4B-it,"```json
{""broad_income"": 170000, ""taxable_income"": 142300}
```"
2026-06-08 13:51:10,1088001.0,,210044.0,182329.92,0.3614746,0.3803130345623942,1,182330.0,210044.0,-1.4871864244513313e-05,-0.0,google/gemma-4-26B-A4B-it,"```json
{""broad_income"": 210044, ""taxable_income"": 182330}
```"
2026-06-08 13:51:10,1088001.0,,210044.0,182329.92,0.3614746,0.3803130345623942,2,182330.0,210044.0,-1.4871864244513313e-05,-0.0,google/gemma-4-26B-A4B-it,"```json
{""broad_income"": 210044, ""taxable_income"": 182330}
```"
2026-06-08 13:51:15,1078801.0,,50000.0,22300.0,0.21434997,0.1747968917147312,1,22300.0,50000.0,0.0,0.0,google/gemma-4-26B-A4B-it,"```json
{""broad_income"": 50000, ""taxable_income"": 22300}
```"
2026-06-08 13:51:15,1078801.0,,50000.0,22300.0,0.21434997,0.1747968917147312,2,22300.0,50000.0,0.0,0.0,google/gemma-4-26B-A4B-it,"```json
{""broad_income"": 50000, ""taxable_income"": 22300}
```"
2026-06-08 13:51:20,5548001.0,,65010.0,51156.8,0.34349903,0.3429200453831262,1,51157.0,65010.0,0.004432971838905657,0.0,google/gemma-4-26B-A4B-it,"```json
{""broad_income"": 65010, ""taxable_income"": 51157}
```"
2026-06-08 13:51:20,5548001.0,,65010.0,51156.8,0.34349903,0.3429200453831262,2,51157.0,65010.0,0.004432971838905657,0.0,google/gemma-4-26B-A4B-it,"```json
{""broad_income"": 65010, ""taxable_income"": 51157}
```"
2026-06-08 13:51:25,6446002.0,,78009.0,64156.117,0.2965,0.3086993764510741,1,64156.0,78009.0,0.0001051657345793176,-0.0,google/gemma-4-26B-A4B-it,"```json
{""broad_income"": 78009, ""taxable_income"": 64156}
```"
2026-06-08 13:51:25,6446002.0,,78009.0,64156.117,0.2965,0.3086993764510741,2,64156.0,78009.0,0.0001051657345793176,-0.0,google/gemma-4-26B-A4B-it,"```json
{""broad_income"": 78009, ""taxable_income"": 64156}
```"
2026-06-08 13:51:30,4788701.0,,180052.0,152336.0,0.2965,0.2927265116734,1,152336.0,180052.0,0.0,0.0,google/gemma-4-26B-A4B-it,"```json
{""broad_income"": 180052, ""taxable_income"": 152336}
```"
2026-06-08 13:51:30,4788701.0,,180052.0,152336.0,0.2965,0.2927265116734,2,152336.0,180052.0,0.0,0.0,google/gemma-4-26B-A4B-it,"```json
{""broad_income"": 180052, ""taxable_income"": 152336}
```"
2026-06-08 13:51:35,8494203.0,,33000.0,19150.0,0.2495,0.251604634719077,1,19150.0,33000.0,-0.0,-0.0,google/gemma-4-26B-A4B-it,"```json
{""broad_income"": 33000, ""taxable_income"": 19150}
```"
2026-06-08 13:51:35,8494203.0,,33000.0,19150.0,0.2495,0.251604634719077,2,19150.0,33000.0,-0.0,-0.0,google/gemma-4-26B-A4B-it,"```json
{""broad_income"": 33000, ""taxable_income"": 19150}
```"
2026-06-08 13:51:41,2911701.0,,26220.0,15666.6,0.33360034,0.3372715442744473,1,15667.0,26220.0,-0.004634591413212693,-0.0,google/gemma-4-26B-A4B-it,"```json
{""broad_income"": 26220, ""taxable_income"": 15667}
```"
2026-06-08 13:51:41,2911701.0,,26220.0,15666.6,0.33360034,0.3372715442744473,2,15667.0,26220.0,-0.004634591413212693,-0.0,google/gemma-4-26B-A4B-it,"```json
{""broad_income"": 26220, ""taxable_income"": 15667}
```"
2026-06-08 13:51:46,2098901.0,,370100.0,325968.0,0.304,0.29323105708835,1,325968.0,370100.0,0.0,0.0,google/gemma-4-26B-A4B-it,"```json
{""broad_income"": 370100, ""taxable_income"": 325968}
```"
2026-06-08 13:51:46,2098901.0,,370100.0,325968.0,0.304,0.29323105708835,2,325968.0,370100.0,0.0,0.0,google/gemma-4-26B-A4B-it,"```json
{""broad_income"": 370100, ""taxable_income"": 325968}
```"
2026-06-08 13:51:51,7855501.0,,183690.0,155129.19,0.2402998,0.2257757602951036,1,155129.0,183690.0,-6.406412360028489e-05,0.0,google/gemma-4-26B-A4B-it,"```json
{""broad_income"": 183690, ""taxable_income"": 155129}
```"
2026-06-08 13:51:51,7855501.0,,183690.0,155129.19,0.2402998,0.2257757602951036,2,155129.0,183690.0,-6.406412360028489e-05,0.0,google/gemma-4-26B-A4B-it,"```json
{""broad_income"": 183690, ""taxable_income"": 155129}
```"
2026-06-08 13:51:56,1722805.0,,93010.0,79156.8,0.328,0.3368535880227061,1,79157.0,93010.0,-0.00019177488466645736,-0.0,google/gemma-4-26B-A4B-it,"```json
{""broad_income"": 93010, ""taxable_income"": 79157}
```"
2026-06-08 13:51:56,1722805.0,,93010.0,79156.8,0.328,0.3368535880227061,2,79157.0,93010.0,-0.00019177488466645736,-0.0,google/gemma-4-26B-A4B-it,"```json
{""broad_income"": 93010, ""taxable_income"": 79157}
```"
2026-06-08 13:52:02,8501801.0,,172349.0,142247.31,0.3605,0.3696399277932812,1,142247.0,172349.0,0.00015248088907838934,-0.0,google/gemma-4-26B-A4B-it,"```json
{""broad_income"": 172349, ""taxable_income"": 142247}
```"
2026-06-08 13:52:02,8501801.0,,172349.0,142247.31,0.3605,0.3696399277932812,2,142247.0,172349.0,0.00015248088907838934,-0.0,google/gemma-4-26B-A4B-it,"```json
{""broad_income"": 172349, ""taxable_income"": 142247}
```"
2026-06-08 13:52:07,329201.0,,285903.0,196814.3,0.27312404,0.2781051055778308,1,196814.0,285903.0,0.00022243475762087826,-0.0,google/gemma-4-26B-A4B-it,"```json
{""broad_income"": 285903, ""taxable_income"": 196814}
```"
2026-06-08 13:52:07,329201.0,,285903.0,196814.3,0.27312404,0.2781051055778308,2,196814.0,285903.0,0.00022243475762087826,-0.0,google/gemma-4-26B-A4B-it,"```json
{""broad_income"": 285903, ""taxable_income"": 196814}
```"
2026-06-08 13:52:12,8539201.0,,84523.0,46949.633,0.2525,0.2943027795145002,1,46950.0,84523.0,-0.0001397783469136953,-0.0,google/gemma-4-26B-A4B-it,"```json
{""broad_income"": 84523, ""taxable_income"": 46950}
```"
2026-06-08 13:52:12,8539201.0,,84523.0,46949.633,0.2525,0.2943027795145002,2,41500.0,84523.0,2.0755877167021937,-0.0,google/gemma-4-26B-A4B-it,"```json
{""broad_income"": 84523, ""taxable_income"": 41500}
```"
2026-06-08 13:52:17,628701.0,,40662.0,25427.36,0.2915,0.3178358475584674,1,25427.0,40662.0,0.0003808849247716342,-0.0,google/gemma-4-26B-A4B-it,"```json
{""broad_income"": 40662, ""taxable_income"": 25427}
```"
2026-06-08 13:52:17,628701.0,,40662.0,25427.36,0.2915,0.3178358475584674,2,25427.0,40662.0,0.0003808849247716342,-0.0,google/gemma-4-26B-A4B-it,"```json
{""broad_income"": 40662, ""taxable_income"": 25427}
```"
2026-06-08 13:52:22,8039101.0,,114072.0,85763.04,0.2695,0.2441060682806919,1,85763.0,114072.0,-1.3416835566123048e-05,0.0,google/gemma-4-26B-A4B-it,"```json
{""broad_income"": 114072, ""taxable_income"": 85763}
```"
2026-06-08 13:52:22,8039101.0,,114072.0,85763.04,0.2695,0.2441060682806919,2,85763.0,114072.0,-1.3416835566123048e-05,0.0,google/gemma-4-26B-A4B-it,"```json
{""broad_income"": 114072, ""taxable_income"": 85763}
```"
2026-06-08 13:52:27,4433501.0,,79682.0,63675.0,0.1965,0.1627678648936407,1,63675.0,79682.0,0.0,0.0,google/gemma-4-26B-A4B-it,"```json
{""broad_income"": 79682, ""taxable_income"": 63675}
```"
2026-06-08 13:52:27,4433501.0,,79682.0,63675.0,0.1965,0.1627678648936407,2,63675.0,79682.0,0.0,0.0,google/gemma-4-26B-A4B-it,"```json
{""broad_income"": 79682, ""taxable_income"": 63675}
```"
2026-06-08 13:52:32,8678201.0,,65011.0,47307.48,0.38950124,0.3932903115104772,1,46924.0,65011.0,1.3060652927919807,-0.0,google/gemma-4-26B-A4B-it,"```json
{""broad_income"": 65011, ""taxable_income"": 46924}
```"
2026-06-08 13:52:32,8678201.0,,65011.0,47307.48,0.38950124,0.3932903115104772,2,47307.0,65011.0,0.0016347954014403012,-0.0,google/gemma-4-26B-A4B-it,"```json
{""broad_income"": 65011, ""taxable_income"": 47307}
```"
2026-06-08 13:52:44,825102.0,,28000.0,7200.0,-0.5614,-0.5840688181092759,1,7200.0,28000.0,0.0,0.0,google/gemma-4-26B-A4B-it,"```json
{""broad_income"": 28000, ""taxable_income"": 7200}
```"
2026-06-08 13:52:44,825102.0,,28000.0,7200.0,-0.5614,-0.5840688181092759,2,7200.0,28000.0,0.0,0.0,google/gemma-4-26B-A4B-it,"```json
{""broad_income"": 28000, ""taxable_income"": 7200}
```"
2026-06-08 13:52:49,4614201.0,,22005.0,1203.4004,-0.073500246,-0.081886037337806,1,1357.0,22005.0,16.339472425512152,0.0,google/gemma-4-26B-A4B-it,"```json
{""broad_income"": 22005, ""taxable_income"": 1357}
```"
2026-06-08 13:52:49,4614201.0,,22005.0,1203.4004,-0.073500246,-0.081886037337806,2,0.0,22005.0,-128.0141852755495,0.0,google/gemma-4-26B-A4B-it,"```json
{""broad_income"": 22005, ""taxable_income"": 0}
```"
2026-06-08 13:52:54,8535801.0,,146000.0,112100.0,0.38950002,0.3406527847063145,1,112100.0,146000.0,0.0,0.0,google/gemma-4-26B-A4B-it,"```json
{""broad_income"": 146000, ""taxable_income"": 112100}
```"
2026-06-08 13:52:54,8535801.0,,146000.0,112100.0,0.38950002,0.3406527847063145,2,112100.0,146000.0,0.0,0.0,google/gemma-4-26B-A4B-it,"```json
{""broad_income"": 146000, ""taxable_income"": 112100}
```"
2026-06-08 13:53:00,4399901.0,,222320.0,184808.6,0.354,0.3356634195064908,1,184809.0,222320.0,7.625213058885703e-05,0.0,google/gemma-4-26B-A4B-it,"```json
{""broad_income"": 222320, ""taxable_income"": 184809}
```"
2026-06-08 13:53:00,4399901.0,,222320.0,184808.6,0.354,0.3356634195064908,2,184809.0,222320.0,7.625213058885703e-05,0.0,google/gemma-4-26B-A4B-it,"```json
{""broad_income"": 222320, ""taxable_income"": 184809}
```"
2026-06-08 13:53:05,5181001.0,,37000.0,23150.0,0.23667505,0.2391121923079272,1,23150.0,37000.0,-0.0,-0.0,google/gemma-4-26B-A4B-it,"```json
{""broad_income"": 37000, ""taxable_income"": 23150}
```"
2026-06-08 13:53:05,5181001.0,,37000.0,23150.0,0.23667505,0.2391121923079272,2,23150.0,37000.0,-0.0,-0.0,google/gemma-4-26B-A4B-it,"```json
{""broad_income"": 37000, ""taxable_income"": 23150}
```"
2026-06-08 13:53:11,6141901.0,,32400.0,4700.0,0.076500244,0.0982998543763994,1,4700.0,32400.0,-0.0,-0.0,google/gemma-4-26B-A4B-it,"```json
{""broad_income"": 32400, ""taxable_income"": 4700}
```"
2026-06-08 13:53:11,6141901.0,,32400.0,4700.0,0.076500244,0.0982998543763994,2,4180.0,32400.0,4.68698473620323,-0.0,google/gemma-4-26B-A4B-it,"```json
{""broad_income"": 32400, ""taxable_income"": 4180}
```"
2026-06-08 13:53:16,3912302.0,,40001.0,26150.68,0.245,0.2747208719787265,1,26151.0,40001.0,-0.00031085109143195544,-0.0,google/gemma-4-26B-A4B-it,"```json
{""broad_income"": 40001, ""taxable_income"": 26151}
```"
2026-06-08 13:53:16,3912302.0,,40001.0,26150.68,0.245,0.2747208719787265,2,26151.0,40001.0,-0.00031085109143195544,-0.0,google/gemma-4-26B-A4B-it,"```json
{""broad_income"": 40001, ""taxable_income"": 26151}
```"
2026-06-08 13:53:21,5152701.0,,76000.0,50880.0,0.23867504,0.2347926436124495,1,50880.0,76000.0,0.0,0.0,google/gemma-4-26B-A4B-it,"```json
{""broad_income"": 76000, ""taxable_income"": 50880}
```"
2026-06-08 13:53:21,5152701.0,,76000.0,50880.0,0.23867504,0.2347926436124495,2,50880.0,76000.0,0.0,0.0,google/gemma-4-26B-A4B-it,"```json
{""broad_income"": 76000, ""taxable_income"": 50880}
```"
2026-06-08 13:53:26,4796701.0,,62002.0,29601.36,0.1965,0.2115504576637803,1,29601.0,62002.0,0.0006492725031222679,-0.0,google/gemma-4-26B-A4B-it,"```json
{""broad_income"": 62002, ""taxable_income"": 29601}
```"
2026-06-08 13:53:26,4796701.0,,62002.0,29601.36,0.1965,0.2115504576637803,2,29601.0,62002.0,0.0006492725031222679,-0.0,google/gemma-4-26B-A4B-it,"```json
{""broad_income"": 62002, ""taxable_income"": 29601}
```"
2026-06-08 13:53:31,8097604.0,,40000.0,18659.271,0.140625,0.1706443797555453,1,21353.0,40000.0,-4.132760426268382,-0.0,google/gemma-4-26B-A4B-it,"```json
{""broad_income"": 40000, ""taxable_income"": 21353}
```"
2026-06-08 13:53:31,8097604.0,,40000.0,18659.271,0.140625,0.1706443797555453,2,21353.0,40000.0,-4.132760426268382,-0.0,google/gemma-4-26B-A4B-it,"```json
{""broad_income"": 40000, ""taxable_income"": 21353}
```"
2026-06-08 13:53:36,642501.0,,157472.0,116360.97,0.35650098,0.3668190913454138,1,116361.0,157472.0,-1.6079095011806504e-05,-0.0,google/gemma-4-26B-A4B-it,"```json
{""broad_income"": 157472, ""taxable_income"": 116361}
```"
2026-06-08 13:53:36,642501.0,,157472.0,116360.97,0.35650098,0.3668190913454138,2,116361.0,157472.0,-1.6079095011806504e-05,-0.0,google/gemma-4-26B-A4B-it,"```json
{""broad_income"": 157472, ""taxable_income"": 116361}
```"
2026-06-08 13:53:42,2074701.0,,131120.0,103381.59,0.337,0.354686483111532,1,103382.0,131120.0,-0.0001486663551979942,-0.0,google/gemma-4-26B-A4B-it,"```json
{""broad_income"": 131120, ""taxable_income"": 103382}
```"
2026-06-08 13:53:42,2074701.0,,131120.0,103381.59,0.337,0.354686483111532,2,103382.0,131120.0,-0.0001486663551979942,-0.0,google/gemma-4-26B-A4B-it,"```json
{""broad_income"": 131120, ""taxable_income"": 103382}
```"
2026-06-08 13:53:47,8430904.0,,25001.0,7507.589,0.14160156,0.1046211615101397,1,7508.0,25001.0,0.0012707457491079046,0.0,google/gemma-4-26B-A4B-it,"```json
{""broad_income"": 25001, ""taxable_income"": 7508}
```"
2026-06-08 13:53:47,8430904.0,,25001.0,7507.589,0.14160156,0.1046211615101397,2,7508.0,25001.0,0.0012707457491079046,0.0,google/gemma-4-26B-A4B-it,"```json
{""broad_income"": 25001, ""taxable_income"": 7508}
```"
2026-06-08 13:53:52,8031901.0,,189017.0,161307.47,0.4025,0.38918433368237,1,161307.0,189017.0,-0.0001307429814816202,0.0,google/gemma-4-26B-A4B-it,"```json
{""broad_income"": 189017, ""taxable_income"": 161307}
```"
2026-06-08 13:53:52,8031901.0,,189017.0,161307.47,0.4025,0.38918433368237,2,161307.0,189017.0,-0.0001307429814816202,0.0,google/gemma-4-26B-A4B-it,"```json
{""broad_income"": 189017, ""taxable_income"": 161307}
```"
2026-06-08 13:53:57,3919701.0,,36000.0,22150.0,0.245,0.2451504733763712,1,22150.0,36000.0,-0.0,-0.0,google/gemma-4-26B-A4B-it,"```json
{""broad_income"": 36000, ""taxable_income"": 22150}
```"
2026-06-08 13:53:57,3919701.0,,36000.0,22150.0,0.245,0.2451504733763712,2,22150.0,36000.0,-0.0,-0.0,google/gemma-4-26B-A4B-it,"```json
{""broad_income"": 36000, ""taxable_income"": 22150}
```"
2026-06-08 13:54:02,5095601.0,,72000.0,44300.0,0.1965,0.166214825625161,1,44300.0,72000.0,0.0,0.0,google/gemma-4-26B-A4B-it,"```json
{""broad_income"": 72000, ""taxable_income"": 44300}
```"
2026-06-08 13:54:02,5095601.0,,72000.0,44300.0,0.1965,0.166214825625161,2,44300.0,72000.0,0.0,0.0,google/gemma-4-26B-A4B-it,"```json
{""broad_income"": 72000, ""taxable_income"": 44300}
```"
2026-06-08 13:54:07,2049201.0,,62695.0,76432.6,0.337,0.3357163917281865,1,76433.0,62695.0,0.002703101661223306,0.0,google/gemma-4-26B-A4B-it,"```json
{""broad_income"": 62695, ""taxable_income"": 76433}
```"
2026-06-08 13:54:07,2049201.0,,62695.0,76432.6,0.337,0.3357163917281865,2,76433.0,62695.0,0.002703101661223306,0.0,google/gemma-4-26B-A4B-it,"```json
{""broad_income"": 62695, ""taxable_income"": 76433}
```"
2026-06-08 13:54:12,1493501.0,,167398.0,137470.0,0.332125,0.346352043895309,1,137470.0,167398.0,-0.0,-0.0,google/gemma-4-26B-A4B-it,"```json
{""broad_income"": 167398, ""taxable_income"": 137470}
```"
2026-06-08 13:54:12,1493501.0,,167398.0,137470.0,0.332125,0.346352043895309,2,137470.0,167398.0,-0.0,-0.0,google/gemma-4-26B-A4B-it,"```json
{""broad_income"": 167398, ""taxable_income"": 137470}
```"
2026-06-08 13:54:17,3970101.0,,94244.0,66544.0,0.24467504,0.215359093752402,1,66544.0,94244.0,0.0,0.0,google/gemma-4-26B-A4B-it,"```json
{""broad_income"": 94244, ""taxable_income"": 66544}
```"
2026-06-08 13:54:17,3970101.0,,94244.0,66544.0,0.24467504,0.215359093752402,2,66544.0,94244.0,0.0,0.0,google/gemma-4-26B-A4B-it,"```json
{""broad_income"": 94244, ""taxable_income"": 66544}
```"
2026-06-08 13:54:22,2564001.0,,18761.0,8020.9805,0.22649999,0.2160082841490133,1,8021.0,18761.0,0.00017923440086059367,0.0,google/gemma-4-26B-A4B-it,"```json
{""broad_income"": 18761, ""taxable_income"": 8021}
```"
2026-06-08 13:54:22,2564001.0,,18761.0,8020.9805,0.22649999,0.2160082841490133,2,8021.0,18761.0,0.00017923440086059367,0.0,google/gemma-4-26B-A4B-it,"```json
{""broad_income"": 18761, ""taxable_income"": 8021}
```"
2026-06-08 13:54:27,4790402.0,,33600.0,19750.0,0.1965,0.2170678587497424,1,19750.0,33600.0,-0.0,-0.0,google/gemma-4-26B-A4B-it,"```json
{""broad_income"": 33600, ""taxable_income"": 19750}
```"
2026-06-08 13:54:27,4790402.0,,33600.0,19750.0,0.1965,0.2170678587497424,2,19750.0,33600.0,-0.0,-0.0,google/gemma-4-26B-A4B-it,"```json
{""broad_income"": 33600, ""taxable_income"": 19750}
```"
2026-06-08 13:54:32,851401.0,,55007.0,40442.754,0.3148181,0.318070814063902,1,40443.0,55007.0,-0.0012813104845595868,-0.0,google/gemma-4-26B-A4B-it,"```json
{""broad_income"": 55007, ""taxable_income"": 40443}
```"
2026-06-08 13:54:32,851401.0,,55007.0,40442.754,0.3148181,0.318070814063902,2,40443.0,55007.0,-0.0012813104845595868,-0.0,google/gemma-4-26B-A4B-it,"```json
{""broad_income"": 55007, ""taxable_income"": 40443}
```"
2026-06-08 13:54:37,8571501.0,,144104.0,136382.72,0.4225,0.4350043899515136,1,136383.0,144104.0,-9.48174264442983e-05,-0.0,google/gemma-4-26B-A4B-it,"```json
{""broad_income"": 144104, ""taxable_income"": 136383}
```"
2026-06-08 13:54:37,8571501.0,,144104.0,136382.72,0.4225,0.4350043899515136,2,136383.0,144104.0,-9.48174264442983e-05,-0.0,google/gemma-4-26B-A4B-it,"```json
{""broad_income"": 144104, ""taxable_income"": 136383}
```"
2026-06-08 13:54:42,8641001.0,,150000.0,122300.0,0.4025,0.4228026506301824,1,122300.0,150000.0,-0.0,-0.0,google/gemma-4-26B-A4B-it,"```json
{""broad_income"": 150000, ""taxable_income"": 122300}
```"
2026-06-08 13:54:42,8641001.0,,150000.0,122300.0,0.4025,0.4228026506301824,2,122300.0,150000.0,-0.0,-0.0,google/gemma-4-26B-A4B-it,"```json
{""broad_income"": 150000, ""taxable_income"": 122300}
```"
2026-06-08 13:54:47,6156401.0,,35935.0,17435.8,0.1965,0.1776783504186354,1,17436.0,35935.0,0.0004896844515229784,0.0,google/gemma-4-26B-A4B-it,"```json
{""broad_income"": 35935, ""taxable_income"": 17436}
```"
2026-06-08 13:54:47,6156401.0,,35935.0,17435.8,0.1965,0.1776783504186354,2,17436.0,35935.0,0.0004896844515229784,0.0,google/gemma-4-26B-A4B-it,"```json
{""broad_income"": 35935, ""taxable_income"": 17436}
```"
2026-06-08 13:54:52,4499201.0,,91609.0,92139.72,0.2965,0.2621036713438806,1,92140.0,91609.0,6.215315155367351e-05,0.0,google/gemma-4-26B-A4B-it,"```json
{""broad_income"": 91609, ""taxable_income"": 92140}
```"
2026-06-08 13:54:52,4499201.0,,91609.0,92139.72,0.2965,0.2621036713438806,2,92140.0,91609.0,6.215315155367351e-05,0.0,google/gemma-4-26B-A4B-it,"```json
{""broad_income"": 91609, ""taxable_income"": 92140}
```"
2026-06-08 13:54:58,2264601.0,,72601.0,35818.68,0.2558602,0.281428855764407,1,32239.0,72601.0,2.9085816858955726,-0.0,google/gemma-4-26B-A4B-it,"```json
{""broad_income"": 72601, ""taxable_income"": 32239}
```"
2026-06-08 13:54:58,2264601.0,,72601.0,35818.68,0.2558602,0.281428855764407,2,36819.0,72601.0,-0.812785621070894,-0.0,google/gemma-4-26B-A4B-it,"```json
{""broad_income"": 72601, ""taxable_income"": 36819}
```"
2026-06-08 13:55:03,7375202.0,,90201.0,76036.68,0.3215,0.311883121343858,1,76037.0,90201.0,0.0002969221168677421,0.0,google/gemma-4-26B-A4B-it,"```json
{""broad_income"": 90201, ""taxable_income"": 76037}
```"
2026-06-08 13:55:03,7375202.0,,90201.0,76036.68,0.3215,0.311883121343858,2,76037.0,90201.0,0.0002969221168677421,0.0,google/gemma-4-26B-A4B-it,"```json
{""broad_income"": 90201, ""taxable_income"": 76037}
```"
2026-06-08 13:55:08,6062501.0,,77745.0,61856.6,0.2965,0.3078505791330674,1,61857.0,77745.0,-0.0004007929072665675,-0.0,google/gemma-4-26B-A4B-it,"```json
{""broad_income"": 77745, ""taxable_income"": 61857}
```"
2026-06-08 13:55:08,6062501.0,,77745.0,61856.6,0.2965,0.3078505791330674,2,61857.0,77745.0,-0.0004007929072665675,-0.0,google/gemma-4-26B-A4B-it,"```json
{""broad_income"": 77745, ""taxable_income"": 61857}
```"
2026-06-08 13:55:13,1335801.0,,21001.0,8080.1797,0.25719994,0.2661910038419015,1,8080.0,21001.0,0.0018373331312431626,-0.0,google/gemma-4-26B-A4B-it,"```json
{""broad_income"": 21001, ""taxable_income"": 8080}
```"
2026-06-08 13:55:13,1335801.0,,21001.0,8080.1797,0.25719994,0.2661910038419015,2,8080.0,21001.0,0.0018373331312431626,-0.0,google/gemma-4-26B-A4B-it,"```json
{""broad_income"": 21001, ""taxable_income"": 8080}
```"
2026-06-08 13:55:18,8167701.0,,35000.0,21150.0,0.2495,0.2605329273314311,1,21150.0,35000.0,-0.0,-0.0,google/gemma-4-26B-A4B-it,"```json
{""broad_income"": 35000, ""taxable_income"": 21150}
```"
2026-06-08 13:55:18,8167701.0,,35000.0,21150.0,0.2495,0.2605329273314311,2,21150.0,35000.0,-0.0,-0.0,google/gemma-4-26B-A4B-it,"```json
{""broad_income"": 35000, ""taxable_income"": 21150}
```"
2026-06-08 13:55:23,7431504.0,,57400.0,29700.0,0.2215,0.238135096198247,1,29700.0,57400.0,-0.0,-0.0,google/gemma-4-26B-A4B-it,"```json
{""broad_income"": 57400, ""taxable_income"": 29700}
```"
2026-06-08 13:55:23,7431504.0,,57400.0,29700.0,0.2215,0.238135096198247,2,29700.0,57400.0,-0.0,-0.0,google/gemma-4-26B-A4B-it,"```json
{""broad_income"": 57400, ""taxable_income"": 29700}
```"
2026-06-08 13:55:28,8429802.0,,57200.0,55556.0,0.3695,0.3687347548294605,1,55556.0,57200.0,0.0,0.0,google/gemma-4-26B-A4B-it,"```json
{""broad_income"": 57200, ""taxable_income"": 55556}
```"
2026-06-08 13:55:28,8429802.0,,57200.0,55556.0,0.3695,0.3687347548294605,2,55556.0,57200.0,0.0,0.0,google/gemma-4-26B-A4B-it,"```json
{""broad_income"": 57200, ""taxable_income"": 55556}
```"
2026-06-08 13:55:33,6310602.0,,40000.0,24300.0,0.1965,0.2130195333370419,1,24300.0,40000.0,-0.0,-0.0,google/gemma-4-26B-A4B-it,"```json
{""broad_income"": 40000, ""taxable_income"": 24300}
```"
2026-06-08 13:55:33,6310602.0,,40000.0,24300.0,0.1965,0.2130195333370419,2,24300.0,40000.0,-0.0,-0.0,google/gemma-4-26B-A4B-it,"```json
{""broad_income"": 40000, ""taxable_income"": 24300}
```"
2026-06-08 13:55:38,5029801.0,,36030.0,33423.4,0.2985,0.2937407934859488,1,33423.0,36030.0,-0.0017640158778148573,0.0,google/gemma-4-26B-A4B-it,"```json
{""broad_income"": 36030, ""taxable_income"": 33423}
```"
2026-06-08 13:55:38,5029801.0,,36030.0,33423.4,0.2985,0.2937407934859488,2,33423.0,36030.0,-0.0017640158778148573,0.0,google/gemma-4-26B-A4B-it,"```json
{""broad_income"": 36030, ""taxable_income"": 33423}
```"
2026-06-08 13:55:43,3534301.0,,54602.0,40751.36,0.254,0.2549363607068867,1,40751.0,54602.0,0.007038109839729692,-0.0,google/gemma-4-26B-A4B-it,"```json
{""broad_income"": 54602, ""taxable_income"": 40751}
```"
2026-06-08 13:55:43,3534301.0,,54602.0,40751.36,0.254,0.2549363607068867,2,40751.0,54602.0,0.007038109839729692,-0.0,google/gemma-4-26B-A4B-it,"```json
{""broad_income"": 54602, ""taxable_income"": 40751}
```"
2026-06-08 13:55:48,8303301.0,,38001.0,17200.68,0.4201001,0.423553915320056,1,17201.0,38001.0,-0.0031236206428558065,-0.0,google/gemma-4-26B-A4B-it,"```json
{""broad_income"": 38001, ""taxable_income"": 17201}
```"
2026-06-08 13:55:48,8303301.0,,38001.0,17200.68,0.4201001,0.423553915320056,2,17201.0,38001.0,-0.0031236206428558065,-0.0,google/gemma-4-26B-A4B-it,"```json
{""broad_income"": 38001, ""taxable_income"": 17201}
```"
2026-06-08 13:55:54,7838701.0,,26000.0,12150.0,0.20230004,0.2201953766194037,1,12150.0,26000.0,-0.0,-0.0,google/gemma-4-26B-A4B-it,"```json
{""broad_income"": 26000, ""taxable_income"": 12150}
```"
2026-06-08 13:55:54,7838701.0,,26000.0,12150.0,0.20230004,0.2201953766194037,2,12150.0,26000.0,-0.0,-0.0,google/gemma-4-26B-A4B-it,"```json
{""broad_income"": 26000, ""taxable_income"": 12150}
```"
2026-06-08 13:55:59,642302.0,,82031.0,47031.08,0.3565,0.3657122614144181,1,47031.0,82031.0,0.00011881939400686822,-0.0,google/gemma-4-26B-A4B-it,"```json
{""broad_income"": 82031, ""taxable_income"": 47031}
```"
2026-06-08 13:55:59,642302.0,,82031.0,47031.08,0.3565,0.3657122614144181,2,47031.0,82031.0,0.00011881939400686822,-0.0,google/gemma-4-26B-A4B-it,"```json
{""broad_income"": 82031, ""taxable_income"": 47031}
```"
2026-06-08 13:56:04,426001.0,,175056.0,126984.8,0.3465,0.3340415682003609,1,126985.0,175056.0,8.261529713173834e-05,0.0,google/gemma-4-26B-A4B-it,"```json
{""broad_income"": 175056, ""taxable_income"": 126985}
```"
2026-06-08 13:56:04,426001.0,,175056.0,126984.8,0.3465,0.3340415682003609,2,126985.0,175056.0,8.261529713173834e-05,0.0,google/gemma-4-26B-A4B-it,"```json
{""broad_income"": 175056, ""taxable_income"": 126985}
```"
2026-06-08 13:56:09,2940301.0,,161252.0,135225.9,0.3628999,0.3548713743116405,1,135226.0,161252.0,5.868295724707747e-05,0.0,google/gemma-4-26B-A4B-it,"```json
{""broad_income"": 161252, ""taxable_income"": 135226}
```"
2026-06-08 13:56:09,2940301.0,,161252.0,135225.9,0.3628999,0.3548713743116405,2,135226.0,161252.0,5.868295724707747e-05,0.0,google/gemma-4-26B-A4B-it,"```json
{""broad_income"": 161252, ""taxable_income"": 135226}
```"
2026-06-08 13:56:14,7353701.0,,73506.0,58494.08,0.3215,0.3378808045789159,1,58494.0,73506.0,5.6649058323385136e-05,-0.0,google/gemma-4-26B-A4B-it,"```json
{""broad_income"": 73506, ""taxable_income"": 58494}
```"
2026-06-08 13:56:14,7353701.0,,73506.0,58494.08,0.3215,0.3378808045789159,2,59829.0,73506.0,-0.9452745116925315,-0.0,google/gemma-4-26B-A4B-it,"```json
{""broad_income"": 73506, ""taxable_income"": 59829}
```"
2026-06-08 13:56:19,8647601.0,,74001.0,56270.68,0.38950002,0.3879820786974233,1,56271.0,74001.0,0.0022871702368362327,0.0,google/gemma-4-26B-A4B-it,"```json
{""broad_income"": 74001, ""taxable_income"": 56271}
```"
2026-06-08 13:56:19,8647601.0,,74001.0,56270.68,0.38950002,0.3879820786974233,2,56271.0,74001.0,0.0022871702368362327,0.0,google/gemma-4-26B-A4B-it,"```json
{""broad_income"": 74001, ""taxable_income"": 56271}
```"
2026-06-08 13:56:25,1280501.0,,29536.0,4574.3984,0.24330002,0.2289513091396687,1,4574.0,29536.0,-0.004592997212914569,0.0,google/gemma-4-26B-A4B-it,"```json
{""broad_income"": 29536, ""taxable_income"": 4574}
```"
2026-06-08 13:56:25,1280501.0,,29536.0,4574.3984,0.24330002,0.2289513091396687,2,4574.0,29536.0,-0.004592997212914569,0.0,google/gemma-4-26B-A4B-it,"```json
{""broad_income"": 29536, ""taxable_income"": 4574}
```"
2026-06-08 13:56:30,4864001.0,,34794.0,17021.277,0.3065005,0.3348481272172646,1,17021.0,34794.0,0.0003981228176000796,-0.0,google/gemma-4-26B-A4B-it,"```json
{""broad_income"": 34794, ""taxable_income"": 17021}
```"
2026-06-08 13:56:30,4864001.0,,34794.0,17021.277,0.3065005,0.3348481272172646,2,17021.0,34794.0,0.0003981228176000796,-0.0,google/gemma-4-26B-A4B-it,"```json
{""broad_income"": 34794, ""taxable_income"": 17021}
```"
2026-06-08 13:56:35,3000501.0,,234805.0,186980.03,0.3535,0.344658030819637,1,186980.0,234805.0,-1.173128436055503e-05,0.0,google/gemma-4-26B-A4B-it,"```json
{""broad_income"": 234805, ""taxable_income"": 186980}
```"
2026-06-08 13:56:35,3000501.0,,234805.0,186980.03,0.3535,0.344658030819637,2,186980.0,234805.0,-1.173128436055503e-05,0.0,google/gemma-4-26B-A4B-it,"```json
{""broad_income"": 234805, ""taxable_income"": 186980}
```"
2026-06-08 13:56:40,8539601.0,,184760.0,133811.45,0.4025,0.4123164434104717,1,133811.0,184760.0,0.00020469299442732632,-0.0,google/gemma-4-26B-A4B-it,"```json
{""broad_income"": 184760, ""taxable_income"": 133811}
```"
2026-06-08 13:56:40,8539601.0,,184760.0,133811.45,0.4025,0.4123164434104717,2,133811.0,184760.0,0.00020469299442732632,-0.0,google/gemma-4-26B-A4B-it,"```json
{""broad_income"": 184760, ""taxable_income"": 133811}
```"
2026-06-08 13:56:46,7677501.0,,60000.0,30800.0,0.1965,0.1849559606948227,1,30800.0,60000.0,0.0,0.0,google/gemma-4-26B-A4B-it,"```json
{""broad_income"": 60000, ""taxable_income"": 30800}
```"
2026-06-08 13:56:46,7677501.0,,60000.0,30800.0,0.1965,0.1849559606948227,2,30800.0,60000.0,0.0,0.0,google/gemma-4-26B-A4B-it,"```json
{""broad_income"": 60000, ""taxable_income"": 30800}
```"
2026-06-08 13:56:51,7636203.0,,46000.0,32150.0,0.1965,0.2116866192475593,1,32150.0,46000.0,-0.0,-0.0,google/gemma-4-26B-A4B-it,"```json
{""broad_income"": 46000, ""taxable_income"": 32150}
```"
2026-06-08 13:56:51,7636203.0,,46000.0,32150.0,0.1965,0.2116866192475593,2,30150.0,46000.0,3.291347935025097,-0.0,google/gemma-4-26B-A4B-it,"```json
{""broad_income"": 46000, ""taxable_income"": 30150}
```"
2026-06-08 13:56:59,4000401.0,,19000.0,5150.0,0.225,0.2591923973223986,1,4000.0,19000.0,5.061307950870646,-0.0,google/gemma-4-26B-A4B-it,"```json
{""broad_income"": 19000, ""taxable_income"": 4000}
```"
2026-06-08 13:56:59,4000401.0,,19000.0,5150.0,0.225,0.2591923973223986,2,5150.0,19000.0,-0.0,-0.0,google/gemma-4-26B-A4B-it,"```json
{""broad_income"": 19000, ""taxable_income"": 5150}
```"
2026-06-08 13:57:04,3514201.0,,54261.0,28377.48,0.254,0.2837444416195296,1,25838.0,54261.0,2.2444192119005946,-0.0,google/gemma-4-26B-A4B-it,"```json
{""broad_income"": 54261, ""taxable_income"": 25838}
```"
2026-06-08 13:57:04,3514201.0,,54261.0,28377.48,0.254,0.2837444416195296,2,25888.0,54261.0,2.2002286844717394,-0.0,google/gemma-4-26B-A4B-it,"```json
{""broad_income"": 54261, ""taxable_income"": 25888}
```"
2026-06-08 13:57:09,2027301.0,,190763.0,168443.16,0.337,0.3362025251786649,1,168443.0,190763.0,-0.0007897018417767756,0.0,google/gemma-4-26B-A4B-it,"```json
{""broad_income"": 190763, ""taxable_income"": 168443}
```"
2026-06-08 13:57:09,2027301.0,,190763.0,168443.16,0.337,0.3362025251786649,2,168443.0,190763.0,-0.0007897018417767756,0.0,google/gemma-4-26B-A4B-it,"```json
{""broad_income"": 190763, ""taxable_income"": 168443}
```"
2026-06-08 13:57:14,716003.0,,19000.0,5150.0,0.0,-0.0065141881722237,1,5150.0,19000.0,0.0,0.0,google/gemma-4-26B-A4B-it,"```json
{""broad_income"": 19000, ""taxable_income"": 5150}
```"
2026-06-08 13:57:14,716003.0,,19000.0,5150.0,0.0,-0.0065141881722237,2,5150.0,19000.0,0.0,0.0,google/gemma-4-26B-A4B-it,"```json
{""broad_income"": 19000, ""taxable_income"": 5150}
```"
2026-06-08 13:57:19,7832801.0,,134545.0,99550.59,0.3522998,0.3667786755290768,1,99551.0,134545.0,-0.00018423800190871367,-0.0,google/gemma-4-26B-A4B-it,"```json
{""broad_income"": 134545, ""taxable_income"": 99551}
```"
2026-06-08 13:57:19,7832801.0,,134545.0,99550.59,0.3522998,0.3667786755290768,2,99551.0,134545.0,-0.00018423800190871367,-0.0,google/gemma-4-26B-A4B-it,"```json
{""broad_income"": 134545, ""taxable_income"": 99551}
```"
2026-06-08 13:57:24,7367101.0,,33001.0,19150.68,0.2215,0.2089716331922629,1,19151.0,33001.0,0.0010383169304181332,0.0,google/gemma-4-26B-A4B-it,"```json
{""broad_income"": 33001, ""taxable_income"": 19151}
```"
2026-06-08 13:57:24,7367101.0,,33001.0,19150.68,0.2215,0.2089716331922629,2,19151.0,33001.0,0.0010383169304181332,0.0,google/gemma-4-26B-A4B-it,"```json
{""broad_income"": 33001, ""taxable_income"": 19151}
```"
2026-06-08 13:57:29,8937803.0,,24000.0,3200.0,0.0,0.0406871207340145,1,0.0,24000.0,24.577802065113907,-0.0,google/gemma-4-26B-A4B-it,"```json
{""broad_income"": 24000, ""taxable_income"": 0}
```"
2026-06-08 13:57:29,8937803.0,,24000.0,3200.0,0.0,0.0406871207340145,2,0.0,24000.0,24.577802065113907,-0.0,google/gemma-4-26B-A4B-it,"```json
{""broad_income"": 24000, ""taxable_income"": 0}
```"
2026-06-08 13:57:34,8776401.0,,55001.0,34806.203,0.32228443,0.323403118464791,1,34806.0,55001.0,0.0035332770501984934,-0.0,google/gemma-4-26B-A4B-it,"```json
{""broad_income"": 55001, ""taxable_income"": 34806}
```"
2026-06-08 13:57:34,8776401.0,,55001.0,34806.203,0.32228443,0.323403118464791,2,34806.0,55001.0,0.0035332770501984934,-0.0,google/gemma-4-26B-A4B-it,"```json
{""broad_income"": 55001, ""taxable_income"": 34806}
```"
2026-06-08 13:57:39,4623401.0,,131901.0,123714.83,0.3165,0.3368831365324194,1,123715.0,131901.0,-4.6078110728964865e-05,-0.0,google/gemma-4-26B-A4B-it,"```json
{""broad_income"": 131901, ""taxable_income"": 123715}
```"
2026-06-08 13:57:39,4623401.0,,131901.0,123714.83,0.3165,0.3368831365324194,2,123715.0,131901.0,-4.6078110728964865e-05,-0.0,google/gemma-4-26B-A4B-it,"```json
{""broad_income"": 131901, ""taxable_income"": 123715}
```"
2026-06-08 13:57:45,6805401.0,,316248.0,273168.62,0.32149997,0.3324671119763526,1,273169.0,316248.0,-8.606155590551838e-05,-0.0,google/gemma-4-26B-A4B-it,"```json
{""broad_income"": 316248, ""taxable_income"": 273169}
```"
2026-06-08 13:57:45,6805401.0,,316248.0,273168.62,0.32149997,0.3324671119763526,2,273169.0,316248.0,-8.606155590551838e-05,-0.0,google/gemma-4-26B-A4B-it,"```json
{""broad_income"": 316248, ""taxable_income"": 273169}
```"
2026-06-08 13:57:50,8398602.0,,19007.0,5154.76,0.21864009,0.217713654706494,1,5155.0,19007.0,0.03926800385801885,0.0,google/gemma-4-26B-A4B-it,"```json
{""broad_income"": 19007, ""taxable_income"": 5155}
```"
2026-06-08 13:57:50,8398602.0,,19007.0,5154.76,0.21864009,0.217713654706494,2,5155.0,19007.0,0.03926800385801885,0.0,google/gemma-4-26B-A4B-it,"```json
{""broad_income"": 19007, ""taxable_income"": 5155}
```"
2026-06-08 13:57:56,7743901.0,,163551.0,135202.36,0.3022998,0.3171473021377021,1,135202.0,163551.0,0.0001251220004661738,-0.0,google/gemma-4-26B-A4B-it,"```json
{""broad_income"": 163551, ""taxable_income"": 135202}
```"
2026-06-08 13:57:56,7743901.0,,163551.0,135202.36,0.3022998,0.3171473021377021,2,135202.0,163551.0,0.0001251220004661738,-0.0,google/gemma-4-26B-A4B-it,"```json
{""broad_income"": 163551, ""taxable_income"": 135202}
```"
2026-06-08 13:58:01,1859701.0,,179213.0,142177.36,0.4859785,0.4908965509946059,1,142177.0,179213.0,0.00026464293961654293,-0.0,google/gemma-4-26B-A4B-it,"```json
{""broad_income"": 179213, ""taxable_income"": 142177}
```"
2026-06-08 13:58:01,1859701.0,,179213.0,142177.36,0.4859785,0.4908965509946059,2,142177.0,179213.0,0.00026464293961654293,-0.0,google/gemma-4-26B-A4B-it,"```json
{""broad_income"": 179213, ""taxable_income"": 142177}
```"
2026-06-08 13:58:06,3888301.0,,41600.0,13900.0,0.225,0.2052557865305506,1,13900.0,41600.0,0.0,0.0,google/gemma-4-26B-A4B-it,"```json
{""broad_income"": 41600, ""taxable_income"": 13900}
```"
2026-06-08 13:58:06,3888301.0,,41600.0,13900.0,0.225,0.2052557865305506,2,13900.0,41600.0,0.0,0.0,google/gemma-4-26B-A4B-it,"```json
{""broad_income"": 41600, ""taxable_income"": 13900}
```"
2026-06-08 13:58:11,1151002.0,,46600.0,23288.0,0.43806976,0.4461159239111422,1,23288.0,46600.0,-0.0,-0.0,google/gemma-4-26B-A4B-it,"```json
{""broad_income"": 46600, ""taxable_income"": 23288}
```"
2026-06-08 13:58:11,1151002.0,,46600.0,23288.0,0.43806976,0.4461159239111422,2,23288.0,46600.0,-0.0,-0.0,google/gemma-4-26B-A4B-it,"```json
{""broad_income"": 46600, ""taxable_income"": 23288}
```"
2026-06-08 13:58:16,8450101.0,,390301.0,283101.0,0.41989842,0.4076512422008959,1,283101.0,390301.0,0.0,0.0,google/gemma-4-26B-A4B-it,"```json
{""broad_income"": 390301, ""taxable_income"": 283101}
```"
2026-06-08 13:58:16,8450101.0,,390301.0,283101.0,0.41989842,0.4076512422008959,2,283101.0,390301.0,0.0,0.0,google/gemma-4-26B-A4B-it,"```json
{""broad_income"": 390301, ""taxable_income"": 283101}
```"
2026-06-08 13:58:22,4971501.0,,29300.0,10952.165,0.21594977,0.2377836715669925,1,10952.0,29300.0,0.0005409990527192427,-0.0,google/gemma-4-26B-A4B-it,"```json
{""broad_income"": 29300, ""taxable_income"": 10952}
```"
2026-06-08 13:58:22,4971501.0,,29300.0,10952.165,0.21594977,0.2377836715669925,2,10952.0,29300.0,0.0005409990527192427,-0.0,google/gemma-4-26B-A4B-it,"```json
{""broad_income"": 29300, ""taxable_income"": 10952}
```"
2026-06-08 13:58:27,1752301.0,,294004.0,218902.72,0.30739844,0.2981638368024588,1,218903.0,294004.0,9.59338999194672e-05,0.0,google/gemma-4-26B-A4B-it,"```json
{""broad_income"": 294004, ""taxable_income"": 218903}
```"
2026-06-08 13:58:27,1752301.0,,294004.0,218902.72,0.30739844,0.2981638368024588,2,218903.0,294004.0,9.59338999194672e-05,0.0,google/gemma-4-26B-A4B-it,"```json
{""broad_income"": 294004, ""taxable_income"": 218903}
```"
2026-06-08 13:58:33,5941001.0,,181772.0,149985.28,0.34399998,0.3199270770299692,1,149985.0,181772.0,-5.087269913068761e-05,0.0,google/gemma-4-26B-A4B-it,"```json
{""broad_income"": 181772, ""taxable_income"": 149985}
```"
2026-06-08 13:58:33,5941001.0,,181772.0,149985.28,0.34399998,0.3199270770299692,2,149985.0,181772.0,-5.087269913068761e-05,0.0,google/gemma-4-26B-A4B-it,"```json
{""broad_income"": 181772, ""taxable_income"": 149985}
```"
2026-06-08 13:58:39,5073301.0,,261542.0,218088.56,0.23449999,0.2803693354971136,1,218089.0,261542.0,-3.36699482565837e-05,-0.0,google/gemma-4-26B-A4B-it,"```json
{""broad_income"": 261542, ""taxable_income"": 218089}
```"
2026-06-08 13:58:39,5073301.0,,261542.0,218088.56,0.23449999,0.2803693354971136,2,218089.0,261542.0,-3.36699482565837e-05,-0.0,google/gemma-4-26B-A4B-it,"```json
{""broad_income"": 261542, ""taxable_income"": 218089}
```"
2026-06-08 13:58:46,2595201.0,,117816.0,86854.875,0.24570288,0.2605815563713497,1,86855.0,117816.0,-7.296153553205512e-05,-0.0,google/gemma-4-26B-A4B-it,"```json
{""broad_income"": 117816, ""taxable_income"": 86855}
```"
2026-06-08 13:58:46,2595201.0,,117816.0,86854.875,0.24570288,0.2605815563713497,2,86855.0,117816.0,-7.296153553205512e-05,-0.0,google/gemma-4-26B-A4B-it,"```json
{""broad_income"": 117816, ""taxable_income"": 86855}
```"
2026-06-08 13:58:51,1053901.0,,67006.0,46514.08,0.3528551,0.3434511830015926,1,46514.0,67006.0,-0.00011835818513096735,0.0,google/gemma-4-26B-A4B-it,"```json
{""broad_income"": 67006, ""taxable_income"": 46514}
```"
2026-06-08 13:58:51,1053901.0,,67006.0,46514.08,0.3528551,0.3434511830015926,2,46514.0,67006.0,-0.00011835818513096735,0.0,google/gemma-4-26B-A4B-it,"```json
{""broad_income"": 67006, ""taxable_income"": 46514}
```"
2026-06-08 13:58:56,5939301.0,,250340.0,236221.2,0.402,0.4050278471280888,1,236221.0,250340.0,0.00016721620539541322,-0.0,google/gemma-4-26B-A4B-it,"```json
{""broad_income"": 250340, ""taxable_income"": 236221}
```"
2026-06-08 13:58:56,5939301.0,,250340.0,236221.2,0.402,0.4050278471280888,2,236221.0,250340.0,0.00016721620539541322,-0.0,google/gemma-4-26B-A4B-it,"```json
{""broad_income"": 250340, ""taxable_income"": 236221}
```"
2026-06-08 13:59:01,4382601.0,,62500.0,34800.0,0.254,0.2470459252954251,1,34800.0,62500.0,0.0,0.0,google/gemma-4-26B-A4B-it,"```json
{""broad_income"": 62500, ""taxable_income"": 34800}
```"
2026-06-08 13:59:01,4382601.0,,62500.0,34800.0,0.254,0.2470459252954251,2,34800.0,62500.0,0.0,0.0,google/gemma-4-26B-A4B-it,"```json
{""broad_income"": 62500, ""taxable_income"": 34800}
```"
2026-06-08 13:59:06,6929301.0,,112751.0,106096.67,0.2965,0.3070427610859272,1,106097.0,112751.0,-0.00020754961093969322,-0.0,google/gemma-4-26B-A4B-it,"```json
{""broad_income"": 112751, ""taxable_income"": 106097}
```"
2026-06-08 13:59:06,6929301.0,,112751.0,106096.67,0.2965,0.3070427610859272,2,106097.0,112751.0,-0.00020754961093969322,-0.0,google/gemma-4-26B-A4B-it,"```json
{""broad_income"": 112751, ""taxable_income"": 106097}
```"
2026-06-08 13:59:11,24437.0,,140750.0,114418.55,0.3723003,0.3709399857582575,1,114419.0,140750.0,0.0018147999147828792,0.0,google/gemma-4-26B-A4B-it,"```json
{""broad_income"": 140750, ""taxable_income"": 114419}
```"
2026-06-08 13:59:11,24437.0,,140750.0,114418.55,0.3723003,0.3709399857582575,2,114419.0,140750.0,0.0018147999147828792,0.0,google/gemma-4-26B-A4B-it,"```json
{""broad_income"": 140750, ""taxable_income"": 114419}
```"
2026-06-08 13:59:17,70139.0,,77627.0,53616.383,0.24950075,0.2524159661129748,1,53616.0,77627.0,0.0018389959296799565,-0.0,google/gemma-4-26B-A4B-it,"```json
{""broad_income"": 77627, ""taxable_income"": 53616}
```"
2026-06-08 13:59:17,70139.0,,77627.0,53616.383,0.24950075,0.2524159661129748,2,53616.0,77627.0,0.0018389959296799565,-0.0,google/gemma-4-26B-A4B-it,"```json
{""broad_income"": 77627, ""taxable_income"": 53616}
```"
2026-06-08 13:59:22,52022.0,,96800.0,68529.22,0.2965,0.2756588564290549,1,68529.0,96800.0,-0.00010836510309742006,0.0,google/gemma-4-26B-A4B-it,"```json
{""broad_income"": 96800, ""taxable_income"": 68529}
```"
2026-06-08 13:59:22,52022.0,,96800.0,68529.22,0.2965,0.2756588564290549,2,68529.0,96800.0,-0.00010836510309742006,0.0,google/gemma-4-26B-A4B-it,"```json
{""broad_income"": 96800, ""taxable_income"": 68529}
```"
2026-06-08 13:59:27,40360.0,,63500.0,38100.0,0.1965,0.1913730368649061,1,38100.0,63500.0,0.0,0.0,google/gemma-4-26B-A4B-it,"```json
{""broad_income"": 63500, ""taxable_income"": 38100}
```"
2026-06-08 13:59:27,40360.0,,63500.0,38100.0,0.1965,0.1913730368649061,2,38100.0,63500.0,0.0,0.0,google/gemma-4-26B-A4B-it,"```json
{""broad_income"": 63500, ""taxable_income"": 38100}
```"
2026-06-08 13:59:32,10809.0,,102310.0,74510.35,0.22719994,0.2206498251959926,1,74510.0,102310.0,-0.0005542040256545225,0.0,google/gemma-4-26B-A4B-it,"```json
{""broad_income"": 102310, ""taxable_income"": 74510}
```"
2026-06-08 13:59:32,10809.0,,102310.0,74510.35,0.22719994,0.2206498251959926,2,74510.0,102310.0,-0.0005542040256545225,0.0,google/gemma-4-26B-A4B-it,"```json
{""broad_income"": 102310, ""taxable_income"": 74510}
```"
2026-06-08 13:59:37,10808.0,,114002.0,49737.766,0.22719994,0.2351165475170079,1,49738.0,114002.0,-0.00045925893604561107,-0.0,google/gemma-4-26B-A4B-it,"```json
{""broad_income"": 114002, ""taxable_income"": 49738}
```"
2026-06-08 13:59:37,10808.0,,114002.0,49737.766,0.22719994,0.2351165475170079,2,49738.0,114002.0,-0.00045925893604561107,-0.0,google/gemma-4-26B-A4B-it,"```json
{""broad_income"": 114002, ""taxable_income"": 49738}
```"
2026-06-08 13:59:43,5943.0,,50006.0,42579.18,0.3535,0.3613331037510222,1,42579.0,50006.0,0.00034890714408893525,-0.0,google/gemma-4-26B-A4B-it,"```json
{""broad_income"": 50006, ""taxable_income"": 42579}
```"
2026-06-08 13:59:43,5943.0,,50006.0,42579.18,0.3535,0.3613331037510222,2,42579.0,50006.0,0.00034890714408893525,-0.0,google/gemma-4-26B-A4B-it,"```json
{""broad_income"": 50006, ""taxable_income"": 42579}
```"
2026-06-08 13:59:48,64652.0,,186403.0,138827.62,0.343,0.3500664858255294,1,138828.0,186403.0,-0.00025448934014470087,-0.0,google/gemma-4-26B-A4B-it,"```json
{""broad_income"": 186403, ""taxable_income"": 138828}
```"
2026-06-08 13:59:48,64652.0,,186403.0,138827.62,0.343,0.3500664858255294,2,138828.0,186403.0,-0.00025448934014470087,-0.0,google/gemma-4-26B-A4B-it,"```json
{""broad_income"": 186403, ""taxable_income"": 138828}
```"
2026-06-08 13:59:53,40558.0,,103237.0,71274.55,0.19649951,0.1885367673571238,1,71275.0,103237.0,0.0006370910384892711,0.0,google/gemma-4-26B-A4B-it,"```json
{""broad_income"": 103237, ""taxable_income"": 71275}
```"
2026-06-08 13:59:53,40558.0,,103237.0,71274.55,0.19649951,0.1885367673571238,2,71275.0,103237.0,0.0006370910384892711,0.0,google/gemma-4-26B-A4B-it,"```json
{""broad_income"": 103237, ""taxable_income"": 71275}
```"
2026-06-08 14:00:00,50681.0,,51523.0,29615.64,0.1965,0.204912183943137,1,29616.0,51523.0,-0.0011610702547116707,-0.0,google/gemma-4-26B-A4B-it,"```json
{""broad_income"": 51523, ""taxable_income"": 29616}
```"
2026-06-08 14:00:00,50681.0,,51523.0,29615.64,0.1965,0.204912183943137,2,28630.0,51523.0,3.1788813495893335,-0.0,google/gemma-4-26B-A4B-it,"```json
{""broad_income"": 51523, ""taxable_income"": 28630}
```"
2026-06-08 14:00:05,3123.0,,277350.0,269131.9,0.49326172,0.4895773651987347,1,269132.0,277350.0,5.1104258308532384e-05,0.0,google/gemma-4-26B-A4B-it,"```json
{""broad_income"": 277350, ""taxable_income"": 269132}
```"
2026-06-08 14:00:05,3123.0,,277350.0,269131.9,0.49326172,0.4895773651987347,2,269132.0,277350.0,5.1104258308532384e-05,0.0,google/gemma-4-26B-A4B-it,"```json
{""broad_income"": 277350, ""taxable_income"": 269132}
```"
2026-06-08 14:00:10,71263.0,,30000.0,10624.455,0.14160156,0.0958878693461195,1,10624.0,30000.0,-0.0008041690786084937,0.0,google/gemma-4-26B-A4B-it,"```json
{""broad_income"": 30000, ""taxable_income"": 10624}
```"
2026-06-08 14:00:10,71263.0,,30000.0,10624.455,0.14160156,0.0958878693461195,2,10624.0,30000.0,-0.0008041690786084937,0.0,google/gemma-4-26B-A4B-it,"```json
{""broad_income"": 30000, ""taxable_income"": 10624}
```"
2026-06-08 14:00:31,13715.0,,161703.0,131318.03,0.327,0.3324630738972746,1,131318.0,161703.0,2.8143291232845638e-05,-0.0,google/gemma-4-26B-A4B-it,"```json
{""broad_income"": 161703, ""taxable_income"": 131318}
```"
2026-06-08 14:00:31,13715.0,,161703.0,131318.03,0.327,0.3324630738972746,2,131318.0,161703.0,2.8143291232845638e-05,-0.0,google/gemma-4-26B-A4B-it,"```json
{""broad_income"": 161703, ""taxable_income"": 131318}
```"
2026-06-08 14:00:36,12278.0,,188163.0,145271.52,0.32975,0.3093168895213884,1,145272.0,188163.0,0.00010838348122281489,0.0,google/gemma-4-26B-A4B-it,"```json
{""broad_income"": 188163, ""taxable_income"": 145272}
```"
2026-06-08 14:00:36,12278.0,,188163.0,145271.52,0.32975,0.3093168895213884,2,145272.0,188163.0,0.00010838348122281489,0.0,google/gemma-4-26B-A4B-it,"```json
{""broad_income"": 188163, ""taxable_income"": 145272}
```"
2026-06-08 14:00:41,12343.0,,80442.0,62873.04,0.324,0.3308614155586117,1,62873.0,80442.0,6.267993027584998e-05,-0.0,google/gemma-4-26B-A4B-it,"```json
{""broad_income"": 80442, ""taxable_income"": 62873}
```"
2026-06-08 14:00:41,12343.0,,80442.0,62873.04,0.324,0.3308614155586117,2,62873.0,80442.0,6.267993027584998e-05,-0.0,google/gemma-4-26B-A4B-it,"```json
{""broad_income"": 80442, ""taxable_income"": 62873}
```"
2026-06-08 14:00:47,18281.0,,48030.0,32615.684,0.25585997,0.2928264463952804,1,32616.0,48030.0,-0.0001950325967727507,-0.0,google/gemma-4-26B-A4B-it,"```json
{""broad_income"": 48030, ""taxable_income"": 32616}
```"
2026-06-08 14:00:47,18281.0,,48030.0,32615.684,0.25585997,0.2928264463952804,2,32616.0,48030.0,-0.0001950325967727507,-0.0,google/gemma-4-26B-A4B-it,"```json
{""broad_income"": 48030, ""taxable_income"": 32616}
```"
2026-06-08 14:00:52,36145.0,,78010.0,62598.938,0.2965,0.3140081378692372,1,62599.0,78010.0,-3.979686556427812e-05,-0.0,google/gemma-4-26B-A4B-it,"```json
{""broad_income"": 78010, ""taxable_income"": 62599}
```"
2026-06-08 14:00:52,36145.0,,78010.0,62598.938,0.2965,0.3140081378692372,2,62599.0,78010.0,-3.979686556427812e-05,-0.0,google/gemma-4-26B-A4B-it,"```json
{""broad_income"": 78010, ""taxable_income"": 62599}
```"
2026-06-08 14:00:57,29672.0,,205090.0,159205.97,0.34769922,0.3775047679465168,1,159206.0,205090.0,-4.123943371461494e-06,-0.0,google/gemma-4-26B-A4B-it,"```json
{""broad_income"": 205090, ""taxable_income"": 159206}
```"
2026-06-08 14:00:57,29672.0,,205090.0,159205.97,0.34769922,0.3775047679465168,2,159206.0,205090.0,-4.123943371461494e-06,-0.0,google/gemma-4-26B-A4B-it,"```json
{""broad_income"": 205090, ""taxable_income"": 159206}
```"
2026-06-08 14:01:02,17620.0,,50000.0,56763.797,0.339,0.3447832984700821,1,56764.0,50000.0,-0.00040874311730238334,-0.0,google/gemma-4-26B-A4B-it,"```json
{""broad_income"": 50000, ""taxable_income"": 56764}
```"
2026-06-08 14:01:02,17620.0,,50000.0,56763.797,0.339,0.3447832984700821,2,56764.0,50000.0,-0.00040874311730238334,-0.0,google/gemma-4-26B-A4B-it,"```json
{""broad_income"": 50000, ""taxable_income"": 56764}
```"
2026-06-08 14:01:07,41353.0,,36020.0,21413.602,0.1965,0.1961299389541385,1,21414.0,36020.0,0.040355790128472666,0.0,google/gemma-4-26B-A4B-it,"```json
{""broad_income"": 36020, ""taxable_income"": 21414}
```"
2026-06-08 14:01:07,41353.0,,36020.0,21413.602,0.1965,0.1961299389541385,2,21414.0,36020.0,0.040355790128472666,0.0,google/gemma-4-26B-A4B-it,"```json
{""broad_income"": 36020, ""taxable_income"": 21414}
```"
2026-06-08 14:01:12,10020.0,,55155.0,35486.15,0.22720006,0.194122959846246,1,35486.0,55155.0,-9.875794094248768e-05,0.0,google/gemma-4-26B-A4B-it,"```json
{""broad_income"": 55155, ""taxable_income"": 35486}
```"
2026-06-08 14:01:12,10020.0,,55155.0,35486.15,0.22720006,0.194122959846246,2,35486.0,55155.0,-9.875794094248768e-05,0.0,google/gemma-4-26B-A4B-it,"```json
{""broad_income"": 55155, ""taxable_income"": 35486}
```"
2026-06-08 14:01:17,17660.0,,15000.0,400.0,0.23719998,0.2309399093774705,1,400.0,15000.0,0.0,0.0,google/gemma-4-26B-A4B-it,"```json
{""broad_income"": 15000, ""taxable_income"": 400}
```"
2026-06-08 14:01:17,17660.0,,15000.0,400.0,0.23719998,0.2309399093774705,2,400.0,15000.0,0.0,0.0,google/gemma-4-26B-A4B-it,"```json
{""broad_income"": 15000, ""taxable_income"": 400}
```"
2026-06-08 14:01:23,23428.0,,45500.0,28316.41,0.24660009,0.2507155678386136,1,28316.0,45500.0,0.002650641305258533,-0.0,google/gemma-4-26B-A4B-it,"```json
{""broad_income"": 45500, ""taxable_income"": 28316}
```"
2026-06-08 14:01:23,23428.0,,45500.0,28316.41,0.24660009,0.2507155678386136,2,28316.0,45500.0,0.002650641305258533,-0.0,google/gemma-4-26B-A4B-it,"```json
{""broad_income"": 45500, ""taxable_income"": 28316}
```"
2026-06-08 14:01:28,32008.0,,48405.0,28508.215,0.24249999,0.226629165680693,1,28508.0,48405.0,-0.0003599578035375795,0.0,google/gemma-4-26B-A4B-it,"```json
{""broad_income"": 48405, ""taxable_income"": 28508}
```"
2026-06-08 14:01:28,32008.0,,48405.0,28508.215,0.24249999,0.226629165680693,2,28508.0,48405.0,-0.0003599578035375795,0.0,google/gemma-4-26B-A4B-it,"```json
{""broad_income"": 48405, ""taxable_income"": 28508}
```"
2026-06-08 14:01:33,58059.0,,105620.0,74282.73,0.2455,0.2860756979408573,1,74283.0,105620.0,-6.758793116710196e-05,-0.0,google/gemma-4-26B-A4B-it,"```json
{""broad_income"": 105620, ""taxable_income"": 74283}
```"
2026-06-08 14:01:33,58059.0,,105620.0,74282.73,0.2455,0.2860756979408573,2,74283.0,105620.0,-6.758793116710196e-05,-0.0,google/gemma-4-26B-A4B-it,"```json
{""broad_income"": 105620, ""taxable_income"": 74283}
```"
2026-06-08 14:01:39,13084.0,,164000.0,134800.0,0.32975,0.3257903345088191,1,134800.0,164000.0,0.0,0.0,google/gemma-4-26B-A4B-it,"```json
{""broad_income"": 164000, ""taxable_income"": 134800}
```"
2026-06-08 14:01:39,13084.0,,164000.0,134800.0,0.32975,0.3257903345088191,2,134800.0,164000.0,0.0,0.0,google/gemma-4-26B-A4B-it,"```json
{""broad_income"": 164000, ""taxable_income"": 134800}
```"
2026-06-08 14:01:44,35527.0,,77000.0,61727.68,0.3503999,0.3377596509463109,1,61728.0,77000.0,0.0002664161057252123,0.0,google/gemma-4-26B-A4B-it,"```json
{""broad_income"": 77000, ""taxable_income"": 61728}
```"
2026-06-08 14:01:44,35527.0,,77000.0,61727.68,0.3503999,0.3377596509463109,2,61728.0,77000.0,0.0002664161057252123,0.0,google/gemma-4-26B-A4B-it,"```json
{""broad_income"": 77000, ""taxable_income"": 61728}
```"
2026-06-08 14:01:49,39929.0,,139750.0,128296.89,0.3420371,0.3659144270746206,1,128297.0,139750.0,-2.3626111752470552e-05,-0.0,google/gemma-4-26B-A4B-it,"```json
{""broad_income"": 139750, ""taxable_income"": 128297}
```"
2026-06-08 14:01:49,39929.0,,139750.0,128296.89,0.3420371,0.3659144270746206,2,128297.0,139750.0,-2.3626111752470552e-05,-0.0,google/gemma-4-26B-A4B-it,"```json
{""broad_income"": 139750, ""taxable_income"": 128297}
```"
2026-06-08 14:01:54,5453.0,,85325.0,54405.273,0.2515,0.2297885859027943,1,54405.0,85325.0,-0.00017299173213258397,0.0,google/gemma-4-26B-A4B-it,"```json
{""broad_income"": 85325, ""taxable_income"": 54405}
```"
2026-06-08 14:01:54,5453.0,,85325.0,54405.273,0.2515,0.2297885859027943,2,54405.0,85325.0,-0.00017299173213258397,0.0,google/gemma-4-26B-A4B-it,"```json
{""broad_income"": 85325, ""taxable_income"": 54405}
```"
2026-06-08 14:02:00,41081.0,,48000.0,33400.0,0.1965,0.1896716051772587,1,33400.0,48000.0,0.0,0.0,google/gemma-4-26B-A4B-it,"```json
{""broad_income"": 48000, ""taxable_income"": 33400}
```"
2026-06-08 14:02:00,41081.0,,48000.0,33400.0,0.1965,0.1896716051772587,2,33400.0,48000.0,0.0,0.0,google/gemma-4-26B-A4B-it,"```json
{""broad_income"": 48000, ""taxable_income"": 33400}
```"
2026-06-08 14:02:05,11592.0,,10004.0,4064.7188,0.16620019,0.174812053332828,1,4065.0,10004.0,-0.006698066775729861,-0.0,google/gemma-4-26B-A4B-it,"```json
{""broad_income"": 10004, ""taxable_income"": 4065}
```"
2026-06-08 14:02:05,11592.0,,10004.0,4064.7188,0.16620019,0.174812053332828,2,4065.0,10004.0,-0.006698066775729861,-0.0,google/gemma-4-26B-A4B-it,"```json
{""broad_income"": 10004, ""taxable_income"": 4065}
```"
2026-06-08 14:02:10,6368.0,,50025.0,35417.0,0.2874099,0.2760474115544657,1,35417.0,50025.0,0.0,0.0,google/gemma-4-26B-A4B-it,"```json
{""broad_income"": 50025, ""taxable_income"": 35417}
```"
2026-06-08 14:02:10,6368.0,,50025.0,35417.0,0.2874099,0.2760474115544657,2,35417.0,50025.0,0.0,0.0,google/gemma-4-26B-A4B-it,"```json
{""broad_income"": 50025, ""taxable_income"": 35417}
```"
2026-06-08 14:02:15,70055.0,,132000.0,102800.0,0.38950002,0.3538410158059719,1,102800.0,132000.0,0.0,0.0,google/gemma-4-26B-A4B-it,"```json
{""broad_income"": 132000, ""taxable_income"": 102800}
```"
2026-06-08 14:02:15,70055.0,,132000.0,102800.0,0.38950002,0.3538410158059719,2,102800.0,132000.0,0.0,0.0,google/gemma-4-26B-A4B-it,"```json
{""broad_income"": 132000, ""taxable_income"": 102800}
```"
2026-06-08 14:02:20,71012.0,,43182.0,11084.32,0.1895,0.1858065190674334,1,11084.0,43182.0,-0.00633516719325617,0.0,google/gemma-4-26B-A4B-it,"```json
{""broad_income"": 43182, ""taxable_income"": 11084}
```"
2026-06-08 14:02:20,71012.0,,43182.0,11084.32,0.1895,0.1858065190674334,2,11084.0,43182.0,-0.00633516719325617,0.0,google/gemma-4-26B-A4B-it,"```json
{""broad_income"": 43182, ""taxable_income"": 11084}
```"
2026-06-08 14:02:25,59928.0,,122525.0,107757.0,0.34149998,0.3374009476026548,1,107757.0,122525.0,0.0,0.0,google/gemma-4-26B-A4B-it,"```json
{""broad_income"": 122525, ""taxable_income"": 107757}
```"
2026-06-08 14:02:25,59928.0,,122525.0,107757.0,0.34149998,0.3374009476026548,2,107757.0,122525.0,0.0,0.0,google/gemma-4-26B-A4B-it,"```json
{""broad_income"": 122525, ""taxable_income"": 107757}
```"
2026-06-08 14:02:30,18288.0,,94412.0,73495.07,0.3558601,0.3632151176867209,1,73495.0,94412.0,8.341349382797376e-05,-0.0,google/gemma-4-26B-A4B-it,"```json
{""broad_income"": 94412, ""taxable_income"": 73495}
```"
2026-06-08 14:02:30,18288.0,,94412.0,73495.07,0.3558601,0.3632151176867209,2,73495.0,94412.0,8.341349382797376e-05,-0.0,google/gemma-4-26B-A4B-it,"```json
{""broad_income"": 94412, ""taxable_income"": 73495}
```"
2026-06-08 14:02:35,7959.0,,238002.0,203802.05,-0.9435,-0.9026437828953776,1,203802.0,238002.0,1.1670456613326117e-05,-0.0,google/gemma-4-26B-A4B-it,"```json
{""broad_income"": 238002, ""taxable_income"": 203802}
```"
2026-06-08 14:02:35,7959.0,,238002.0,203802.05,-0.9435,-0.9026437828953776,2,203802.0,238002.0,1.1670456613326117e-05,-0.0,google/gemma-4-26B-A4B-it,"```json
{""broad_income"": 238002, ""taxable_income"": 203802}
```"
2026-06-08 14:02:40,49484.0,,141653.0,90641.64,0.1965,0.1796463100769821,1,90642.0,141653.0,0.0001893501387585649,0.0,google/gemma-4-26B-A4B-it,"```json
{""broad_income"": 141653, ""taxable_income"": 90642}
```"
2026-06-08 14:02:40,49484.0,,141653.0,90641.64,0.1965,0.1796463100769821,2,90642.0,141653.0,0.0001893501387585649,0.0,google/gemma-4-26B-A4B-it,"```json
{""broad_income"": 141653, ""taxable_income"": 90642}
```"
2026-06-08 14:02:45,31121.0,,162000.0,132800.0,0.3421753,0.3561045428065553,1,132800.0,162000.0,-0.0,-0.0,google/gemma-4-26B-A4B-it,"```json
{""broad_income"": 162000, ""taxable_income"": 132800}
```"
2026-06-08 14:02:45,31121.0,,162000.0,132800.0,0.3421753,0.3561045428065553,2,132800.0,162000.0,-0.0,-0.0,google/gemma-4-26B-A4B-it,"```json
{""broad_income"": 162000, ""taxable_income"": 132800}
```"
2026-06-08 14:02:50,9128.0,,283451.0,198940.88,0.370146,0.3690181204856869,1,198941.0,283451.0,0.00033684832682159344,0.0,google/gemma-4-26B-A4B-it,"```json
{""broad_income"": 283451, ""taxable_income"": 198941}
```"
2026-06-08 14:02:50,9128.0,,283451.0,198940.88,0.370146,0.3690181204856869,2,198941.0,283451.0,0.00033684832682159344,0.0,google/gemma-4-26B-A4B-it,"```json
{""broad_income"": 283451, ""taxable_income"": 198941}
```"
2026-06-08 14:02:56,34584.0,,64050.0,28415.781,0.2504,0.2592980736568522,1,28416.0,64050.0,-0.0006492591805165527,-0.0,google/gemma-4-26B-A4B-it,"```json
{""broad_income"": 64050, ""taxable_income"": 28416}
```"
2026-06-08 14:02:56,34584.0,,64050.0,28415.781,0.2504,0.2592980736568522,2,28416.0,64050.0,-0.0006492591805165527,-0.0,google/gemma-4-26B-A4B-it,"```json
{""broad_income"": 64050, ""taxable_income"": 28416}
```"
2026-06-08 14:03:01,4635.0,,157582.0,80535.766,0.3515,0.3436878944483618,1,80536.0,157582.0,0.00024119535597018758,0.0,google/gemma-4-26B-A4B-it,"```json
{""broad_income"": 157582, ""taxable_income"": 80536}
```"
2026-06-08 14:03:01,4635.0,,157582.0,80535.766,0.3515,0.3436878944483618,2,80536.0,157582.0,0.00024119535597018758,0.0,google/gemma-4-26B-A4B-it,"```json
{""broad_income"": 157582, ""taxable_income"": 80536}
```"
2026-06-08 14:03:06,67719.0,,35000.0,18450.0,0.2495,0.2432135180825034,1,18450.0,35000.0,0.0,0.0,google/gemma-4-26B-A4B-it,"```json
{""broad_income"": 35000, ""taxable_income"": 18450}
```"
2026-06-08 14:03:06,67719.0,,35000.0,18450.0,0.2495,0.2432135180825034,2,18450.0,35000.0,0.0,0.0,google/gemma-4-26B-A4B-it,"```json
{""broad_income"": 35000, ""taxable_income"": 18450}
```"
2026-06-08 14:03:11,16057.0,,40000.0,25400.0,0.251,0.2313178928542173,1,25400.0,40000.0,0.0,0.0,google/gemma-4-26B-A4B-it,"```json
{""broad_income"": 40000, ""taxable_income"": 25400}
```"
2026-06-08 14:03:11,16057.0,,40000.0,25400.0,0.251,0.2313178928542173,2,25400.0,40000.0,0.0,0.0,google/gemma-4-26B-A4B-it,"```json
{""broad_income"": 40000, ""taxable_income"": 25400}
```"
2026-06-08 14:03:16,48097.0,,110021.0,37772.797,0.24400024,0.2535783705303913,1,37773.0,110021.0,-0.00042418743461783816,-0.0,google/gemma-4-26B-A4B-it,"```json
{""broad_income"": 110021, ""taxable_income"": 37773}
```"
2026-06-08 14:03:16,48097.0,,110021.0,37772.797,0.24400024,0.2535783705303913,2,37773.0,110021.0,-0.00042418743461783816,-0.0,google/gemma-4-26B-A4B-it,"```json
{""broad_income"": 110021, ""taxable_income"": 37773}
```"
2026-06-08 14:03:21,18637.0,,140778.0,108905.45,0.35998243,0.3642860142449945,1,108905.0,140778.0,0.0006145036792758656,-0.0,google/gemma-4-26B-A4B-it,"```json
{""broad_income"": 140778, ""taxable_income"": 108905}
```"
2026-06-08 14:03:21,18637.0,,140778.0,108905.45,0.35998243,0.3642860142449945,2,108905.0,140778.0,0.0006145036792758656,-0.0,google/gemma-4-26B-A4B-it,"```json
{""broad_income"": 140778, ""taxable_income"": 108905}
```"
2026-06-08 14:03:26,35850.0,,27531.0,12442.016,0.0,0.024172151533461,1,12442.0,27531.0,5.320028011711858e-05,-0.0,google/gemma-4-26B-A4B-it,"```json
{""broad_income"": 27531, ""taxable_income"": 12442}
```"
2026-06-08 14:03:26,35850.0,,27531.0,12442.016,0.0,0.024172151533461,2,12442.0,27531.0,5.320028011711858e-05,-0.0,google/gemma-4-26B-A4B-it,"```json
{""broad_income"": 27531, ""taxable_income"": 12442}
```"
2026-06-08 14:03:31,37488.0,,39000.0,24400.0,0.1965,0.2053753621383888,1,24400.0,39000.0,-0.0,-0.0,google/gemma-4-26B-A4B-it,"```json
{""broad_income"": 39000, ""taxable_income"": 24400}
```"
2026-06-08 14:03:31,37488.0,,39000.0,24400.0,0.1965,0.2053753621383888,2,24400.0,39000.0,-0.0,-0.0,google/gemma-4-26B-A4B-it,"```json
{""broad_income"": 39000, ""taxable_income"": 24400}
```"
2026-06-08 14:03:36,12413.0,,17000.0,2400.0,0.1765,0.1686955387569942,1,2400.0,17000.0,0.0,0.0,google/gemma-4-26B-A4B-it,"```json
{""broad_income"": 17000, ""taxable_income"": 2400}
```"
2026-06-08 14:03:36,12413.0,,17000.0,2400.0,0.1765,0.1686955387569942,2,2400.0,17000.0,0.0,0.0,google/gemma-4-26B-A4B-it,"```json
{""broad_income"": 17000, ""taxable_income"": 2400}
```"
2026-06-08 14:03:42,71242.0,,113434.0,65489.617,0.2695,0.2555438713600028,1,65490.0,113434.0,0.00030611286339114524,0.0,google/gemma-4-26B-A4B-it,"```json
{""broad_income"": 113434, ""taxable_income"": 65490}
```"
2026-06-08 14:03:42,71242.0,,113434.0,65489.617,0.2695,0.2555438713600028,2,65490.0,113434.0,0.00030611286339114524,0.0,google/gemma-4-26B-A4B-it,"```json
{""broad_income"": 113434, ""taxable_income"": 65490}
```"
2026-06-08 14:03:47,57174.0,,40080.0,25454.398,0.2435,0.2607409449043926,1,25454.0,40080.0,0.0006860694958135508,-0.0,google/gemma-4-26B-A4B-it,"```json
{""broad_income"": 40080, ""taxable_income"": 25454}
```"
2026-06-08 14:03:47,57174.0,,40080.0,25454.398,0.2435,0.2607409449043926,2,25454.0,40080.0,0.0006860694958135508,-0.0,google/gemma-4-26B-A4B-it,"```json
{""broad_income"": 40080, ""taxable_income"": 25454}
```"
2026-06-08 14:03:52,69492.0,,80000.0,65400.0,0.4025,0.3893680674449602,1,65400.0,80000.0,0.0,0.0,google/gemma-4-26B-A4B-it,"```json
{""broad_income"": 80000, ""taxable_income"": 65400}
```"
2026-06-08 14:03:52,69492.0,,80000.0,65400.0,0.4025,0.3893680674449602,2,65400.0,80000.0,0.0,0.0,google/gemma-4-26B-A4B-it,"```json
{""broad_income"": 80000, ""taxable_income"": 65400}
```"
2026-06-08 14:03:57,66666.0,,417301.0,361285.9,0.3695,0.3477655802284917,1,361286.0,417301.0,8.029454243924227e-06,0.0,google/gemma-4-26B-A4B-it,"```json
{""broad_income"": 417301, ""taxable_income"": 361286}
```"
2026-06-08 14:03:57,66666.0,,417301.0,361285.9,0.3695,0.3477655802284917,2,361286.0,417301.0,8.029454243924227e-06,0.0,google/gemma-4-26B-A4B-it,"```json
{""broad_income"": 417301, ""taxable_income"": 361286}
```"
2026-06-08 14:04:02,40319.0,,67008.0,75139.44,0.2965,0.2891909735322905,1,75139.0,67008.0,-0.0005636237558706697,0.0,google/gemma-4-26B-A4B-it,"```json
{""broad_income"": 67008, ""taxable_income"": 75139}
```"
2026-06-08 14:04:02,40319.0,,67008.0,75139.44,0.2965,0.2891909735322905,2,75139.0,67008.0,-0.0005636237558706697,0.0,google/gemma-4-26B-A4B-it,"```json
{""broad_income"": 67008, ""taxable_income"": 75139}
```"
2026-06-08 14:04:22,7478.0,,100000.0,70800.0,0.28741065,0.3010629895992259,1,72800.0,100000.0,-1.4744463766861378,-0.0,google/gemma-4-26B-A4B-it,"```json
{""broad_income"": 100000, ""taxable_income"": 72800}
```"
2026-06-08 14:04:22,7478.0,,100000.0,70800.0,0.28741065,0.3010629895992259,2,73800.0,100000.0,-2.2116695650292066,-0.0,google/gemma-4-26B-A4B-it,"```json
{""broad_income"": 100000, ""taxable_income"": 73800}
```"
2026-06-08 14:04:27,12955.0,,63020.0,80244.625,0.3260625,0.3467100826243071,1,77645.0,63020.0,1.0574142599270357,-0.0,google/gemma-4-26B-A4B-it,"```json
{""broad_income"": 63020, ""taxable_income"": 77645}
```"
2026-06-08 14:04:27,12955.0,,63020.0,80244.625,0.3260625,0.3467100826243071,2,80245.0,63020.0,-0.00015253367215372924,-0.0,google/gemma-4-26B-A4B-it,"```json
{""broad_income"": 63020, ""taxable_income"": 80245}
```"
2026-06-08 14:04:32,5404.0,,107134.0,50443.945,0.287,0.3180110785366324,1,50444.0,107134.0,-2.5068382057335755e-05,-0.0,google/gemma-4-26B-A4B-it,"```json
{""broad_income"": 107134, ""taxable_income"": 50444}
```"
2026-06-08 14:04:32,5404.0,,107134.0,50443.945,0.287,0.3180110785366324,2,50444.0,107134.0,-2.5068382057335755e-05,-0.0,google/gemma-4-26B-A4B-it,"```json
{""broad_income"": 107134, ""taxable_income"": 50444}
```"
2026-06-08 14:04:37,19375.0,,640801.0,545957.6,0.442,0.4207350259298431,1,545958.0,640801.0,1.922518009614928e-05,0.0,google/gemma-4-26B-A4B-it,"```json
{""broad_income"": 640801, ""taxable_income"": 545958}
```"
2026-06-08 14:04:37,19375.0,,640801.0,545957.6,0.442,0.4207350259298431,2,545958.0,640801.0,1.922518009614928e-05,0.0,google/gemma-4-26B-A4B-it,"```json
{""broad_income"": 640801, ""taxable_income"": 545958}
```"
2026-06-08 14:04:42,26021.0,,72000.0,78920.0,0.24399999,0.2315307316124593,1,78920.0,72000.0,0.0,0.0,google/gemma-4-26B-A4B-it,"```json
{""broad_income"": 72000, ""taxable_income"": 78920}
```"
2026-06-08 14:04:42,26021.0,,72000.0,78920.0,0.24399999,0.2315307316124593,2,78920.0,72000.0,0.0,0.0,google/gemma-4-26B-A4B-it,"```json
{""broad_income"": 72000, ""taxable_income"": 78920}
```"
2026-06-08 14:04:47,16671.0,,99511.0,58309.062,0.339,0.3399178854424205,1,58309.0,99511.0,0.000765717568894629,-0.0,google/gemma-4-26B-A4B-it,"```json
{""broad_income"": 99511, ""taxable_income"": 58309}
```"
2026-06-08 14:04:47,16671.0,,99511.0,58309.062,0.339,0.3399178854424205,2,58309.0,99511.0,0.000765717568894629,-0.0,google/gemma-4-26B-A4B-it,"```json
{""broad_income"": 99511, ""taxable_income"": 58309}
```"
2026-06-08 14:04:52,61746.0,,129085.0,69166.91,0.23820752,0.2328568658493754,1,69167.0,129085.0,0.000185256705264881,0.0,google/gemma-4-26B-A4B-it,"```json
{""broad_income"": 129085, ""taxable_income"": 69167}
```"
2026-06-08 14:04:52,61746.0,,129085.0,69166.91,0.23820752,0.2328568658493754,2,69167.0,129085.0,0.000185256705264881,0.0,google/gemma-4-26B-A4B-it,"```json
{""broad_income"": 129085, ""taxable_income"": 69167}
```"
2026-06-08 14:04:57,21305.0,,40000.0,23450.0,0.24306,0.264061339605207,1,23450.0,40000.0,-0.0,-0.0,google/gemma-4-26B-A4B-it,"```json
{""broad_income"": 40000, ""taxable_income"": 23450}
```"
2026-06-08 14:04:57,21305.0,,40000.0,23450.0,0.24306,0.264061339605207,2,23450.0,40000.0,-0.0,-0.0,google/gemma-4-26B-A4B-it,"```json
{""broad_income"": 40000, ""taxable_income"": 23450}
```"
2026-06-08 14:05:03,17106.0,,92107.0,62905.4,0.239,0.1910175638725408,1,62905.0,92107.0,-0.00010084965711677931,0.0,google/gemma-4-26B-A4B-it,"```json
{""broad_income"": 92107, ""taxable_income"": 62905}
```"
2026-06-08 14:05:03,17106.0,,92107.0,62905.4,0.239,0.1910175638725408,2,62905.0,92107.0,-0.00010084965711677931,0.0,google/gemma-4-26B-A4B-it,"```json
{""broad_income"": 92107, ""taxable_income"": 62905}
```"
2026-06-08 14:05:08,37197.0,,23000.0,8400.0,0.0,-0.0032357533336471,1,8400.0,23000.0,0.0,0.0,google/gemma-4-26B-A4B-it,"```json
{""broad_income"": 23000, ""taxable_income"": 8400}
```"
2026-06-08 14:05:08,37197.0,,23000.0,8400.0,0.0,-0.0032357533336471,2,8400.0,23000.0,0.0,0.0,google/gemma-4-26B-A4B-it,"```json
{""broad_income"": 23000, ""taxable_income"": 8400}
```"
2026-06-08 14:05:14,10089.0,,52011.0,35727.125,0.22720006,0.2250836312140537,1,35727.0,52011.0,-0.0012775425196789305,0.0,google/gemma-4-26B-A4B-it,"```json
{""broad_income"": 52011, ""taxable_income"": 35727}
```"
2026-06-08 14:05:14,10089.0,,52011.0,35727.125,0.22720006,0.2250836312140537,2,35727.0,52011.0,-0.0012775425196789305,0.0,google/gemma-4-26B-A4B-it,"```json
{""broad_income"": 52011, ""taxable_income"": 35727}
```"
2026-06-08 14:05:19,59630.0,,50002.0,35401.48,0.22149806,0.2072438800905151,1,35401.0,50002.0,-0.0007405208346929908,0.0,google/gemma-4-26B-A4B-it,"```json
{""broad_income"": 50002, ""taxable_income"": 35401}
```"
2026-06-08 14:05:19,59630.0,,50002.0,35401.48,0.22149806,0.2072438800905151,2,35401.0,50002.0,-0.0007405208346929908,0.0,google/gemma-4-26B-A4B-it,"```json
{""broad_income"": 50002, ""taxable_income"": 35401}
```"
2026-06-08 14:05:24,6815.0,,42000.0,27400.0,0.2515,0.2424447889228934,1,27400.0,42000.0,0.0,0.0,google/gemma-4-26B-A4B-it,"```json
{""broad_income"": 42000, ""taxable_income"": 27400}
```"
2026-06-08 14:05:24,6815.0,,42000.0,27400.0,0.2515,0.2424447889228934,2,27400.0,42000.0,0.0,0.0,google/gemma-4-26B-A4B-it,"```json
{""broad_income"": 42000, ""taxable_income"": 27400}
```"
2026-06-08 14:05:29,72115.0,,106667.0,77178.32,0.38950002,0.3860734115407614,1,77178.0,106667.0,-0.0007387131481534758,0.0,google/gemma-4-26B-A4B-it,"```json
{""broad_income"": 106667, ""taxable_income"": 77178}
```"
2026-06-08 14:05:29,72115.0,,106667.0,77178.32,0.38950002,0.3860734115407614,2,77178.0,106667.0,-0.0007387131481534758,0.0,google/gemma-4-26B-A4B-it,"```json
{""broad_income"": 106667, ""taxable_income"": 77178}
```"
2026-06-08 14:05:35,56996.0,,324056.0,254838.1,0.4015,0.4132113605426805,1,254838.0,324056.0,2.0053604481374443e-05,-0.0,google/gemma-4-26B-A4B-it,"```json
{""broad_income"": 324056, ""taxable_income"": 254838}
```"
2026-06-08 14:05:35,56996.0,,324056.0,254838.1,0.4015,0.4132113605426805,2,254838.0,324056.0,2.0053604481374443e-05,-0.0,google/gemma-4-26B-A4B-it,"```json
{""broad_income"": 324056, ""taxable_income"": 254838}
```"
2026-06-08 14:05:40,13049.0,,69150.0,48206.95,0.324,0.315985043534854,1,48207.0,69150.0,8.74794164939807e-05,0.0,google/gemma-4-26B-A4B-it,"```json
{""broad_income"": 69150, ""taxable_income"": 48207}
```"
2026-06-08 14:05:40,13049.0,,69150.0,48206.95,0.324,0.315985043534854,2,48207.0,69150.0,8.74794164939807e-05,0.0,google/gemma-4-26B-A4B-it,"```json
{""broad_income"": 69150, ""taxable_income"": 48207}
```"
2026-06-08 14:05:45,1002.0,,82133.0,64258.977,0.2965,0.2626088124251243,1,64259.0,82133.0,7.429701118588494e-06,0.0,google/gemma-4-26B-A4B-it,"```json
{""broad_income"": 82133, ""taxable_income"": 64259}
```"
2026-06-08 14:05:45,1002.0,,82133.0,64258.977,0.2965,0.2626088124251243,2,64259.0,82133.0,7.429701118588494e-06,0.0,google/gemma-4-26B-A4B-it,"```json
{""broad_income"": 82133, ""taxable_income"": 64259}
```"
2026-06-08 14:05:50,60536.0,,214068.0,169525.4,0.342,0.3194914264674601,1,169525.0,214068.0,-6.897681459697909e-05,0.0,google/gemma-4-26B-A4B-it,"```json
{""broad_income"": 214068, ""taxable_income"": 169525}
```"
2026-06-08 14:05:50,60536.0,,214068.0,169525.4,0.342,0.3194914264674601,2,169525.0,214068.0,-6.897681459697909e-05,0.0,google/gemma-4-26B-A4B-it,"```json
{""broad_income"": 214068, ""taxable_income"": 169525}
```"
2026-06-08 14:05:55,50613.0,,79720.0,65113.6,0.2965,0.2679142965590712,1,65114.0,79720.0,0.00015118318900631184,0.0,google/gemma-4-26B-A4B-it,"```json
{""broad_income"": 79720, ""taxable_income"": 65114}
```"
2026-06-08 14:05:55,50613.0,,79720.0,65113.6,0.2965,0.2679142965590712,2,65114.0,79720.0,0.00015118318900631184,0.0,google/gemma-4-26B-A4B-it,"```json
{""broad_income"": 79720, ""taxable_income"": 65114}
```"
2026-06-08 14:06:00,51881.0,,40000.0,25400.0,0.1965,0.2067037056505927,1,24400.0,40000.0,3.1002323421470934,-0.0,google/gemma-4-26B-A4B-it,"```json
{""broad_income"": 40000, ""taxable_income"": 24400}
```"
2026-06-08 14:06:00,51881.0,,40000.0,25400.0,0.1965,0.2067037056505927,2,25400.0,40000.0,-0.0,-0.0,google/gemma-4-26B-A4B-it,"```json
{""broad_income"": 40000, ""taxable_income"": 25400}
```"
2026-06-08 14:06:06,56922.0,,71001.0,56360.28,0.3435,0.3595426403170898,1,56360.0,71001.0,0.00020330299341200382,-0.0,google/gemma-4-26B-A4B-it,"```json
{""broad_income"": 71001, ""taxable_income"": 56360}
```"
2026-06-08 14:06:06,56922.0,,71001.0,56360.28,0.3435,0.3595426403170898,2,56360.0,71001.0,0.00020330299341200382,-0.0,google/gemma-4-26B-A4B-it,"```json
{""broad_income"": 71001, ""taxable_income"": 56360}
```"
2026-06-08 14:06:11,6794.0,,30000.0,800.0,0.2165,0.2189599656655367,1,800.0,30000.0,-0.0,-0.0,google/gemma-4-26B-A4B-it,"```json
{""broad_income"": 30000, ""taxable_income"": 800}
```"
2026-06-08 14:06:11,6794.0,,30000.0,800.0,0.2165,0.2189599656655367,2,800.0,30000.0,-0.0,-0.0,google/gemma-4-26B-A4B-it,"```json
{""broad_income"": 30000, ""taxable_income"": 800}
```"
2026-06-08 14:06:16,21411.0,,53402.0,29919.207,0.24363598,0.2425815698419728,1,29919.0,53402.0,-0.004962968824984534,0.0,google/gemma-4-26B-A4B-it,"```json
{""broad_income"": 53402, ""taxable_income"": 29919}
```"
2026-06-08 14:06:16,21411.0,,53402.0,29919.207,0.24363598,0.2425815698419728,2,29919.0,53402.0,-0.004962968824984534,0.0,google/gemma-4-26B-A4B-it,"```json
{""broad_income"": 53402, ""taxable_income"": 29919}
```"
2026-06-08 14:06:21,8879.0,,245700.0,201862.17,0.38020018,0.3630116317969752,1,201862.0,245700.0,-3.036730372843451e-05,0.0,google/gemma-4-26B-A4B-it,"```json
{""broad_income"": 245700, ""taxable_income"": 201862}
```"
2026-06-08 14:06:21,8879.0,,245700.0,201862.17,0.38020018,0.3630116317969752,2,201862.0,245700.0,-3.036730372843451e-05,0.0,google/gemma-4-26B-A4B-it,"```json
{""broad_income"": 245700, ""taxable_income"": 201862}
```"
2026-06-08 14:06:26,64376.0,,53398.0,47302.54,0.37357518,0.3995273455049193,1,47303.0,53398.0,-0.00023473006808843536,-0.0,google/gemma-4-26B-A4B-it,"```json
{""broad_income"": 53398, ""taxable_income"": 47303}
```"
2026-06-08 14:06:26,64376.0,,53398.0,47302.54,0.37357518,0.3995273455049193,2,47303.0,53398.0,-0.00023473006808843536,-0.0,google/gemma-4-26B-A4B-it,"```json
{""broad_income"": 53398, ""taxable_income"": 47303}
```"
2026-06-08 14:06:31,42389.0,,60382.0,31059.762,0.23667505,0.2069211753261778,1,29264.0,60382.0,-1.4832575998588637,0.0,google/gemma-4-26B-A4B-it,"```json
{""broad_income"": 60382, ""taxable_income"": 29264}
```"
2026-06-08 14:06:31,42389.0,,60382.0,31059.762,0.23667505,0.2069211753261778,2,29320.0,60382.0,-1.4370029037509742,0.0,google/gemma-4-26B-A4B-it,"```json
{""broad_income"": 60382, ""taxable_income"": 29320}
```"
2026-06-08 14:06:36,19608.0,,210990.0,157492.14,0.3535,0.3560487738326774,1,157492.0,210990.0,0.00022547914585059118,-0.0,google/gemma-4-26B-A4B-it,"```json
{""broad_income"": 210990, ""taxable_income"": 157492}
```"
2026-06-08 14:06:36,19608.0,,210990.0,157492.14,0.3535,0.3560487738326774,2,157492.0,210990.0,0.00022547914585059118,-0.0,google/gemma-4-26B-A4B-it,"```json
{""broad_income"": 210990, ""taxable_income"": 157492}
```"
2026-06-08 14:06:41,6288.0,,178001.0,117388.86,-1.9816387,-1.9499877325510924,1,121238.0,178001.0,-3.0889071201807736,-0.0,google/gemma-4-26B-A4B-it,"```json
{""broad_income"": 178001, ""taxable_income"": 121238}
```"
2026-06-08 14:06:41,6288.0,,178001.0,117388.86,-1.9816387,-1.9499877325510924,2,121759.0,178001.0,-3.507005866813576,-0.0,google/gemma-4-26B-A4B-it,"```json
{""broad_income"": 178001, ""taxable_income"": 121759}
```"
2026-06-08 14:06:49,18599.0,,96531.0,61015.938,0.2599824,0.2784718807797743,1,58565.0,96531.0,1.6077050149686,-0.0,google/gemma-4-26B-A4B-it,"```json
{""broad_income"": 96531, ""taxable_income"": 58565}
```"
2026-06-08 14:06:49,18599.0,,96531.0,61015.938,0.2599824,0.2784718807797743,2,58000.0,96531.0,1.9783195851687674,-0.0,google/gemma-4-26B-A4B-it,"```json
{""broad_income"": 96531, ""taxable_income"": 58000}
```"
2026-06-08 14:06:54,19367.0,,125000.0,90133.71,0.3645,0.3902550862105359,1,90134.0,125000.0,-7.938954216085149e-05,-0.0,google/gemma-4-26B-A4B-it,"```json
{""broad_income"": 125000, ""taxable_income"": 90134}
```"
2026-06-08 14:06:54,19367.0,,125000.0,90133.71,0.3645,0.3902550862105359,2,87134.0,125000.0,0.8211917362778837,-0.0,google/gemma-4-26B-A4B-it,"```json
{""broad_income"": 125000, ""taxable_income"": 87134}
```"
2026-06-08 14:07:00,51921.0,,70000.0,55400.0,0.2965,0.2818724588086915,1,55400.0,70000.0,0.0,0.0,google/gemma-4-26B-A4B-it,"```json
{""broad_income"": 70000, ""taxable_income"": 55400}
```"
2026-06-08 14:07:00,51921.0,,70000.0,55400.0,0.2965,0.2818724588086915,2,55400.0,70000.0,0.0,0.0,google/gemma-4-26B-A4B-it,"```json
{""broad_income"": 70000, ""taxable_income"": 55400}
```"
2026-06-08 14:07:05,44603.0,,192280.0,142526.4,0.3355,0.3342808902373806,1,142526.0,192280.0,-0.0015297372841360701,0.0,google/gemma-4-26B-A4B-it,"```json
{""broad_income"": 192280, ""taxable_income"": 142526}
```"
2026-06-08 14:07:05,44603.0,,192280.0,142526.4,0.3355,0.3342808902373806,2,142526.0,192280.0,-0.0015297372841360701,0.0,google/gemma-4-26B-A4B-it,"```json
{""broad_income"": 192280, ""taxable_income"": 142526}
```"
2026-06-08 14:07:11,66071.0,,211412.0,94813.85,0.36006835,0.3803762764867417,1,102534.0,211412.0,-2.5657950583855857,-0.0,google/gemma-4-26B-A4B-it,"```json
{""broad_income"": 211412, ""taxable_income"": 102534}
```"
2026-06-08 14:07:11,66071.0,,211412.0,94813.85,0.36006835,0.3803762764867417,2,103814.0,211412.0,-2.991203589921055,-0.0,google/gemma-4-26B-A4B-it,"```json
{""broad_income"": 211412, ""taxable_income"": 103814}
```"
2026-06-08 14:07:17,33006.0,,26426.0,8834.68,0.24966998,0.273574318127222,1,7500.0,26426.0,4.742004134624823,-0.0,google/gemma-4-26B-A4B-it,"```json
{""broad_income"": 26426, ""taxable_income"": 7500}
```"
2026-06-08 14:07:17,33006.0,,26426.0,8834.68,0.24966998,0.273574318127222,2,7500.0,26426.0,4.742004134624823,-0.0,google/gemma-4-26B-A4B-it,"```json
{""broad_income"": 26426, ""taxable_income"": 7500}
```"
2026-06-08 14:07:22,9042.0,,409524.0,399432.66,0.4071992,0.4121547109999132,1,399433.0,409524.0,-0.00010182529598144174,-0.0,google/gemma-4-26B-A4B-it,"```json
{""broad_income"": 409524, ""taxable_income"": 399433}
```"
2026-06-08 14:07:22,9042.0,,409524.0,399432.66,0.4071992,0.4121547109999132,2,399433.0,409524.0,-0.00010182529598144174,-0.0,google/gemma-4-26B-A4B-it,"```json
{""broad_income"": 409524, ""taxable_income"": 399433}
```"
2026-06-08 14:07:27,50965.0,,23000.0,1100.0,0.13709961,0.1003329200199275,1,21900.0,23000.0,443.78925404608265,0.0,google/gemma-4-26B-A4B-it,"```json
{""broad_income"": 23000, ""taxable_income"": 21900}
```"
2026-06-08 14:07:27,50965.0,,23000.0,1100.0,0.13709961,0.1003329200199275,2,2200.0,23000.0,23.469624012052446,0.0,google/gemma-4-26B-A4B-it,"```json
{""broad_income"": 23000, ""taxable_income"": 2200}
```"
2026-06-08 14:07:33,55361.0,,99737.0,57878.93,0.25344995,0.2582791780830458,1,57879.0,99737.0,-0.00018696433003923457,-0.0,google/gemma-4-26B-A4B-it,"```json
{""broad_income"": 99737, ""taxable_income"": 57879}
```"
2026-06-08 14:07:33,55361.0,,99737.0,57878.93,0.25344995,0.2582791780830458,2,57879.0,99737.0,-0.00018696433003923457,-0.0,google/gemma-4-26B-A4B-it,"```json
{""broad_income"": 99737, ""taxable_income"": 57879}
```"
2026-06-08 14:07:40,38273.0,,70427.0,35435.31,0.19650048,0.2261345558224119,1,35435.0,70427.0,0.0002372027344787693,-0.0,google/gemma-4-26B-A4B-it,"```json
{""broad_income"": 70427, ""taxable_income"": 35435}
```"
2026-06-08 14:07:40,38273.0,,70427.0,35435.31,0.19650048,0.2261345558224119,2,35435.0,70427.0,0.0002372027344787693,-0.0,google/gemma-4-26B-A4B-it,"```json
{""broad_income"": 70427, ""taxable_income"": 35435}
```"
2026-06-08 14:07:44,56908.0,,36000.0,21400.0,0.2435,0.248133362712383,1,21400.0,36000.0,-0.0,-0.0,google/gemma-4-26B-A4B-it,"```json
{""broad_income"": 36000, ""taxable_income"": 21400}
```"
2026-06-08 14:07:44,56908.0,,36000.0,21400.0,0.2435,0.248133362712383,2,21400.0,36000.0,-0.0,-0.0,google/gemma-4-26B-A4B-it,"```json
{""broad_income"": 36000, ""taxable_income"": 21400}
```"
2026-06-08 14:07:50,34520.0,,36000.0,19450.0,0.2504,0.2554934628715377,1,19450.0,36000.0,-0.0,-0.0,google/gemma-4-26B-A4B-it,"```json
{""broad_income"": 36000, ""taxable_income"": 19450}
```"
2026-06-08 14:07:50,34520.0,,36000.0,19450.0,0.2504,0.2554934628715377,2,19450.0,36000.0,-0.0,-0.0,google/gemma-4-26B-A4B-it,"```json
{""broad_income"": 36000, ""taxable_income"": 19450}
```"
2026-06-08 14:07:55,36027.0,,44500.0,28460.0,0.1965,0.2488878198699251,1,22460.0,44500.0,3.2334928887731214,-0.0,google/gemma-4-26B-A4B-it,"```json
{""broad_income"": 44500, ""taxable_income"": 22460}
```"
2026-06-08 14:07:55,36027.0,,44500.0,28460.0,0.1965,0.2488878198699251,2,21345.0,44500.0,3.83438365060346,-0.0,google/gemma-4-26B-A4B-it,"```json
{""broad_income"": 44500, ""taxable_income"": 21345}
```"
2026-06-08 14:08:00,29172.0,,428699.0,403626.72,0.484,0.4846998962580198,1,403627.0,428699.0,-0.0005114393656062485,-0.0,google/gemma-4-26B-A4B-it,"```json
{""broad_income"": 428699, ""taxable_income"": 403627}
```"
2026-06-08 14:08:00,29172.0,,428699.0,403626.72,0.484,0.4846998962580198,2,403627.0,428699.0,-0.0005114393656062485,-0.0,google/gemma-4-26B-A4B-it,"```json
{""broad_income"": 428699, ""taxable_income"": 403627}
```"
2026-06-08 14:08:05,3490.0,,30000.0,15400.0,0.2465,0.2508377107889419,1,15400.0,30000.0,-0.0,-0.0,google/gemma-4-26B-A4B-it,"```json
{""broad_income"": 30000, ""taxable_income"": 15400}
```"
2026-06-08 14:08:05,3490.0,,30000.0,15400.0,0.2465,0.2508377107889419,2,14650.0,30000.0,8.4598605939746,-0.0,google/gemma-4-26B-A4B-it,"```json
{""broad_income"": 30000, ""taxable_income"": 14650}
```"
2026-06-08 14:08:10,8500.0,,132755.0,100498.92,0.35285497,0.3414927107442834,1,100499.0,132755.0,4.533832987800478e-05,0.0,google/gemma-4-26B-A4B-it,"```json
{""broad_income"": 132755, ""taxable_income"": 100499}
```"
2026-06-08 14:08:10,8500.0,,132755.0,100498.92,0.35285497,0.3414927107442834,2,100499.0,132755.0,4.533832987800478e-05,0.0,google/gemma-4-26B-A4B-it,"```json
{""broad_income"": 132755, ""taxable_income"": 100499}
```"
2026-06-08 14:08:16,4100.0,,100000.0,78100.0,0.334,0.302492277163316,1,78100.0,100000.0,0.0,0.0,google/gemma-4-26B-A4B-it,"```json
{""broad_income"": 100000, ""taxable_income"": 78100}
```"
2026-06-08 14:08:16,4100.0,,100000.0,78100.0,0.334,0.302492277163316,2,78100.0,100000.0,0.0,0.0,google/gemma-4-26B-A4B-it,"```json
{""broad_income"": 100000, ""taxable_income"": 78100}
```"
2026-06-08 14:08:21,44398.0,,56000.0,23600.0,0.23791882,0.2161503986895719,1,23600.0,56000.0,0.0,0.0,google/gemma-4-26B-A4B-it,"```json
{""broad_income"": 56000, ""taxable_income"": 23600}
```"
2026-06-08 14:08:21,44398.0,,56000.0,23600.0,0.23791882,0.2161503986895719,2,23600.0,56000.0,0.0,0.0,google/gemma-4-26B-A4B-it,"```json
{""broad_income"": 56000, ""taxable_income"": 23600}
```"
2026-06-08 14:08:26,18768.0,,35000.0,20400.0,0.25,0.25502475527794,1,20400.0,35000.0,-0.0,-0.0,google/gemma-4-26B-A4B-it,"```json
{""broad_income"": 35000, ""taxable_income"": 20400}
```"
2026-06-08 14:08:26,18768.0,,35000.0,20400.0,0.25,0.25502475527794,2,20400.0,35000.0,-0.0,-0.0,google/gemma-4-26B-A4B-it,"```json
{""broad_income"": 35000, ""taxable_income"": 20400}
```"
2026-06-08 14:08:31,35181.0,,22250.0,7570.0,0.0,0.0272840267845464,1,0.0,22250.0,36.651481392269986,-0.0,google/gemma-4-26B-A4B-it,"```json
{""broad_income"": 22250, ""taxable_income"": 0}
```"
2026-06-08 14:08:31,35181.0,,22250.0,7570.0,0.0,0.0272840267845464,2,0.0,22250.0,36.651481392269986,-0.0,google/gemma-4-26B-A4B-it,"```json
{""broad_income"": 22250, ""taxable_income"": 0}
```"
2026-06-08 14:08:36,67527.0,,131375.0,102139.47,0.38950002,0.3489331971406887,1,102139.0,131375.0,-6.924986264910329e-05,0.0,google/gemma-4-26B-A4B-it,"```json
{""broad_income"": 131375, ""taxable_income"": 102139}
```"
2026-06-08 14:08:36,67527.0,,131375.0,102139.47,0.38950002,0.3489331971406887,2,102139.0,131375.0,-6.924986264910329e-05,0.0,google/gemma-4-26B-A4B-it,"```json
{""broad_income"": 131375, ""taxable_income"": 102139}
```"
2026-06-08 14:08:41,15592.0,,189467.0,148359.47,0.3465,0.3455318414803244,1,148359.0,189467.0,-0.002138364348549905,0.0,google/gemma-4-26B-A4B-it,"```json
{""broad_income"": 189467, ""taxable_income"": 148359}
```"
2026-06-08 14:08:41,15592.0,,189467.0,148359.47,0.3465,0.3455318414803244,2,148359.0,189467.0,-0.002138364348549905,0.0,google/gemma-4-26B-A4B-it,"```json
{""broad_income"": 189467, ""taxable_income"": 148359}
```"
2026-06-08 14:08:46,28311.0,,40029.0,25423.238,0.254,0.2537401815775092,1,25423.0,40029.0,-0.026879115892572216,0.0,google/gemma-4-26B-A4B-it,"```json
{""broad_income"": 40029, ""taxable_income"": 25423}
```"
2026-06-08 14:08:46,28311.0,,40029.0,25423.238,0.254,0.2537401815775092,2,25423.0,40029.0,-0.026879115892572216,0.0,google/gemma-4-26B-A4B-it,"```json
{""broad_income"": 40029, ""taxable_income"": 25423}
```"
2026-06-08 14:08:52,53941.0,,74079.0,59224.723,0.34453124,0.3449264499100734,1,59225.0,74079.0,-0.0077571270131217085,-0.0,google/gemma-4-26B-A4B-it,"```json
{""broad_income"": 74079, ""taxable_income"": 59225}
```"
2026-06-08 14:08:52,53941.0,,74079.0,59224.723,0.34453124,0.3449264499100734,2,59225.0,74079.0,-0.0077571270131217085,-0.0,google/gemma-4-26B-A4B-it,"```json
{""broad_income"": 74079, ""taxable_income"": 59225}
```"
2026-06-08 14:08:58,14649.0,,46611.0,23515.617,0.50714356,0.5046968200406412,1,23516.0,46611.0,0.003280764195887987,0.0,google/gemma-4-26B-A4B-it,"```json
{""broad_income"": 46611, ""taxable_income"": 23516}
```"
2026-06-08 14:08:58,14649.0,,46611.0,23515.617,0.50714356,0.5046968200406412,2,23516.0,46611.0,0.003280764195887987,0.0,google/gemma-4-26B-A4B-it,"```json
{""broad_income"": 46611, ""taxable_income"": 23516}
```"
2026-06-08 14:09:03,6911.0,,60050.0,45434.0,-0.9034999,-0.8966424727595945,1,45434.0,60050.0,-0.0,-0.0,google/gemma-4-26B-A4B-it,"```json
{""broad_income"": 60050, ""taxable_income"": 45434}
```"
2026-06-08 14:09:03,6911.0,,60050.0,45434.0,-0.9034999,-0.8966424727595945,2,45434.0,60050.0,-0.0,-0.0,google/gemma-4-26B-A4B-it,"```json
{""broad_income"": 60050, ""taxable_income"": 45434}
```"
2026-06-08 14:09:08,17549.0,,50615.0,35914.2,0.23900025,0.2498362883251922,1,35914.0,50615.0,0.0003910909628000229,-0.0,google/gemma-4-26B-A4B-it,"```json
{""broad_income"": 50615, ""taxable_income"": 35914}
```"
2026-06-08 14:09:08,17549.0,,50615.0,35914.2,0.23900025,0.2498362883251922,2,35914.0,50615.0,0.0003910909628000229,-0.0,google/gemma-4-26B-A4B-it,"```json
{""broad_income"": 50615, ""taxable_income"": 35914}
```"
2026-06-08 14:09:13,11076.0,,46005.0,31403.398,0.22719994,0.2376933343033829,1,31403.0,46005.0,0.0009333780499242937,-0.0,google/gemma-4-26B-A4B-it,"```json
{""broad_income"": 46005, ""taxable_income"": 31403}
```"
2026-06-08 14:09:13,11076.0,,46005.0,31403.398,0.22719994,0.2376933343033829,2,31403.0,46005.0,0.0009333780499242937,-0.0,google/gemma-4-26B-A4B-it,"```json
{""broad_income"": 46005, ""taxable_income"": 31403}
```"
2026-06-08 14:09:18,68898.0,,45022.0,30414.96,0.25409925,0.2547097670708307,1,30415.0,45022.0,-0.001606778358558827,-0.0,google/gemma-4-26B-A4B-it,"```json
{""broad_income"": 45022, ""taxable_income"": 30415}
```"
2026-06-08 14:09:18,68898.0,,45022.0,30414.96,0.25409925,0.2547097670708307,2,30415.0,45022.0,-0.001606778358558827,-0.0,google/gemma-4-26B-A4B-it,"```json
{""broad_income"": 45022, ""taxable_income"": 30415}
```"
2026-06-08 14:09:23,59917.0,,48000.0,26100.0,0.4320996,0.4397626877574634,1,26100.0,48000.0,-0.0,-0.0,google/gemma-4-26B-A4B-it,"```json
{""broad_income"": 48000, ""taxable_income"": 26100}
```"
2026-06-08 14:09:23,59917.0,,48000.0,26100.0,0.4320996,0.4397626877574634,2,26100.0,48000.0,-0.0,-0.0,google/gemma-4-26B-A4B-it,"```json
{""broad_income"": 48000, ""taxable_income"": 26100}
```"
2026-06-08 14:09:28,43922.0,,124818.0,79713.875,0.2435,0.2568622710661419,1,81214.0,124818.0,-1.0654232803860584,-0.0,google/gemma-4-26B-A4B-it,"```json
{""broad_income"": 124818, ""taxable_income"": 81214}
```"
2026-06-08 14:09:28,43922.0,,124818.0,79713.875,0.2435,0.2568622710661419,2,81714.0,124818.0,-1.4205347812230082,-0.0,google/gemma-4-26B-A4B-it,"```json
{""broad_income"": 124818, ""taxable_income"": 81714}
```"
2026-06-08 14:09:34,65070.0,,25001.0,6907.589,0.24322398,0.2412076878043292,1,6908.0,25001.0,0.02233208260491914,0.0,google/gemma-4-26B-A4B-it,"```json
{""broad_income"": 25001, ""taxable_income"": 6908}
```"
2026-06-08 14:09:34,65070.0,,25001.0,6907.589,0.24322398,0.2412076878043292,2,6908.0,25001.0,0.02233208260491914,0.0,google/gemma-4-26B-A4B-it,"```json
{""broad_income"": 25001, ""taxable_income"": 6908}
```"
2026-06-08 14:09:39,59706.0,,70001.0,53784.953,0.3215,0.3258112987422371,1,53785.0,70001.0,-0.00013752409606919013,-0.0,google/gemma-4-26B-A4B-it,"```json
{""broad_income"": 70001, ""taxable_income"": 53785}
```"
2026-06-08 14:09:39,59706.0,,70001.0,53784.953,0.3215,0.3258112987422371,2,53785.0,70001.0,-0.00013752409606919013,-0.0,google/gemma-4-26B-A4B-it,"```json
{""broad_income"": 70001, ""taxable_income"": 53785}
```"
2026-06-08 14:09:44,12489.0,,36016.0,21410.879,0.22399999,0.1942670384532334,1,21411.0,36016.0,0.00014749407579026135,0.0,google/gemma-4-26B-A4B-it,"```json
{""broad_income"": 36016, ""taxable_income"": 21411}
```"
2026-06-08 14:09:44,12489.0,,36016.0,21410.879,0.22399999,0.1942670384532334,2,21411.0,36016.0,0.00014749407579026135,0.0,google/gemma-4-26B-A4B-it,"```json
{""broad_income"": 36016, ""taxable_income"": 21411}
```"
2026-06-08 14:09:49,66451.0,,130057.0,76365.96,0.2695,0.3163439348171535,1,76366.0,130057.0,-8.168212505074686e-06,-0.0,google/gemma-4-26B-A4B-it,"```json
{""broad_income"": 130057, ""taxable_income"": 76366}
```"
2026-06-08 14:09:49,66451.0,,130057.0,76365.96,0.2695,0.3163439348171535,2,76366.0,130057.0,-8.168212505074686e-06,-0.0,google/gemma-4-26B-A4B-it,"```json
{""broad_income"": 130057, ""taxable_income"": 76366}
```"
2026-06-08 14:09:54,36947.0,,32000.0,17400.0,0.1965,0.1742724699615071,1,17400.0,32000.0,0.0,0.0,google/gemma-4-26B-A4B-it,"```json
{""broad_income"": 32000, ""taxable_income"": 17400}
```"
2026-06-08 14:09:54,36947.0,,32000.0,17400.0,0.1965,0.1742724699615071,2,17400.0,32000.0,0.0,0.0,google/gemma-4-26B-A4B-it,"```json
{""broad_income"": 32000, ""taxable_income"": 17400}
```"
2026-06-08 14:09:59,59893.0,,40027.0,9268.359,0.2015,0.1762335137619416,1,9268.0,40027.0,-0.0012241134563952963,0.0,google/gemma-4-26B-A4B-it,"```json
{""broad_income"": 40027, ""taxable_income"": 9268}
```"
2026-06-08 14:09:59,59893.0,,40027.0,9268.359,0.2015,0.1762335137619416,2,12314.0,40027.0,10.384986438566287,0.0,google/gemma-4-26B-A4B-it,"```json
{""broad_income"": 40027, ""taxable_income"": 12314}
```"
2026-06-08 14:10:04,66700.0,,40000.0,25400.0,0.0,0.0505142491159276,1,25400.0,40000.0,-0.0,-0.0,google/gemma-4-26B-A4B-it,"```json
{""broad_income"": 40000, ""taxable_income"": 25400}
```"
2026-06-08 14:10:04,66700.0,,40000.0,25400.0,0.0,0.0505142491159276,2,25400.0,40000.0,-0.0,-0.0,google/gemma-4-26B-A4B-it,"```json
{""broad_income"": 40000, ""taxable_income"": 25400}
```"
2026-06-08 14:10:08,19015.0,,40000.0,18100.0,0.5806001,0.5841778141538834,1,18100.0,40000.0,-0.0,-0.0,google/gemma-4-26B-A4B-it,"```json
{""broad_income"": 40000, ""taxable_income"": 18100}
```"
2026-06-08 14:10:08,19015.0,,40000.0,18100.0,0.5806001,0.5841778141538834,2,18100.0,40000.0,-0.0,-0.0,google/gemma-4-26B-A4B-it,"```json
{""broad_income"": 40000, ""taxable_income"": 18100}
```"
2026-06-08 14:10:13,8599.0,,310622.0,252434.9,0.32847363,0.334680572485621,1,252435.0,310622.0,-4.285839991410809e-05,-0.0,google/gemma-4-26B-A4B-it,"```json
{""broad_income"": 310622, ""taxable_income"": 252435}
```"
2026-06-08 14:10:13,8599.0,,310622.0,252434.9,0.32847363,0.334680572485621,2,252435.0,310622.0,-4.285839991410809e-05,-0.0,google/gemma-4-26B-A4B-it,"```json
{""broad_income"": 310622, ""taxable_income"": 252435}
```"
2026-06-08 14:10:19,14575.0,,112181.0,76563.086,0.2465,0.2725529554148177,1,76563.0,112181.0,3.248667633296874e-05,-0.0,google/gemma-4-26B-A4B-it,"```json
{""broad_income"": 112181, ""taxable_income"": 76563}
```"
2026-06-08 14:10:19,14575.0,,112181.0,76563.086,0.2465,0.2725529554148177,2,76563.0,112181.0,3.248667633296874e-05,-0.0,google/gemma-4-26B-A4B-it,"```json
{""broad_income"": 112181, ""taxable_income"": 76563}
```"
2026-06-08 14:10:24,29148.0,,25000.0,10400.0,0.0,0.0192575745945733,1,10400.0,25000.0,-0.0,-0.0,google/gemma-4-26B-A4B-it,"```json
{""broad_income"": 25000, ""taxable_income"": 10400}
```"
2026-06-08 14:10:24,29148.0,,25000.0,10400.0,0.0,0.0192575745945733,2,14600.0,25000.0,-20.9707692868008,-0.0,google/gemma-4-26B-A4B-it,"{""broad_income"": 25000, ""taxable_income"": 14600}"
2026-06-08 14:10:29,60840.0,,67776.0,68251.28,0.355,0.3726617360515649,1,68251.0,67776.0,0.00014982129796568903,-0.0,google/gemma-4-26B-A4B-it,"```json
{""broad_income"": 67776, ""taxable_income"": 68251}
```"
2026-06-08 14:10:29,60840.0,,67776.0,68251.28,0.355,0.3726617360515649,2,68251.0,67776.0,0.00014982129796568903,-0.0,google/gemma-4-26B-A4B-it,"```json
{""broad_income"": 67776, ""taxable_income"": 68251}
```"
2026-06-08 14:10:34,64187.0,,36047.0,22826.193,0.4006584,0.3738195852376789,1,22826.0,36047.0,-0.0001888143135544278,0.0,google/gemma-4-26B-A4B-it,"```json
{""broad_income"": 36047, ""taxable_income"": 22826}
```"
2026-06-08 14:10:34,64187.0,,36047.0,22826.193,0.4006584,0.3738195852376789,2,22826.0,36047.0,-0.0001888143135544278,0.0,google/gemma-4-26B-A4B-it,"```json
{""broad_income"": 36047, ""taxable_income"": 22826}
```"
2026-06-08 14:10:39,1238.0,,79500.0,62561.594,0.2965,0.2798497415892926,1,62562.0,79500.0,0.000274196149467651,0.0,google/gemma-4-26B-A4B-it,"```json
{""broad_income"": 79500, ""taxable_income"": 62562}
```"
2026-06-08 14:10:39,1238.0,,79500.0,62561.594,0.2965,0.2798497415892926,2,62562.0,79500.0,0.000274196149467651,0.0,google/gemma-4-26B-A4B-it,"```json
{""broad_income"": 79500, ""taxable_income"": 62562}
```"
2026-06-08 14:10:44,35318.0,,30016.0,15410.881,0.2504,0.2261882714247324,1,15411.0,30016.0,0.00023906900594167511,0.0,google/gemma-4-26B-A4B-it,"```json
{""broad_income"": 30016, ""taxable_income"": 15411}
```"
2026-06-08 14:10:44,35318.0,,30016.0,15410.881,0.2504,0.2261882714247324,2,15411.0,30016.0,0.00023906900594167511,0.0,google/gemma-4-26B-A4B-it,"```json
{""broad_income"": 30016, ""taxable_income"": 15411}
```"
2026-06-08 14:10:49,28675.0,,20001.0,5400.6797,0.2265,0.2124180512199953,1,5401.0,20001.0,0.0032576623995029716,0.0,google/gemma-4-26B-A4B-it,"```json
{""broad_income"": 20001, ""taxable_income"": 5401}
```"
2026-06-08 14:10:49,28675.0,,20001.0,5400.6797,0.2265,0.2124180512199953,2,5401.0,20001.0,0.0032576623995029716,0.0,google/gemma-4-26B-A4B-it,"```json
{""broad_income"": 20001, ""taxable_income"": 5401}
```"
2026-06-08 14:10:54,14191.0,,33065.0,18464.36,0.227,0.2485138668646204,1,18464.0,33065.0,0.0007005340654772014,-0.0,google/gemma-4-26B-A4B-it,"```json
{""broad_income"": 33065, ""taxable_income"": 18464}
```"
2026-06-08 14:10:54,14191.0,,33065.0,18464.36,0.227,0.2485138668646204,2,18464.0,33065.0,0.0007005340654772014,-0.0,google/gemma-4-26B-A4B-it,"```json
{""broad_income"": 33065, ""taxable_income"": 18464}
```"
2026-06-08 14:10:59,9049.0,,342509.0,282808.3,0.39047462,0.398415151957543,1,282808.0,342509.0,8.142753716573017e-05,-0.0,google/gemma-4-26B-A4B-it,"```json
{""broad_income"": 342509, ""taxable_income"": 282808}
```"
2026-06-08 14:10:59,9049.0,,342509.0,282808.3,0.39047462,0.398415151957543,2,282808.0,342509.0,8.142753716573017e-05,-0.0,google/gemma-4-26B-A4B-it,"```json
{""broad_income"": 342509, ""taxable_income"": 282808}
```"
2026-06-08 14:11:04,20100.0,,75135.0,57260.336,0.3535,0.3455419104711237,1,57260.0,75135.0,-0.00047669993623440464,0.0,google/gemma-4-26B-A4B-it,"```json
{""broad_income"": 75135, ""taxable_income"": 57260}
```"
2026-06-08 14:11:04,20100.0,,75135.0,57260.336,0.3535,0.3455419104711237,2,57260.0,75135.0,-0.00047669993623440464,0.0,google/gemma-4-26B-A4B-it,"```json
{""broad_income"": 75135, ""taxable_income"": 57260}
```"
2026-06-08 14:11:09,69694.0,,110000.0,95400.0,0.4025,0.4204795027573997,1,95400.0,110000.0,-0.0,-0.0,google/gemma-4-26B-A4B-it,"```json
{""broad_income"": 110000, ""taxable_income"": 95400}
```"
2026-06-08 14:11:09,69694.0,,110000.0,95400.0,0.4025,0.4204795027573997,2,95400.0,110000.0,-0.0,-0.0,google/gemma-4-26B-A4B-it,"```json
{""broad_income"": 110000, ""taxable_income"": 95400}
```"
2026-06-08 14:11:14,19264.0,,155002.0,101329.81,0.3644995,0.3530701769462822,1,101330.0,155002.0,0.0001042585692697447,0.0,google/gemma-4-26B-A4B-it,"```json
{""broad_income"": 155002, ""taxable_income"": 101330}
```"
2026-06-08 14:11:14,19264.0,,155002.0,101329.81,0.3644995,0.3530701769462822,2,101330.0,155002.0,0.0001042585692697447,0.0,google/gemma-4-26B-A4B-it,"```json
{""broad_income"": 155002, ""taxable_income"": 101330}
```"
2026-06-08 14:11:20,35752.0,,110578.0,89263.78,0.1965,0.2013130665084106,1,89264.0,110578.0,-0.0004114446554076145,-0.0,google/gemma-4-26B-A4B-it,"```json
{""broad_income"": 110578, ""taxable_income"": 89264}
```"
2026-06-08 14:11:20,35752.0,,110578.0,89263.78,0.1965,0.2013130665084106,2,90650.0,110578.0,-2.5925127737096623,-0.0,google/gemma-4-26B-A4B-it,"```json
{""broad_income"": 110578, ""taxable_income"": 90650}
```"
2026-06-08 14:11:25,50462.0,,108989.0,61046.53,0.1965,0.2039940498854878,1,58989.0,108989.0,3.6137199616818956,-0.0,google/gemma-4-26B-A4B-it,"```json
{""broad_income"": 108989, ""taxable_income"": 58989}
```"
2026-06-08 14:11:25,50462.0,,108989.0,61046.53,0.1965,0.2039940498854878,2,61047.0,108989.0,-0.0008254792795219019,-0.0,google/gemma-4-26B-A4B-it,"```json
{""broad_income"": 108989, ""taxable_income"": 61047}
```"
2026-06-08 14:11:30,23034.0,,55000.0,22901.125,0.19052246,0.1760061546864951,1,22901.0,55000.0,-0.00030437004258141473,0.0,google/gemma-4-26B-A4B-it,"```json
{""broad_income"": 55000, ""taxable_income"": 22901}
```"
2026-06-08 14:11:30,23034.0,,55000.0,22901.125,0.19052246,0.1760061546864951,2,22901.0,55000.0,-0.00030437004258141473,0.0,google/gemma-4-26B-A4B-it,"```json
{""broad_income"": 55000, ""taxable_income"": 22901}
```"
2026-06-08 14:11:35,71380.0,,165061.0,103694.78,0.38950002,0.3826816591214991,1,103695.0,165061.0,0.0001899640660305141,0.0,google/gemma-4-26B-A4B-it,"```json
{""broad_income"": 165061, ""taxable_income"": 103695}
```"
2026-06-08 14:11:35,71380.0,,165061.0,103694.78,0.38950002,0.3826816591214991,2,103695.0,165061.0,0.0001899640660305141,0.0,google/gemma-4-26B-A4B-it,"```json
{""broad_income"": 165061, ""taxable_income"": 103695}
```"
2026-06-08 14:11:40,70853.0,,173116.0,134546.28,0.42947462,0.4345999406833374,1,134546.0,173116.0,0.00023165424442408118,-0.0,google/gemma-4-26B-A4B-it,"```json
{""broad_income"": 173116, ""taxable_income"": 134546}
```"
2026-06-08 14:11:40,70853.0,,173116.0,134546.28,0.42947462,0.4345999406833374,2,134546.0,173116.0,0.00023165424442408118,-0.0,google/gemma-4-26B-A4B-it,"```json
{""broad_income"": 173116, ""taxable_income"": 134546}
```"
2026-06-08 14:11:45,15724.0,,318564.0,274599.44,0.3135,0.293311843239213,1,274599.0,318564.0,-5.448750256437189e-05,0.0,google/gemma-4-26B-A4B-it,"```json
{""broad_income"": 318564, ""taxable_income"": 274599}
```"
2026-06-08 14:11:45,15724.0,,318564.0,274599.44,0.3135,0.293311843239213,2,274599.0,318564.0,-5.448750256437189e-05,0.0,google/gemma-4-26B-A4B-it,"```json
{""broad_income"": 318564, ""taxable_income"": 274599}
```"
2026-06-08 14:11:50,34682.0,,247000.0,220937.77,0.39740038,0.4134684770235917,1,220938.0,247000.0,-3.9041120876878285e-05,-0.0,google/gemma-4-26B-A4B-it,"```json
{""broad_income"": 247000, ""taxable_income"": 220938}
```"
2026-06-08 14:11:50,34682.0,,247000.0,220937.77,0.39740038,0.4134684770235917,2,214500.0,247000.0,1.0927728553743083,-0.0,google/gemma-4-26B-A4B-it,"```json
{""broad_income"": 247000, ""taxable_income"": 214500}
```"
2026-06-08 14:11:55,18150.0,,25600.0,8800.08,0.27871445,0.2675218288243595,1,8800.0,25600.0,-0.0005858396930351753,0.0,google/gemma-4-26B-A4B-it,"```json
{""broad_income"": 25600, ""taxable_income"": 8800}
```"
2026-06-08 14:11:55,18150.0,,25600.0,8800.08,0.27871445,0.2675218288243595,2,8800.0,25600.0,-0.0005858396930351753,0.0,google/gemma-4-26B-A4B-it,"```json
{""broad_income"": 25600, ""taxable_income"": 8800}
```"
2026-06-08 14:12:01,17301.0,,75075.0,60451.0,0.339,0.329125965386583,1,60451.0,75075.0,0.0,0.0,google/gemma-4-26B-A4B-it,"```json
{""broad_income"": 75075, ""taxable_income"": 60451}
```"
2026-06-08 14:12:01,17301.0,,75075.0,60451.0,0.339,0.329125965386583,2,60451.0,75075.0,0.0,0.0,google/gemma-4-26B-A4B-it,"```json
{""broad_income"": 75075, ""taxable_income"": 60451}
```"
2026-06-08 14:12:06,4795.0,,202318.0,146779.67,0.3565,0.3614606386851972,1,146780.0,202318.0,-0.00029164799047504017,-0.0,google/gemma-4-26B-A4B-it,"```json
{""broad_income"": 202318, ""taxable_income"": 146780}
```"
2026-06-08 14:12:06,4795.0,,202318.0,146779.67,0.3565,0.3614606386851972,2,146780.0,202318.0,-0.00029164799047504017,-0.0,google/gemma-4-26B-A4B-it,"```json
{""broad_income"": 202318, ""taxable_income"": 146780}
```"
2026-06-08 14:12:11,41216.0,,125000.0,92800.0,0.1965,0.1899220265277215,1,92800.0,125000.0,0.0,0.0,google/gemma-4-26B-A4B-it,"```json
{""broad_income"": 125000, ""taxable_income"": 92800}
```"
2026-06-08 14:12:11,41216.0,,125000.0,92800.0,0.1965,0.1899220265277215,2,92800.0,125000.0,0.0,0.0,google/gemma-4-26B-A4B-it,"```json
{""broad_income"": 125000, ""taxable_income"": 92800}
```"
2026-06-08 14:12:18,34898.0,,32072.0,17468.16,0.2504,0.2734830000852011,1,17468.0,32072.0,0.00029744737881753534,-0.0,google/gemma-4-26B-A4B-it,"```json
{""broad_income"": 32072, ""taxable_income"": 17468}
```"
2026-06-08 14:12:18,34898.0,,32072.0,17468.16,0.2504,0.2734830000852011,2,17468.0,32072.0,0.00029744737881753534,-0.0,google/gemma-4-26B-A4B-it,"```json
{""broad_income"": 32072, ""taxable_income"": 17468}
```"
2026-06-08 14:12:23,5668.0,,122226.0,91945.46,-0.59984034,-0.6372279730150605,1,94845.0,122226.0,1.3494210688814445,0.0,google/gemma-4-26B-A4B-it,"```json
{""broad_income"": 122226, ""taxable_income"": 94845}
```"
2026-06-08 14:12:23,5668.0,,122226.0,91945.46,-0.59984034,-0.6372279730150605,2,101136.0,122226.0,4.277198559218941,0.0,google/gemma-4-26B-A4B-it,"```json
{""broad_income"": 122226, ""taxable_income"": 101136}
```"
2026-06-08 14:12:29,16982.0,,178000.0,148800.0,0.339,0.3420484432599607,1,148800.0,178000.0,-0.0,-0.0,google/gemma-4-26B-A4B-it,"```json
{""broad_income"": 178000, ""taxable_income"": 148800}
```"
2026-06-08 14:12:29,16982.0,,178000.0,148800.0,0.339,0.3420484432599607,2,148800.0,178000.0,-0.0,-0.0,google/gemma-4-26B-A4B-it,"```json
{""broad_income"": 178000, ""taxable_income"": 148800}
```"
2026-06-08 14:12:35,67657.0,,277000.0,257775.0,0.5187246,0.5249730469682068,1,257775.0,277000.0,-0.0,-0.0,google/gemma-4-26B-A4B-it,"```json
{""broad_income"": 277000, ""taxable_income"": 257775}
```"
2026-06-08 14:12:35,67657.0,,277000.0,257775.0,0.5187246,0.5249730469682068,2,257775.0,277000.0,-0.0,-0.0,google/gemma-4-26B-A4B-it,"```json
{""broad_income"": 277000, ""taxable_income"": 257775}
```"
2026-06-08 14:12:39,15158.0,,32000.0,17400.0,0.24599999,0.2259645996695706,1,17400.0,32000.0,0.0,0.0,google/gemma-4-26B-A4B-it,"```json
{""broad_income"": 32000, ""taxable_income"": 17400}
```"
2026-06-08 14:12:39,15158.0,,32000.0,17400.0,0.24599999,0.2259645996695706,2,17400.0,32000.0,0.0,0.0,google/gemma-4-26B-A4B-it,"```json
{""broad_income"": 32000, ""taxable_income"": 17400}
```"
2026-06-08 14:12:44,10343.0,,65154.0,49535.28,0.0,0.0174544669718534,1,49535.0,65154.0,0.00032384471828446733,-0.0,google/gemma-4-26B-A4B-it,"```json
{""broad_income"": 65154, ""taxable_income"": 49535}
```"
2026-06-08 14:12:44,10343.0,,65154.0,49535.28,0.0,0.0174544669718534,2,49535.0,65154.0,0.00032384471828446733,-0.0,google/gemma-4-26B-A4B-it,"```json
{""broad_income"": 65154, ""taxable_income"": 49535}
```"
2026-06-08 14:12:50,34327.0,,346508.0,241392.89,0.2782646,0.3032358327732299,1,241393.0,346508.0,-1.3170620471111958e-05,-0.0,google/gemma-4-26B-A4B-it,"```json
{""broad_income"": 346508, ""taxable_income"": 241393}
```"
2026-06-08 14:12:50,34327.0,,346508.0,241392.89,0.2782646,0.3032358327732299,2,241393.0,346508.0,-1.3170620471111958e-05,-0.0,google/gemma-4-26B-A4B-it,"```json
{""broad_income"": 346508, ""taxable_income"": 241393}
```"
2026-06-08 14:12:55,72035.0,,35000.0,5800.0,0.1895,0.2204353338101153,1,5800.0,35000.0,-0.0,-0.0,google/gemma-4-26B-A4B-it,"```json
{""broad_income"": 35000, ""taxable_income"": 5800}
```"
2026-06-08 14:12:55,72035.0,,35000.0,5800.0,0.1895,0.2204353338101153,2,5800.0,35000.0,-0.0,-0.0,google/gemma-4-26B-A4B-it,"```json
{""broad_income"": 35000, ""taxable_income"": 5800}
```"
2026-06-08 14:13:00,15268.0,,63000.0,33800.0,0.24599999,0.2344897327046288,1,33800.0,63000.0,0.0,0.0,google/gemma-4-26B-A4B-it,"```json
{""broad_income"": 63000, ""taxable_income"": 33800}
```"
2026-06-08 14:13:00,15268.0,,63000.0,33800.0,0.24599999,0.2344897327046288,2,33800.0,63000.0,0.0,0.0,google/gemma-4-26B-A4B-it,"```json
{""broad_income"": 63000, ""taxable_income"": 33800}
```"
2026-06-08 14:13:05,48849.0,,26092.0,11462.561,0.19375122,0.2191511273697589,1,11463.0,26092.0,-0.0012156814728939492,-0.0,google/gemma-4-26B-A4B-it,"```json
{""broad_income"": 26092, ""taxable_income"": 11463}
```"
2026-06-08 14:13:05,48849.0,,26092.0,11462.561,0.19375122,0.2191511273697589,2,11463.0,26092.0,-0.0012156814728939492,-0.0,google/gemma-4-26B-A4B-it,"```json
{""broad_income"": 26092, ""taxable_income"": 11463}
```"
2026-06-08 14:13:10,55495.0,,26000.0,11400.0,0.24944997,0.2157905283888389,1,11400.0,26000.0,0.0,0.0,google/gemma-4-26B-A4B-it,"```json
{""broad_income"": 26000, ""taxable_income"": 11400}
```"
2026-06-08 14:13:10,55495.0,,26000.0,11400.0,0.24944997,0.2157905283888389,2,11400.0,26000.0,0.0,0.0,google/gemma-4-26B-A4B-it,"```json
{""broad_income"": 26000, ""taxable_income"": 11400}
```"
2026-06-08 14:13:15,15071.0,,125105.0,98339.94,0.3465,0.379643546375036,1,98340.0,125105.0,-1.2030063701571861e-05,-0.0,google/gemma-4-26B-A4B-it,"```json
{""broad_income"": 125105, ""taxable_income"": 98340}
```"
2026-06-08 14:13:15,15071.0,,125105.0,98339.94,0.3465,0.379643546375036,2,98340.0,125105.0,-1.2030063701571861e-05,-0.0,google/gemma-4-26B-A4B-it,"```json
{""broad_income"": 125105, ""taxable_income"": 98340}
```"
2026-06-08 14:13:20,51821.0,,47000.0,32400.0,0.1965,0.1616894720705309,1,32400.0,47000.0,0.0,0.0,google/gemma-4-26B-A4B-it,"```json
{""broad_income"": 47000, ""taxable_income"": 32400}
```"
2026-06-08 14:13:20,51821.0,,47000.0,32400.0,0.1965,0.1616894720705309,2,32400.0,47000.0,0.0,0.0,google/gemma-4-26B-A4B-it,"```json
{""broad_income"": 47000, ""taxable_income"": 32400}
```"
2026-06-08 14:13:25,23627.0,,40000.0,25400.0,0.24659997,0.2426149559984552,1,25400.0,40000.0,0.0,0.0,google/gemma-4-26B-A4B-it,"```json
{""broad_income"": 40000, ""taxable_income"": 25400}
```"
2026-06-08 14:13:25,23627.0,,40000.0,25400.0,0.24659997,0.2426149559984552,2,25400.0,40000.0,0.0,0.0,google/gemma-4-26B-A4B-it,"```json
{""broad_income"": 40000, ""taxable_income"": 25400}
```"
2026-06-08 14:13:30,43699.0,,28000.0,13400.0,0.2435,0.2453268715926843,1,13400.0,28000.0,-0.0,-0.0,google/gemma-4-26B-A4B-it,"```json
{""broad_income"": 28000, ""taxable_income"": 13400}
```"
2026-06-08 14:13:30,43699.0,,28000.0,13400.0,0.2435,0.2453268715926843,2,13400.0,28000.0,-0.0,-0.0,google/gemma-4-26B-A4B-it,"```json
{""broad_income"": 28000, ""taxable_income"": 13400}
```"
2026-06-08 14:13:35,43932.0,,15002.0,401.36035,0.1765,0.1876424159977244,1,0.0,15002.0,73.90677211909741,-0.0,google/gemma-4-26B-A4B-it,"```json
{""broad_income"": 15002, ""taxable_income"": 0}
```"
2026-06-08 14:13:35,43932.0,,15002.0,401.36035,0.1765,0.1876424159977244,2,0.0,15002.0,73.90677211909741,-0.0,google/gemma-4-26B-A4B-it,"```json
{""broad_income"": 15002, ""taxable_income"": 0}
```"
2026-06-08 14:13:40,36728.0,,33545.0,18945.0,0.19649988,0.188442101231716,1,18945.0,33545.0,0.0,0.0,google/gemma-4-26B-A4B-it,"```json
{""broad_income"": 33545, ""taxable_income"": 18945}
```"
2026-06-08 14:13:40,36728.0,,33545.0,18945.0,0.19649988,0.188442101231716,2,18945.0,33545.0,0.0,0.0,google/gemma-4-26B-A4B-it,"```json
{""broad_income"": 33545, ""taxable_income"": 18945}
```"
2026-06-08 14:13:46,7580.0,,50005.0,20803.398,0.045409918,0.0463076382891711,1,20803.0,50005.0,0.020343453068156863,-0.0,google/gemma-4-26B-A4B-it,"```json
{""broad_income"": 50005, ""taxable_income"": 20803}
```"
2026-06-08 14:13:46,7580.0,,50005.0,20803.398,0.045409918,0.0463076382891711,2,20803.0,50005.0,0.020343453068156863,-0.0,google/gemma-4-26B-A4B-it,"```json
{""broad_income"": 50005, ""taxable_income"": 20803}
```"
2026-06-08 14:13:51,62512.0,,63001.0,33800.68,0.66090035,0.6514169352671182,1,34301.0,63001.0,0.529279440218969,0.0,google/gemma-4-26B-A4B-it,"```json
{""broad_income"": 63001, ""taxable_income"": 34301}
```"
2026-06-08 14:13:51,62512.0,,63001.0,33800.68,0.66090035,0.6514169352671182,2,34331.0,63001.0,0.5610158953008548,0.0,google/gemma-4-26B-A4B-it,"```json
{""broad_income"": 63001, ""taxable_income"": 34331}
```"
2026-06-08 14:13:56,19154.0,,144000.0,114800.0,0.3645,0.3626826006532444,1,114800.0,144000.0,0.0,0.0,google/gemma-4-26B-A4B-it,"```json
{""broad_income"": 144000, ""taxable_income"": 114800}
```"
2026-06-08 14:13:56,19154.0,,144000.0,114800.0,0.3645,0.3626826006532444,2,114800.0,144000.0,0.0,0.0,google/gemma-4-26B-A4B-it,"```json
{""broad_income"": 144000, ""taxable_income"": 114800}
```"
2026-06-08 14:14:01,12479.0,,27000.0,1632.4746,0.0765,0.0730233789612956,1,1632.0,27000.0,-0.07722552100495678,0.0,google/gemma-4-26B-A4B-it,"```json
{""broad_income"": 27000, ""taxable_income"": 1632}
```"
2026-06-08 14:14:01,12479.0,,27000.0,1632.4746,0.0765,0.0730233789612956,2,1632.0,27000.0,-0.07722552100495678,0.0,google/gemma-4-26B-A4B-it,"```json
{""broad_income"": 27000, ""taxable_income"": 1632}
```"
2026-06-08 14:14:06,5050.0,,109000.0,79800.0,0.2565,0.2632280214759268,1,80500.0,109000.0,-0.9693681638646842,-0.0,google/gemma-4-26B-A4B-it,"```json
{""broad_income"": 109000, ""taxable_income"": 80500}
```"
2026-06-08 14:14:06,5050.0,,109000.0,79800.0,0.2565,0.2632280214759268,2,80600.0,109000.0,-1.1078493301310677,-0.0,google/gemma-4-26B-A4B-it,"```json
{""broad_income"": 109000, ""taxable_income"": 80600}
```"
2026-06-08 14:14:11,39862.0,,107681.0,71021.35,0.2365,0.2375862010072842,1,71021.0,107681.0,0.003464000621604731,-0.0,google/gemma-4-26B-A4B-it,"```json
{""broad_income"": 107681, ""taxable_income"": 71021}
```"
2026-06-08 14:14:11,39862.0,,107681.0,71021.35,0.2365,0.2375862010072842,2,71021.0,107681.0,0.003464000621604731,-0.0,google/gemma-4-26B-A4B-it,"```json
{""broad_income"": 107681, ""taxable_income"": 71021}
```"
2026-06-08 14:14:16,49139.0,,78000.0,54621.6,0.2965,0.291065621765129,1,54622.0,78000.0,0.0009480032219485584,0.0,google/gemma-4-26B-A4B-it,"```json
{""broad_income"": 78000, ""taxable_income"": 54622}
```"
2026-06-08 14:14:16,49139.0,,78000.0,54621.6,0.2965,0.291065621765129,2,54622.0,78000.0,0.0009480032219485584,0.0,google/gemma-4-26B-A4B-it,"```json
{""broad_income"": 78000, ""taxable_income"": 54622}
```"
2026-06-08 14:14:21,2778.0,,53144.0,23944.0,0.5413403,0.5605366385563475,1,23944.0,53144.0,-0.0,-0.0,google/gemma-4-26B-A4B-it,"```json
{""broad_income"": 53144, ""taxable_income"": 23944}
```"
2026-06-08 14:14:21,2778.0,,53144.0,23944.0,0.5413403,0.5605366385563475,2,23944.0,53144.0,-0.0,-0.0,google/gemma-4-26B-A4B-it,"```json
{""broad_income"": 53144, ""taxable_income"": 23944}
```"
2026-06-08 14:14:26,35404.0,,346000.0,278322.28,0.31740037,0.3400237112127269,1,278322.0,346000.0,3.0354239797715526e-05,-0.0,google/gemma-4-26B-A4B-it,"```json
{""broad_income"": 346000, ""taxable_income"": 278322}
```"
2026-06-08 14:14:26,35404.0,,346000.0,278322.28,0.31740037,0.3400237112127269,2,268406.0,346000.0,1.0750040749687717,-0.0,google/gemma-4-26B-A4B-it,"```json
{""broad_income"": 346000, ""taxable_income"": 268406}
```"
2026-06-08 14:14:31,14497.0,,150100.0,61493.65,0.24599999,0.2318584845287523,1,61494.0,150100.0,0.00030346840244784424,0.0,google/gemma-4-26B-A4B-it,"```json
{""broad_income"": 150100, ""taxable_income"": 61494}
```"
2026-06-08 14:14:31,14497.0,,150100.0,61493.65,0.24599999,0.2318584845287523,2,61494.0,150100.0,0.00030346840244784424,0.0,google/gemma-4-26B-A4B-it,"```json
{""broad_income"": 150100, ""taxable_income"": 61494}
```"
2026-06-08 14:14:36,45794.0,,55000.0,25800.0,0.2315,0.2282102561052035,1,25800.0,55000.0,0.0,0.0,google/gemma-4-26B-A4B-it,"```json
{""broad_income"": 55000, ""taxable_income"": 25800}
```"
2026-06-08 14:14:36,45794.0,,55000.0,25800.0,0.2315,0.2282102561052035,2,25800.0,55000.0,0.0,0.0,google/gemma-4-26B-A4B-it,"```json
{""broad_income"": 55000, ""taxable_income"": 25800}
```"
2026-06-08 14:14:41,11810.0,,36010.0,23859.3,0.2985,0.3017192000235077,1,23859.0,36010.0,0.0027399539891912565,-0.0,google/gemma-4-26B-A4B-it,"```json
{""broad_income"": 36010, ""taxable_income"": 23859}
```"
2026-06-08 14:14:41,11810.0,,36010.0,23859.3,0.2985,0.3017192000235077,2,23859.0,36010.0,0.0027399539891912565,-0.0,google/gemma-4-26B-A4B-it,"```json
{""broad_income"": 36010, ""taxable_income"": 23859}
```"
2026-06-08 14:14:46,49860.0,,32000.0,2800.0,0.1765,0.1761203667311874,1,2800.0,32000.0,0.0,0.0,google/gemma-4-26B-A4B-it,"```json
{""broad_income"": 32000, ""taxable_income"": 2800}
```"
2026-06-08 14:14:46,49860.0,,32000.0,2800.0,0.1765,0.1761203667311874,2,2800.0,32000.0,0.0,0.0,google/gemma-4-26B-A4B-it,"```json
{""broad_income"": 32000, ""taxable_income"": 2800}
```"
2026-06-08 14:14:52,25945.0,,96015.0,64871.33,0.24399999,0.2374020385071757,1,64871.0,96015.0,-0.0005828728423211403,0.0,google/gemma-4-26B-A4B-it,"```json
{""broad_income"": 96015, ""taxable_income"": 64871}
```"
2026-06-08 14:14:52,25945.0,,96015.0,64871.33,0.24399999,0.2374020385071757,2,64871.0,96015.0,-0.0005828728423211403,0.0,google/gemma-4-26B-A4B-it,"```json
{""broad_income"": 96015, ""taxable_income"": 64871}
```"
2026-06-08 14:14:57,69327.0,,450027.0,421380.1,0.4495,0.4568785127944054,1,421380.0,450027.0,1.7705755660357737e-05,-0.0,google/gemma-4-26B-A4B-it,"```json
{""broad_income"": 450027, ""taxable_income"": 421380}
```"
2026-06-08 14:14:57,69327.0,,450027.0,421380.1,0.4495,0.4568785127944054,2,421380.0,450027.0,1.7705755660357737e-05,-0.0,google/gemma-4-26B-A4B-it,"```json
{""broad_income"": 450027, ""taxable_income"": 421380}
```"
2026-06-08 14:15:03,9919.0,,33000.0,18400.0,0.22720006,0.2420915315809844,1,18400.0,33000.0,-0.0,-0.0,google/gemma-4-26B-A4B-it,"```json
{""broad_income"": 33000, ""taxable_income"": 18400}
```"
2026-06-08 14:15:03,9919.0,,33000.0,18400.0,0.22720006,0.2420915315809844,2,18400.0,33000.0,-0.0,-0.0,google/gemma-4-26B-A4B-it,"```json
{""broad_income"": 33000, ""taxable_income"": 18400}
```"
2026-06-08 14:15:08,20392.0,,89606.0,67622.086,0.3535,0.3503268980453843,1,67622.0,89606.0,-0.00025911609505777094,0.0,google/gemma-4-26B-A4B-it,"```json
{""broad_income"": 89606, ""taxable_income"": 67622}
```"
2026-06-08 14:15:08,20392.0,,89606.0,67622.086,0.3535,0.3503268980453843,2,67622.0,89606.0,-0.00025911609505777094,0.0,google/gemma-4-26B-A4B-it,"```json
{""broad_income"": 89606, ""taxable_income"": 67622}
```"
2026-06-08 14:15:13,8805.0,,161000.0,107874.27,0.38927037,0.4040271898311374,1,107874.0,161000.0,0.00010358624974086329,-0.0,google/gemma-4-26B-A4B-it,"```json
{""broad_income"": 161000, ""taxable_income"": 107874}
```"
2026-06-08 14:15:13,8805.0,,161000.0,107874.27,0.38927037,0.4040271898311374,2,103500.0,157500.0,1.6782008320264021,0.8997013746106833,google/gemma-4-26B-A4B-it,"```json
{""broad_income"": 157500, ""taxable_income"": 103500}
```"
2026-06-08 14:15:18,68563.0,,397217.0,339840.2,0.3695,0.3630320060984052,1,339840.0,397217.0,-5.7368135357023486e-05,0.0,google/gemma-4-26B-A4B-it,"```json
{""broad_income"": 397217, ""taxable_income"": 339840}
```"
2026-06-08 14:15:18,68563.0,,397217.0,339840.2,0.3695,0.3630320060984052,2,339840.0,397217.0,-5.7368135357023486e-05,0.0,google/gemma-4-26B-A4B-it,"```json
{""broad_income"": 397217, ""taxable_income"": 339840}
```"
2026-06-08 14:15:23,65493.0,,78001.0,44746.18,0.2495,0.2807744467132197,1,44746.0,78001.0,9.653339965183558e-05,-0.0,google/gemma-4-26B-A4B-it,"```json
{""broad_income"": 78001, ""taxable_income"": 44746}
```"
2026-06-08 14:15:23,65493.0,,78001.0,44746.18,0.2495,0.2807744467132197,2,42000.0,75000.0,1.472767174752496,0.9232660928388948,google/gemma-4-26B-A4B-it,"```json
{""broad_income"": 75000, ""taxable_income"": 42000}
```"
2026-06-08 14:15:29,16025.0,,135000.0,113100.0,0.3665,0.3499892773873192,1,113100.0,135000.0,0.0,0.0,google/gemma-4-26B-A4B-it,"```json
{""broad_income"": 135000, ""taxable_income"": 113100}
```"
2026-06-08 14:15:29,16025.0,,135000.0,113100.0,0.3665,0.3499892773873192,2,113100.0,135000.0,0.0,0.0,google/gemma-4-26B-A4B-it,"```json
{""broad_income"": 135000, ""taxable_income"": 113100}
```"
2026-06-08 14:15:34,47913.0,,41000.0,26400.0,0.24399999,0.235014890642671,1,26400.0,41000.0,0.0,0.0,google/gemma-4-26B-A4B-it,"```json
{""broad_income"": 41000, ""taxable_income"": 26400}
```"
2026-06-08 14:15:34,47913.0,,41000.0,26400.0,0.24399999,0.235014890642671,2,26400.0,41000.0,0.0,0.0,google/gemma-4-26B-A4B-it,"```json
{""broad_income"": 41000, ""taxable_income"": 26400}
```"
2026-06-08 14:15:39,60738.0,,241035.0,176020.7,0.342,0.3377748107737561,1,176021.0,241035.0,0.00026542219771115677,0.0,google/gemma-4-26B-A4B-it,"```json
{""broad_income"": 241035, ""taxable_income"": 176021}
```"
2026-06-08 14:15:39,60738.0,,241035.0,176020.7,0.342,0.3377748107737561,2,176021.0,241035.0,0.00026542219771115677,0.0,google/gemma-4-26B-A4B-it,"```json
{""broad_income"": 241035, ""taxable_income"": 176021}
```"
2026-06-08 14:15:44,37969.0,,78680.0,49480.0,0.1965,0.1765157237552949,1,51480.0,78680.0,1.6251661254971888,0.0,google/gemma-4-26B-A4B-it,"```json
{""broad_income"": 78680, ""taxable_income"": 51480}
```"
2026-06-08 14:15:44,37969.0,,78680.0,49480.0,0.1965,0.1765157237552949,2,51480.0,78680.0,1.6251661254971888,0.0,google/gemma-4-26B-A4B-it,"```json
{""broad_income"": 78680, ""taxable_income"": 51480}
```"
2026-06-08 14:15:49,36416.0,,70788.0,43372.15,0.1965,0.1623385324968251,1,43372.0,70788.0,-8.134477651090104e-05,0.0,google/gemma-4-26B-A4B-it,"```json
{""broad_income"": 70788, ""taxable_income"": 43372}
```"
2026-06-08 14:15:49,36416.0,,70788.0,43372.15,0.1965,0.1623385324968251,2,43372.0,70788.0,-8.134477651090104e-05,0.0,google/gemma-4-26B-A4B-it,"```json
{""broad_income"": 70788, ""taxable_income"": 43372}
```"
2026-06-08 14:15:56,15265.0,,60000.0,20800.0,0.234,0.2143263806018028,1,20800.0,60000.0,0.0,0.0,google/gemma-4-26B-A4B-it,"```json
{""broad_income"": 60000, ""taxable_income"": 20800}
```"
2026-06-08 14:15:56,15265.0,,60000.0,20800.0,0.234,0.2143263806018028,2,20800.0,60000.0,0.0,0.0,google/gemma-4-26B-A4B-it,"```json
{""broad_income"": 60000, ""taxable_income"": 20800}
```"
2026-06-08 14:16:00,7740.0,,54065.0,21104.805,-0.6372803,-0.5636371445719144,1,21105.0,54065.0,-0.00020542056303548458,-0.0,google/gemma-4-26B-A4B-it,"```json
{""broad_income"": 54065, ""taxable_income"": 21105}
```"
2026-06-08 14:16:00,7740.0,,54065.0,21104.805,-0.6372803,-0.5636371445719144,2,21105.0,54065.0,-0.00020542056303548458,-0.0,google/gemma-4-26B-A4B-it,"```json
{""broad_income"": 54065, ""taxable_income"": 21105}
```"
2026-06-08 14:16:05,66757.0,,168522.0,112801.36,0.38950002,0.4087204996450044,1,112801.0,168522.0,0.00010137003531460202,-0.0,google/gemma-4-26B-A4B-it,"```json
{""broad_income"": 168522, ""taxable_income"": 112801}
```"
2026-06-08 14:16:05,66757.0,,168522.0,112801.36,0.38950002,0.4087204996450044,2,112801.0,168522.0,0.00010137003531460202,-0.0,google/gemma-4-26B-A4B-it,"```json
{""broad_income"": 168522, ""taxable_income"": 112801}
```"
2026-06-08 14:16:10,67070.0,,62000.0,32800.0,0.24793994,0.2595961965805532,1,32800.0,62000.0,-0.0,-0.0,google/gemma-4-26B-A4B-it,"```json
{""broad_income"": 62000, ""taxable_income"": 32800}
```"
2026-06-08 14:16:10,67070.0,,62000.0,32800.0,0.24793994,0.2595961965805532,2,32800.0,62000.0,-0.0,-0.0,google/gemma-4-26B-A4B-it,"```json
{""broad_income"": 62000, ""taxable_income"": 32800}
```"
2026-06-08 14:16:15,43874.0,,47000.0,29656.41,0.24702501,0.2465337050482919,1,29656.0,47000.0,-0.021188230539262876,0.0,google/gemma-4-26B-A4B-it,"```json
{""broad_income"": 47000, ""taxable_income"": 29656}
```"
2026-06-08 14:16:15,43874.0,,47000.0,29656.41,0.24702501,0.2465337050482919,2,29656.0,47000.0,-0.021188230539262876,0.0,google/gemma-4-26B-A4B-it,"```json
{""broad_income"": 47000, ""taxable_income"": 29656}
```"
2026-06-08 14:16:20,20244.0,,100612.0,71216.16,0.2534995,0.243775906904115,1,71216.0,100612.0,-0.00017248238802178095,0.0,google/gemma-4-26B-A4B-it,"```json
{""broad_income"": 100612, ""taxable_income"": 71216}
```"
2026-06-08 14:16:20,20244.0,,100612.0,71216.16,0.2534995,0.243775906904115,2,71216.0,100612.0,-0.00017248238802178095,0.0,google/gemma-4-26B-A4B-it,"```json
{""broad_income"": 100612, ""taxable_income"": 71216}
```"
2026-06-08 14:16:25,20889.0,,51725.0,32695.254,0.24306005,0.2566698260316288,1,32695.0,51725.0,0.00043207530963266567,-0.0,google/gemma-4-26B-A4B-it,"```json
{""broad_income"": 51725, ""taxable_income"": 32695}
```"
2026-06-08 14:16:25,20889.0,,51725.0,32695.254,0.24306005,0.2566698260316288,2,32695.0,51725.0,0.00043207530963266567,-0.0,google/gemma-4-26B-A4B-it,"```json
{""broad_income"": 51725, ""taxable_income"": 32695}
```"
2026-06-08 14:16:30,51710.0,,34000.0,19400.0,0.1965,0.1927395537162399,1,19400.0,34000.0,0.0,0.0,google/gemma-4-26B-A4B-it,"```json
{""broad_income"": 34000, ""taxable_income"": 19400}
```"
2026-06-08 14:16:30,51710.0,,34000.0,19400.0,0.1965,0.1927395537162399,2,19400.0,34000.0,0.0,0.0,google/gemma-4-26B-A4B-it,"```json
{""broad_income"": 34000, ""taxable_income"": 19400}
```"
2026-06-08 14:16:35,66741.0,,185807.0,166909.45,0.3605,0.3724633460247587,1,166909.0,185807.0,0.00014411841336026845,-0.0,google/gemma-4-26B-A4B-it,"```json
{""broad_income"": 185807, ""taxable_income"": 166909}
```"
2026-06-08 14:16:35,66741.0,,185807.0,166909.45,0.3605,0.3724633460247587,2,166909.0,185807.0,0.00014411841336026845,-0.0,google/gemma-4-26B-A4B-it,"```json
{""broad_income"": 185807, ""taxable_income"": 166909}
```"
2026-06-08 14:16:40,66068.0,,115000.0,100400.0,0.42000002,0.4287995894980416,1,100400.0,115000.0,-0.0,-0.0,google/gemma-4-26B-A4B-it,"```json
{""broad_income"": 115000, ""taxable_income"": 100400}
```"
2026-06-08 14:16:40,66068.0,,115000.0,100400.0,0.42000002,0.4287995894980416,2,100400.0,115000.0,-0.0,-0.0,google/gemma-4-26B-A4B-it,"```json
{""broad_income"": 115000, ""taxable_income"": 100400}
```"
2026-06-08 14:16:45,57389.0,,42100.0,22946.494,0.0,0.0345553701342618,1,22946.0,42100.0,0.0006230100618359423,-0.0,google/gemma-4-26B-A4B-it,"```json
{""broad_income"": 42100, ""taxable_income"": 22946}
```"
2026-06-08 14:16:45,57389.0,,42100.0,22946.494,0.0,0.0345553701342618,2,22946.0,42100.0,0.0006230100618359423,-0.0,google/gemma-4-26B-A4B-it,"```json
{""broad_income"": 42100, ""taxable_income"": 22946}
```"
2026-06-08 14:16:51,45263.0,,53000.0,23800.0,0.39530006,0.4090971713596327,1,23800.0,53000.0,-0.0,-0.0,google/gemma-4-26B-A4B-it,"```json
{""broad_income"": 53000, ""taxable_income"": 23800}
```"
2026-06-08 14:16:51,45263.0,,53000.0,23800.0,0.39530006,0.4090971713596327,2,23800.0,53000.0,-0.0,-0.0,google/gemma-4-26B-A4B-it,"```json
{""broad_income"": 53000, ""taxable_income"": 23800}
```"
2026-06-08 14:16:56,7249.0,,51000.0,30393.098,0.3435,0.3653138968015061,1,30393.0,51000.0,9.704040077379243e-05,-0.0,google/gemma-4-26B-A4B-it,"```json
{""broad_income"": 51000, ""taxable_income"": 30393}
```"
2026-06-08 14:16:56,7249.0,,51000.0,30393.098,0.3435,0.3653138968015061,2,30393.0,51000.0,9.704040077379243e-05,-0.0,google/gemma-4-26B-A4B-it,"```json
{""broad_income"": 51000, ""taxable_income"": 30393}
```"
2026-06-08 14:17:02,11084.0,,321046.0,222188.05,0.3854995,0.40030994415713,1,215000.0,315000.0,1.3422844207317546,0.7813669491721061,google/gemma-4-26B-A4B-it,"```json
{""broad_income"": 315000, ""taxable_income"": 215000}
```"
2026-06-08 14:17:02,11084.0,,321046.0,222188.05,0.3854995,0.40030994415713,2,222188.0,321046.0,9.336916273671105e-06,-0.0,google/gemma-4-26B-A4B-it,"```json
{""broad_income"": 321046, ""taxable_income"": 222188}
```"
2026-06-08 14:17:07,66904.0,,49095.0,34495.0,0.2695,0.2500022154394039,1,34495.0,49095.0,0.0,0.0,google/gemma-4-26B-A4B-it,"```json
{""broad_income"": 49095, ""taxable_income"": 34495}
```"
2026-06-08 14:17:07,66904.0,,49095.0,34495.0,0.2695,0.2500022154394039,2,34495.0,49095.0,0.0,0.0,google/gemma-4-26B-A4B-it,"```json
{""broad_income"": 49095, ""taxable_income"": 34495}
```"
2026-06-08 14:17:12,40989.0,,194524.0,161058.06,0.313,0.3291139021228175,1,161058.0,194524.0,1.5882717176606735e-05,-0.0,google/gemma-4-26B-A4B-it,"```json
{""broad_income"": 194524, ""taxable_income"": 161058}
```"
2026-06-08 14:17:12,40989.0,,194524.0,161058.06,0.313,0.3291139021228175,2,161058.0,194524.0,1.5882717176606735e-05,-0.0,google/gemma-4-26B-A4B-it,"```json
{""broad_income"": 194524, ""taxable_income"": 161058}
```"
2026-06-08 14:17:17,2269.0,,64500.0,43249.64,0.3540874,0.3101503101929216,1,43250.0,64500.0,0.00012236648149977565,0.0,google/gemma-4-26B-A4B-it,"```json
{""broad_income"": 64500, ""taxable_income"": 43250}
```"
2026-06-08 14:17:17,2269.0,,64500.0,43249.64,0.3540874,0.3101503101929216,2,43250.0,64500.0,0.00012236648149977565,0.0,google/gemma-4-26B-A4B-it,"```json
{""broad_income"": 64500, ""taxable_income"": 43250}
```"
2026-06-08 14:17:22,8171.0,,91621.0,70266.81,0.2565,0.247273682373732,1,70267.0,91621.0,0.0002178993498820133,0.0,google/gemma-4-26B-A4B-it,"```json
{""broad_income"": 91621, ""taxable_income"": 70267}
```"
2026-06-08 14:17:22,8171.0,,91621.0,70266.81,0.2565,0.247273682373732,2,70267.0,91621.0,0.0002178993498820133,0.0,google/gemma-4-26B-A4B-it,"```json
{""broad_income"": 91621, ""taxable_income"": 70267}
```"
2026-06-08 14:17:29,48173.0,,52000.0,22800.0,0.236,0.2324614621474502,1,22800.0,52000.0,0.0,0.0,google/gemma-4-26B-A4B-it,"```json
{""broad_income"": 52000, ""taxable_income"": 22800}
```"
2026-06-08 14:17:29,48173.0,,52000.0,22800.0,0.236,0.2324614621474502,2,22800.0,52000.0,0.0,0.0,google/gemma-4-26B-A4B-it,"```json
{""broad_income"": 52000, ""taxable_income"": 22800}
```"
2026-06-08 14:17:34,916.0,,312521.0,272196.47,0.2635,0.2791361207596452,1,272196.0,312521.0,8.133156037655597e-05,-0.0,google/gemma-4-26B-A4B-it,"```json
{""broad_income"": 312521, ""taxable_income"": 272196}
```"
2026-06-08 14:17:34,916.0,,312521.0,272196.47,0.2635,0.2791361207596452,2,272196.0,312521.0,8.133156037655597e-05,-0.0,google/gemma-4-26B-A4B-it,"```json
{""broad_income"": 312521, ""taxable_income"": 272196}
```"
2026-06-08 14:17:40,11052.0,,18000.0,3400.0,0.252445,0.2392417361311336,1,3400.0,18000.0,0.0,0.0,google/gemma-4-26B-A4B-it,"```json
{""broad_income"": 18000, ""taxable_income"": 3400}
```"
2026-06-08 14:17:40,11052.0,,18000.0,3400.0,0.252445,0.2392417361311336,2,3400.0,18000.0,0.0,0.0,google/gemma-4-26B-A4B-it,"```json
{""broad_income"": 18000, ""taxable_income"": 3400}
```"
2026-06-08 14:17:45,37570.0,,193376.0,169060.45,0.3165,0.3262657814488484,1,169060.0,193376.0,0.00018629534841946123,-0.0,google/gemma-4-26B-A4B-it,"```json
{""broad_income"": 193376, ""taxable_income"": 169060}
```"
2026-06-08 14:17:45,37570.0,,193376.0,169060.45,0.3165,0.3262657814488484,2,172480.0,193376.0,-1.4156583526028577,-0.0,google/gemma-4-26B-A4B-it,"```json
{""broad_income"": 193376, ""taxable_income"": 172480}
```"
2026-06-08 14:17:50,49909.0,,70001.0,53850.68,0.2965,0.2943508438500386,1,53851.0,70001.0,0.0019451581512613166,0.0,google/gemma-4-26B-A4B-it,"```json
{""broad_income"": 70001, ""taxable_income"": 53851}
```"
2026-06-08 14:17:50,49909.0,,70001.0,53850.68,0.2965,0.2943508438500386,2,53851.0,70001.0,0.0019451581512613166,0.0,google/gemma-4-26B-A4B-it,"```json
{""broad_income"": 70001, ""taxable_income"": 53851}
```"
2026-06-08 14:17:55,46961.0,,159200.0,118337.36,0.339,0.2953114208575367,1,118337.0,159200.0,-4.602715837902927e-05,0.0,google/gemma-4-26B-A4B-it,"```json
{""broad_income"": 159200, ""taxable_income"": 118337}
```"
2026-06-08 14:17:55,46961.0,,159200.0,118337.36,0.339,0.2953114208575367,2,118337.0,159200.0,-4.602715837902927e-05,0.0,google/gemma-4-26B-A4B-it,"```json
{""broad_income"": 159200, ""taxable_income"": 118337}
```"
2026-06-08 14:18:00,14309.0,,62501.0,37377.09,0.227,0.2288541284236463,1,37377.0,62501.0,0.001003868219176609,-0.0,google/gemma-4-26B-A4B-it,"```json
{""broad_income"": 62501, ""taxable_income"": 37377}
```"
2026-06-08 14:18:00,14309.0,,62501.0,37377.09,0.227,0.2288541284236463,2,37377.0,62501.0,0.001003868219176609,-0.0,google/gemma-4-26B-A4B-it,"```json
{""broad_income"": 62501, ""taxable_income"": 37377}
```"
2026-06-08 14:18:05,50883.0,,215000.0,140909.31,0.30614454,0.2859196382299418,1,140909.0,215000.0,-7.547525599450715e-05,0.0,google/gemma-4-26B-A4B-it,"```json
{""broad_income"": 215000, ""taxable_income"": 140909}
```"
2026-06-08 14:18:05,50883.0,,215000.0,140909.31,0.30614454,0.2859196382299418,2,140909.0,215000.0,-7.547525599450715e-05,0.0,google/gemma-4-26B-A4B-it,"```json
{""broad_income"": 215000, ""taxable_income"": 140909}
```"
2026-06-08 14:18:10,15039.0,,60441.0,41256.63,0.24599999,0.259139040913073,1,41257.0,60441.0,-0.0005146539732136976,-0.0,google/gemma-4-26B-A4B-it,"```json
{""broad_income"": 60441, ""taxable_income"": 41257}
```"
2026-06-08 14:18:10,15039.0,,60441.0,41256.63,0.24599999,0.259139040913073,2,41257.0,60441.0,-0.0005146539732136976,-0.0,google/gemma-4-26B-A4B-it,"```json
{""broad_income"": 60441, ""taxable_income"": 41257}
```"
2026-06-08 14:18:15,19376.0,,74100.0,44868.0,0.25,0.2506557473598791,1,44868.0,74100.0,-0.0,-0.0,google/gemma-4-26B-A4B-it,"```json
{""broad_income"": 74100, ""taxable_income"": 44868}
```"
2026-06-08 14:18:15,19376.0,,74100.0,44868.0,0.25,0.2506557473598791,2,44868.0,74100.0,-0.0,-0.0,google/gemma-4-26B-A4B-it,"```json
{""broad_income"": 74100, ""taxable_income"": 44868}
```"
2026-06-08 14:18:20,52888.0,,30000.0,15400.0,0.1965,0.1601299336850663,1,15400.0,30000.0,0.0,0.0,google/gemma-4-26B-A4B-it,"```json
{""broad_income"": 30000, ""taxable_income"": 15400}
```"
2026-06-08 14:18:20,52888.0,,30000.0,15400.0,0.1965,0.1601299336850663,2,15400.0,30000.0,0.0,0.0,google/gemma-4-26B-A4B-it,"```json
{""broad_income"": 30000, ""taxable_income"": 15400}
```"
2026-06-08 14:18:25,46548.0,,34000.0,4800.0,0.2115,0.2237627221521875,1,4800.0,34000.0,-0.0,-0.0,google/gemma-4-26B-A4B-it,"```json
{""broad_income"": 34000, ""taxable_income"": 4800}
```"
2026-06-08 14:18:25,46548.0,,34000.0,4800.0,0.2115,0.2237627221521875,2,4800.0,34000.0,-0.0,-0.0,google/gemma-4-26B-A4B-it,"```json
{""broad_income"": 34000, ""taxable_income"": 4800}
```"
2026-06-08 14:18:32,63379.0,,653775.0,610463.2,0.39930078,0.3714563345580197,1,610463.0,653775.0,-7.067877307675595e-06,0.0,google/gemma-4-26B-A4B-it,"```json
{""broad_income"": 653775, ""taxable_income"": 610463}
```"
2026-06-08 14:18:32,63379.0,,653775.0,610463.2,0.39930078,0.3714563345580197,2,610463.0,653775.0,-7.067877307675595e-06,0.0,google/gemma-4-26B-A4B-it,"```json
{""broad_income"": 653775, ""taxable_income"": 610463}
```"
2026-06-08 14:18:37,47700.0,,15000.0,400.0,0.224,0.2101473981906533,1,400.0,15000.0,0.0,0.0,google/gemma-4-26B-A4B-it,"```json
{""broad_income"": 15000, ""taxable_income"": 400}
```"
2026-06-08 14:18:37,47700.0,,15000.0,400.0,0.224,0.2101473981906533,2,400.0,15000.0,0.0,0.0,google/gemma-4-26B-A4B-it,"```json
{""broad_income"": 15000, ""taxable_income"": 400}
```"
2026-06-08 14:18:42,38619.0,,22000.0,2214.4023,0.2614996,0.2718115201757628,1,0.0,22000.0,71.61618664734993,-0.0,google/gemma-4-26B-A4B-it,"```json
{""broad_income"": 22000, ""taxable_income"": 0}
```"
2026-06-08 14:18:42,38619.0,,22000.0,2214.4023,0.2614996,0.2718115201757628,2,1986.0,22000.0,7.386779605261441,-0.0,google/gemma-4-26B-A4B-it,"```json
{""broad_income"": 22000, ""taxable_income"": 1986}
```"
2026-06-08 14:18:47,7767.0,,100260.0,65887.26,-0.40850002,-0.430945580234231,1,62000.0,100260.0,-3.7022739388549994,0.0,google/gemma-4-26B-A4B-it,"```json
{""broad_income"": 100260, ""taxable_income"": 62000}
```"
2026-06-08 14:18:47,7767.0,,100260.0,65887.26,-0.40850002,-0.430945580234231,2,63480.0,100260.0,-2.29270384848147,0.0,google/gemma-4-26B-A4B-it,"```json
{""broad_income"": 100260, ""taxable_income"": 63480}
```"
2026-06-08 14:18:52,23621.0,,121200.0,91936.0,0.2548999,0.236561564017682,1,91936.0,121200.0,0.0,0.0,google/gemma-4-26B-A4B-it,"```json
{""broad_income"": 121200, ""taxable_income"": 91936}
```"
2026-06-08 14:18:52,23621.0,,121200.0,91936.0,0.2548999,0.236561564017682,2,91936.0,121200.0,0.0,0.0,google/gemma-4-26B-A4B-it,"```json
{""broad_income"": 121200, ""taxable_income"": 91936}
```"
2026-06-08 14:18:57,16405.0,,151200.0,122453.08,0.359,0.3489576091764519,1,122453.0,151200.0,-4.170049251557943e-05,0.0,google/gemma-4-26B-A4B-it,"```json
{""broad_income"": 151200, ""taxable_income"": 122453}
```"
2026-06-08 14:18:57,16405.0,,151200.0,122453.08,0.359,0.3489576091764519,2,122453.0,151200.0,-4.170049251557943e-05,0.0,google/gemma-4-26B-A4B-it,"```json
{""broad_income"": 151200, ""taxable_income"": 122453}
```"
2026-06-08 14:19:02,15382.0,,80302.0,65564.96,0.346,0.371175753367385,1,63000.0,78500.0,1.0162582146453611,0.5829397865884033,google/gemma-4-26B-A4B-it,"```json
{""broad_income"": 78500, ""taxable_income"": 63000}
```"
2026-06-08 14:19:02,15382.0,,80302.0,65564.96,0.346,0.371175753367385,2,63000.0,78500.0,1.0162582146453611,0.5829397865884033,google/gemma-4-26B-A4B-it,"```json
{""broad_income"": 78500, ""taxable_income"": 63000}
```"
2026-06-08 14:19:07,71452.0,,91040.0,56244.266,0.38950002,0.400497689667144,1,56244.0,91040.0,0.00026253569915347057,-0.0,google/gemma-4-26B-A4B-it,"```json
{""broad_income"": 91040, ""taxable_income"": 56244}
```"
2026-06-08 14:19:07,71452.0,,91040.0,56244.266,0.38950002,0.400497689667144,2,56244.0,91040.0,0.00026253569915347057,-0.0,google/gemma-4-26B-A4B-it,"```json
{""broad_income"": 91040, ""taxable_income"": 56244}
```"
2026-06-08 14:19:12,26250.0,,45501.0,27024.504,0.24399999,0.2486636163493329,1,27025.0,45501.0,-0.0029752399616065637,-0.0,google/gemma-4-26B-A4B-it,"```json
{""broad_income"": 45501, ""taxable_income"": 27025}
```"
2026-06-08 14:19:12,26250.0,,45501.0,27024.504,0.24399999,0.2486636163493329,2,27025.0,45501.0,-0.0029752399616065637,-0.0,google/gemma-4-26B-A4B-it,"```json
{""broad_income"": 45501, ""taxable_income"": 27025}
```"
2026-06-08 14:19:17,66424.0,,80026.0,65417.68,0.4025,0.4036108488206044,1,65418.0,80026.0,-0.0026311026475814747,-0.0,google/gemma-4-26B-A4B-it,"```json
{""broad_income"": 80026, ""taxable_income"": 65418}
```"
2026-06-08 14:19:17,66424.0,,80026.0,65417.68,0.4025,0.4036108488206044,2,65418.0,80026.0,-0.0026311026475814747,-0.0,google/gemma-4-26B-A4B-it,"```json
{""broad_income"": 80026, ""taxable_income"": 65418}
```"
2026-06-08 14:19:22,43488.0,,40250.0,24600.562,0.2435,0.231669988572947,1,24601.0,40250.0,0.0011385519463438516,0.0,google/gemma-4-26B-A4B-it,"```json
{""broad_income"": 40250, ""taxable_income"": 24601}
```"
2026-06-08 14:19:22,43488.0,,40250.0,24600.562,0.2435,0.231669988572947,2,24601.0,40250.0,0.0011385519463438516,0.0,google/gemma-4-26B-A4B-it,"```json
{""broad_income"": 40250, ""taxable_income"": 24601}
```"
2026-06-08 14:19:27,59242.0,,40000.0,23661.0,0.2215,0.2180337800360799,1,23661.0,40000.0,0.0,0.0,google/gemma-4-26B-A4B-it,"```json
{""broad_income"": 40000, ""taxable_income"": 23661}
```"
2026-06-08 14:19:27,59242.0,,40000.0,23661.0,0.2215,0.2180337800360799,2,23661.0,40000.0,0.0,0.0,google/gemma-4-26B-A4B-it,"```json
{""broad_income"": 40000, ""taxable_income"": 23661}
```"
2026-06-08 14:19:32,34898.0,,32072.0,17468.16,0.2504,0.2750112678125213,1,17468.0,32072.0,0.0002789770085348819,-0.0,google/gemma-4-26B-A4B-it,"```json
{""broad_income"": 32072, ""taxable_income"": 17468}
```"
2026-06-08 14:19:32,34898.0,,32072.0,17468.16,0.2504,0.2750112678125213,2,17468.0,32072.0,0.0002789770085348819,-0.0,google/gemma-4-26B-A4B-it,"```json
{""broad_income"": 32072, ""taxable_income"": 17468}
```"
2026-06-08 14:19:37,39034.0,,112183.0,69600.84,0.1965,0.1888263680641556,1,70401.0,112183.0,1.2037804135121788,0.0,google/gemma-4-26B-A4B-it,"```json
{""broad_income"": 112183, ""taxable_income"": 70401}
```"
2026-06-08 14:19:37,39034.0,,112183.0,69600.84,0.1965,0.1888263680641556,2,69601.0,112183.0,0.00024070794111946602,0.0,google/gemma-4-26B-A4B-it,"```json
{""broad_income"": 112183, ""taxable_income"": 69601}
```"
2026-06-08 14:20:01,12905.0,,52820.0,38156.0,0.22399974,0.2130634534882798,1,38156.0,52820.0,0.0,0.0,google/gemma-4-26B-A4B-it,"```json
{""broad_income"": 52820, ""taxable_income"": 38156}
```"
2026-06-08 14:20:01,12905.0,,52820.0,38156.0,0.22399974,0.2130634534882798,2,38156.0,52820.0,0.0,0.0,google/gemma-4-26B-A4B-it,"```json
{""broad_income"": 52820, ""taxable_income"": 38156}
```"
2026-06-08 14:20:07,51512.0,,54011.0,17457.727,0.2615,0.2412740698653923,1,17458.0,54011.0,0.0005709748066688991,0.0,google/gemma-4-26B-A4B-it,"```json
{""broad_income"": 54011, ""taxable_income"": 17458}
```"
2026-06-08 14:20:07,51512.0,,54011.0,17457.727,0.2615,0.2412740698653923,2,17458.0,54011.0,0.0005709748066688991,0.0,google/gemma-4-26B-A4B-it,"```json
{""broad_income"": 54011, ""taxable_income"": 17458}
```"
2026-06-08 14:20:13,17096.0,,30000.0,22710.0,0.377125,0.364002984539405,1,22710.0,30000.0,0.0,0.0,google/gemma-4-26B-A4B-it,"```json
{""broad_income"": 30000, ""taxable_income"": 22710}
```"
2026-06-08 14:20:13,17096.0,,30000.0,22710.0,0.377125,0.364002984539405,2,22710.0,30000.0,0.0,0.0,google/gemma-4-26B-A4B-it,"```json
{""broad_income"": 30000, ""taxable_income"": 22710}
```"
2026-06-08 14:20:18,3401.0,,137600.0,114985.086,0.34649757,0.3389524286938742,1,114985.0,137600.0,-6.477937684981828e-05,0.0,google/gemma-4-26B-A4B-it,"```json
{""broad_income"": 137600, ""taxable_income"": 114985}
```"
2026-06-08 14:20:18,3401.0,,137600.0,114985.086,0.34649757,0.3389524286938742,2,114985.0,137600.0,-6.477937684981828e-05,0.0,google/gemma-4-26B-A4B-it,"```json
{""broad_income"": 137600, ""taxable_income"": 114985}
```"
2026-06-08 14:20:25,45843.0,,50001.0,35400.68,0.239,0.2403336954117375,1,35401.0,50001.0,-0.00515782227813194,-0.0,google/gemma-4-26B-A4B-it,"```json
{""broad_income"": 50001, ""taxable_income"": 35401}
```"
2026-06-08 14:20:25,45843.0,,50001.0,35400.68,0.239,0.2403336954117375,2,35401.0,50001.0,-0.00515782227813194,-0.0,google/gemma-4-26B-A4B-it,"```json
{""broad_income"": 50001, ""taxable_income"": 35401}
```"
2026-06-08 14:20:31,11978.0,,34201.0,19600.68,0.22399999,0.2555627778990023,1,19601.0,34201.0,-0.00040138876274020127,-0.0,google/gemma-4-26B-A4B-it,"```json
{""broad_income"": 34201, ""taxable_income"": 19601}
```"
2026-06-08 14:20:31,11978.0,,34201.0,19600.68,0.22399999,0.2555627778990023,2,19601.0,34201.0,-0.00040138876274020127,-0.0,google/gemma-4-26B-A4B-it,"```json
{""broad_income"": 34201, ""taxable_income"": 19601}
```"
2026-06-08 14:20:36,69578.0,,160000.0,145400.0,0.4225,0.4162639724024982,1,145400.0,160000.0,0.0,0.0,google/gemma-4-26B-A4B-it,"```json
{""broad_income"": 160000, ""taxable_income"": 145400}
```"
2026-06-08 14:20:36,69578.0,,160000.0,145400.0,0.4225,0.4162639724024982,2,145400.0,160000.0,0.0,0.0,google/gemma-4-26B-A4B-it,"```json
{""broad_income"": 160000, ""taxable_income"": 145400}
```"
2026-06-08 14:20:41,70334.0,,232001.0,199650.69,0.4025,0.3993896308087006,1,199651.0,232001.0,0.00029827499456835954,0.0,google/gemma-4-26B-A4B-it,"```json
{""broad_income"": 232001, ""taxable_income"": 199651}
```"
2026-06-08 14:20:41,70334.0,,232001.0,199650.69,0.4025,0.3993896308087006,2,199651.0,232001.0,0.00029827499456835954,0.0,google/gemma-4-26B-A4B-it,"```json
{""broad_income"": 232001, ""taxable_income"": 199651}
```"
2026-06-08 14:20:46,67990.0,,35002.0,2662.9512,0.21594983,0.2106084354648506,1,2663.0,35002.0,0.0026899599237745373,0.0,google/gemma-4-26B-A4B-it,"```json
{""broad_income"": 35002, ""taxable_income"": 2663}
```"
2026-06-08 14:20:46,67990.0,,35002.0,2662.9512,0.21594983,0.2106084354648506,2,2663.0,35002.0,0.0026899599237745373,0.0,google/gemma-4-26B-A4B-it,"```json
{""broad_income"": 35002, ""taxable_income"": 2663}
```"
2026-06-08 14:20:51,23962.0,,47200.0,32334.035,0.25490004,0.2783071218730656,1,32334.0,47200.0,3.4456836817331564e-05,-0.0,google/gemma-4-26B-A4B-it,"```json
{""broad_income"": 47200, ""taxable_income"": 32334}
```"
2026-06-08 14:20:51,23962.0,,47200.0,32334.035,0.25490004,0.2783071218730656,2,32334.0,47200.0,3.4456836817331564e-05,-0.0,google/gemma-4-26B-A4B-it,"```json
{""broad_income"": 47200, ""taxable_income"": 32334}
```"
2026-06-08 14:20:57,2719.0,,276900.0,241815.4,0.3935,0.4096719710804786,1,241815.0,276900.0,6.203601396418311e-05,-0.0,google/gemma-4-26B-A4B-it,"```json
{""broad_income"": 276900, ""taxable_income"": 241815}
```"
2026-06-08 14:20:57,2719.0,,276900.0,241815.4,0.3935,0.4096719710804786,2,241815.0,276900.0,6.203601396418311e-05,-0.0,google/gemma-4-26B-A4B-it,"```json
{""broad_income"": 276900, ""taxable_income"": 241815}
```"
2026-06-08 14:21:02,68792.0,,74000.0,44800.0,0.2095,0.1884106713890405,1,44800.0,74000.0,0.0,0.0,google/gemma-4-26B-A4B-it,"```json
{""broad_income"": 74000, ""taxable_income"": 44800}
```"
2026-06-08 14:21:02,68792.0,,74000.0,44800.0,0.2095,0.1884106713890405,2,44800.0,74000.0,0.0,0.0,google/gemma-4-26B-A4B-it,"```json
{""broad_income"": 74000, ""taxable_income"": 44800}
```"
2026-06-08 14:21:07,29224.0,,120003.0,105402.04,0.37399998,0.374618685497999,1,105402.0,120003.0,0.00038397358315569676,-0.0,google/gemma-4-26B-A4B-it,"```json
{""broad_income"": 120003, ""taxable_income"": 105402}
```"
2026-06-08 14:21:07,29224.0,,120003.0,105402.04,0.37399998,0.374618685497999,2,105402.0,120003.0,0.00038397358315569676,-0.0,google/gemma-4-26B-A4B-it,"```json
{""broad_income"": 120003, ""taxable_income"": 105402}
```"
2026-06-08 14:21:12,71077.0,,47000.0,47450.0,0.3695,0.3586658552247275,1,47450.0,47000.0,0.0,0.0,google/gemma-4-26B-A4B-it,"```json
{""broad_income"": 47000, ""taxable_income"": 47450}
```"
2026-06-08 14:21:12,71077.0,,47000.0,47450.0,0.3695,0.3586658552247275,2,47450.0,47000.0,0.0,0.0,google/gemma-4-26B-A4B-it,"```json
{""broad_income"": 47000, ""taxable_income"": 47450}
```"
2026-06-08 14:21:17,70914.0,,69500.0,52316.406,0.38950002,0.3890676597049525,1,52316.0,69500.0,-0.010957916370992523,0.0,google/gemma-4-26B-A4B-it,"```json
{""broad_income"": 69500, ""taxable_income"": 52316}
```"
2026-06-08 14:21:17,70914.0,,69500.0,52316.406,0.38950002,0.3890676597049525,2,52316.0,69500.0,-0.010957916370992523,0.0,google/gemma-4-26B-A4B-it,"```json
{""broad_income"": 69500, ""taxable_income"": 52316}
```"
2026-06-08 14:21:24,63617.0,,24000.0,4065.0,0.23230001,0.2317287359585305,1,4065.0,24000.0,0.0,0.0,google/gemma-4-26B-A4B-it,"```json
{""broad_income"": 24000, ""taxable_income"": 4065}
```"
2026-06-08 14:21:24,63617.0,,24000.0,4065.0,0.23230001,0.2317287359585305,2,4065.0,24000.0,0.0,0.0,google/gemma-4-26B-A4B-it,"```json
{""broad_income"": 24000, ""taxable_income"": 4065}
```"
2026-06-08 14:21:29,17772.0,,170841.0,137980.62,0.339,0.323311563376681,1,137981.0,170841.0,0.00011603454307306546,0.0,google/gemma-4-26B-A4B-it,"```json
{""broad_income"": 170841, ""taxable_income"": 137981}
```"
2026-06-08 14:21:29,17772.0,,170841.0,137980.62,0.339,0.323311563376681,2,137981.0,170841.0,0.00011603454307306546,0.0,google/gemma-4-26B-A4B-it,"```json
{""broad_income"": 170841, ""taxable_income"": 137981}
```"
2026-06-08 14:21:35,25880.0,,100015.0,71723.7,0.34399998,0.3524087577225737,1,71724.0,100015.0,-0.0003263093735436543,-0.0,google/gemma-4-26B-A4B-it,"```json
{""broad_income"": 100015, ""taxable_income"": 71724}
```"
2026-06-08 14:21:35,25880.0,,100015.0,71723.7,0.34399998,0.3524087577225737,2,71724.0,100015.0,-0.0003263093735436543,-0.0,google/gemma-4-26B-A4B-it,"```json
{""broad_income"": 100015, ""taxable_income"": 71724}
```"
2026-06-08 14:21:41,63473.0,,253010.0,195410.89,0.24030077,0.2384730073790463,1,189238.0,253010.0,-13.129907605972623,0.0,google/gemma-4-26B-A4B-it,"```json
{""broad_income"": 253010, ""taxable_income"": 189238}
```"
2026-06-08 14:21:41,63473.0,,253010.0,195410.89,0.24030077,0.2384730073790463,2,195411.0,253010.0,0.00023397303960925314,0.0,google/gemma-4-26B-A4B-it,"```json
{""broad_income"": 253010, ""taxable_income"": 195411}
```"
2026-06-08 14:21:46,18960.0,,15600.0,1000.0,0.30649987,0.3144684039344686,1,0.0,15600.0,87.02982703006415,-0.0,google/gemma-4-26B-A4B-it,"```json
{""broad_income"": 15600, ""taxable_income"": 0}
```"
2026-06-08 14:21:46,18960.0,,15600.0,1000.0,0.30649987,0.3144684039344686,2,1000.0,15600.0,-0.0,-0.0,google/gemma-4-26B-A4B-it,"```json
{""broad_income"": 15600, ""taxable_income"": 1000}
```"
2026-06-08 14:21:51,11531.0,,279890.0,195982.03,0.3274995,0.3347649504907285,1,195982.0,279890.0,1.4168865142915241e-05,-0.0,google/gemma-4-26B-A4B-it,"```json
{""broad_income"": 279890, ""taxable_income"": 195982}
```"
2026-06-08 14:21:51,11531.0,,279890.0,195982.03,0.3274995,0.3347649504907285,2,195982.0,279890.0,1.4168865142915241e-05,-0.0,google/gemma-4-26B-A4B-it,"```json
{""broad_income"": 279890, ""taxable_income"": 195982}
```"
2026-06-08 14:21:56,38035.0,,55000.0,38450.0,0.1965,0.202686558661856,1,38450.0,55000.0,-0.0,-0.0,google/gemma-4-26B-A4B-it,"```json
{""broad_income"": 55000, ""taxable_income"": 38450}
```"
2026-06-08 14:21:56,38035.0,,55000.0,38450.0,0.1965,0.202686558661856,2,38450.0,55000.0,-0.0,-0.0,google/gemma-4-26B-A4B-it,"```json
{""broad_income"": 55000, ""taxable_income"": 38450}
```"
2026-06-08 14:22:01,69306.0,,90110.0,52893.2,0.37853858,0.3750778188967276,1,52893.0,90110.0,-0.0006790045827722648,0.0,google/gemma-4-26B-A4B-it,"```json
{""broad_income"": 90110, ""taxable_income"": 52893}
```"
2026-06-08 14:22:01,69306.0,,90110.0,52893.2,0.37853858,0.3750778188967276,2,52893.0,90110.0,-0.0006790045827722648,0.0,google/gemma-4-26B-A4B-it,"```json
{""broad_income"": 90110, ""taxable_income"": 52893}
```"
2026-06-08 14:22:08,50111.0,,23000.0,8400.0,0.0,0.0118973753661327,1,8400.0,23000.0,-0.0,-0.0,google/gemma-4-26B-A4B-it,"```json
{""broad_income"": 23000, ""taxable_income"": 8400}
```"
2026-06-08 14:22:08,50111.0,,23000.0,8400.0,0.0,0.0118973753661327,2,8400.0,23000.0,-0.0,-0.0,google/gemma-4-26B-A4B-it,"```json
{""broad_income"": 23000, ""taxable_income"": 8400}
```"
2026-06-08 14:22:13,38674.0,,45000.0,45535.0,0.1965,0.1708748703936286,1,45535.0,45000.0,0.0,0.0,google/gemma-4-26B-A4B-it,"```json
{""broad_income"": 45000, ""taxable_income"": 45535}
```"
2026-06-08 14:22:13,38674.0,,45000.0,45535.0,0.1965,0.1708748703936286,2,45535.0,45000.0,0.0,0.0,google/gemma-4-26B-A4B-it,"```json
{""broad_income"": 45000, ""taxable_income"": 45535}
```"
2026-06-08 14:22:19,7947.0,,251441.0,197767.97,-0.29450002,-0.265869619823267,1,197768.0,251441.0,-6.8586705452514285e-06,-0.0,google/gemma-4-26B-A4B-it,"```json
{""broad_income"": 251441, ""taxable_income"": 197768}
```"
2026-06-08 14:22:19,7947.0,,251441.0,197767.97,-0.29450002,-0.265869619823267,2,197768.0,251441.0,-6.8586705452514285e-06,-0.0,google/gemma-4-26B-A4B-it,"```json
{""broad_income"": 251441, ""taxable_income"": 197768}
```"
2026-06-08 14:22:24,41543.0,,473000.0,368951.6,0.2635,0.2669327246807039,1,368952.0,473000.0,-0.0002326078525855747,-0.0,google/gemma-4-26B-A4B-it,"```json
{""broad_income"": 473000, ""taxable_income"": 368952}
```"
2026-06-08 14:22:24,41543.0,,473000.0,368951.6,0.2635,0.2669327246807039,2,368952.0,473000.0,-0.0002326078525855747,-0.0,google/gemma-4-26B-A4B-it,"```json
{""broad_income"": 473000, ""taxable_income"": 368952}
```"
2026-06-08 14:22:29,72268.0,,65000.0,50400.0,0.0,0.0109330712128175,1,50400.0,65000.0,-0.0,-0.0,google/gemma-4-26B-A4B-it,"```json
{""broad_income"": 65000, ""taxable_income"": 50400}
```"
2026-06-08 14:22:29,72268.0,,65000.0,50400.0,0.0,0.0109330712128175,2,50400.0,65000.0,-0.0,-0.0,google/gemma-4-26B-A4B-it,"```json
{""broad_income"": 65000, ""taxable_income"": 50400}
```"
2026-06-08 14:22:35,10051.0,,76500.0,58564.875,0.3272002,0.3024164463824833,1,58565.0,76500.0,5.794174400760406e-05,0.0,google/gemma-4-26B-A4B-it,"```json
{""broad_income"": 76500, ""taxable_income"": 58565}
```"
2026-06-08 14:22:35,10051.0,,76500.0,58564.875,0.3272002,0.3024164463824833,2,58565.0,76500.0,5.794174400760406e-05,0.0,google/gemma-4-26B-A4B-it,"```json
{""broad_income"": 76500, ""taxable_income"": 58565}
```"
2026-06-08 14:22:41,35738.0,,105302.0,95795.36,0.3465,0.3432809229507578,1,95795.0,105302.0,-0.0007629081371761886,0.0,google/gemma-4-26B-A4B-it,"```json
{""broad_income"": 105302, ""taxable_income"": 95795}
```"
2026-06-08 14:22:41,35738.0,,105302.0,95795.36,0.3465,0.3432809229507578,2,95795.0,105302.0,-0.0007629081371761886,0.0,google/gemma-4-26B-A4B-it,"```json
{""broad_income"": 105302, ""taxable_income"": 95795}
```"
2026-06-08 14:22:46,65494.0,,130858.0,123310.44,0.3695,0.3530239972052846,1,123310.0,130858.0,-0.00013654822623888899,0.0,google/gemma-4-26B-A4B-it,"```json
{""broad_income"": 130858, ""taxable_income"": 123310}
```"
2026-06-08 14:22:46,65494.0,,130858.0,123310.44,0.3695,0.3530239972052846,2,123310.0,130858.0,-0.00013654822623888899,0.0,google/gemma-4-26B-A4B-it,"```json
{""broad_income"": 130858, ""taxable_income"": 123310}
```"
2026-06-08 14:22:52,52629.0,,80000.0,65400.0,0.0,0.0364578153105196,1,80000.0,80000.0,-6.123284906477999,-0.0,google/gemma-4-26B-A4B-it,"```json
{""broad_income"": 80000, ""taxable_income"": 80000}
```"
2026-06-08 14:22:52,52629.0,,80000.0,65400.0,0.0,0.0364578153105196,2,80000.0,80000.0,-6.123284906477999,-0.0,google/gemma-4-26B-A4B-it,"```json
{""broad_income"": 80000, ""taxable_income"": 80000}
```"
2026-06-08 14:22:57,50181.0,,74004.0,58762.72,0.2964995,0.291787027483718,1,58763.0,74004.0,0.0007113309762359301,0.0,google/gemma-4-26B-A4B-it,"```json
{""broad_income"": 74004, ""taxable_income"": 58763}
```"
2026-06-08 14:22:57,50181.0,,74004.0,58762.72,0.2964995,0.291787027483718,2,58763.0,74004.0,0.0007113309762359301,0.0,google/gemma-4-26B-A4B-it,"```json
{""broad_income"": 74004, ""taxable_income"": 58763}
```"
2026-06-08 14:23:02,50434.0,,50000.0,20800.0,0.1765,0.157979496687587,1,20800.0,50000.0,0.0,0.0,google/gemma-4-26B-A4B-it,"```json
{""broad_income"": 50000, ""taxable_income"": 20800}
```"
2026-06-08 14:23:02,50434.0,,50000.0,20800.0,0.1765,0.157979496687587,2,20800.0,50000.0,0.0,0.0,google/gemma-4-26B-A4B-it,"```json
{""broad_income"": 50000, ""taxable_income"": 20800}
```"
2026-06-08 14:23:08,21816.0,,165023.0,135815.64,0.31599998,0.3145914802728227,1,135816.0,165023.0,0.001287217879459286,0.0,google/gemma-4-26B-A4B-it,"```json
{""broad_income"": 165023, ""taxable_income"": 135816}
```"
2026-06-08 14:23:08,21816.0,,165023.0,135815.64,0.31599998,0.3145914802728227,2,135816.0,165023.0,0.001287217879459286,0.0,google/gemma-4-26B-A4B-it,"```json
{""broad_income"": 165023, ""taxable_income"": 135816}
```"
2026-06-08 14:23:13,17715.0,,35000.0,20400.0,0.239,0.2184568082313079,1,20400.0,35000.0,0.0,0.0,google/gemma-4-26B-A4B-it,"```json
{""broad_income"": 35000, ""taxable_income"": 20400}
```"
2026-06-08 14:23:13,17715.0,,35000.0,20400.0,0.239,0.2184568082313079,2,20400.0,35000.0,0.0,0.0,google/gemma-4-26B-A4B-it,"```json
{""broad_income"": 35000, ""taxable_income"": 20400}
```"
2026-06-08 14:23:18,59977.0,,50001.0,35400.68,0.2215,0.2315028869564948,1,35401.0,50001.0,-0.0007035121949536966,-0.0,google/gemma-4-26B-A4B-it,"```json
{""broad_income"": 50001, ""taxable_income"": 35401}
```"
2026-06-08 14:23:18,59977.0,,50001.0,35400.68,0.2215,0.2315028869564948,2,35401.0,50001.0,-0.0007035121949536966,-0.0,google/gemma-4-26B-A4B-it,"```json
{""broad_income"": 50001, ""taxable_income"": 35401}
```"
2026-06-08 14:23:23,60025.0,,95001.0,79400.68,0.3215,0.2971678081784096,1,79401.0,95001.0,0.00011238138419522108,0.0,google/gemma-4-26B-A4B-it,"```json
{""broad_income"": 95001, ""taxable_income"": 79401}
```"
2026-06-08 14:23:23,60025.0,,95001.0,79400.68,0.3215,0.2971678081784096,2,79401.0,95001.0,0.00011238138419522108,0.0,google/gemma-4-26B-A4B-it,"```json
{""broad_income"": 95001, ""taxable_income"": 79401}
```"
2026-06-08 14:23:28,64741.0,,70000.0,55400.0,0.37175,0.3345851810550924,1,55400.0,70000.0,0.0,0.0,google/gemma-4-26B-A4B-it,"```json
{""broad_income"": 70000, ""taxable_income"": 55400}
```"
2026-06-08 14:23:28,64741.0,,70000.0,55400.0,0.37175,0.3345851810550924,2,55400.0,70000.0,0.0,0.0,google/gemma-4-26B-A4B-it,"```json
{""broad_income"": 70000, ""taxable_income"": 55400}
```"
2026-06-08 14:23:33,67915.0,,76040.0,44083.61,0.2495,0.2562770110849397,1,44084.0,76040.0,-0.0009797154480106574,-0.0,google/gemma-4-26B-A4B-it,"```json
{""broad_income"": 76040, ""taxable_income"": 44084}
```"
2026-06-08 14:23:33,67915.0,,76040.0,44083.61,0.2495,0.2562770110849397,2,44084.0,76040.0,-0.0009797154480106574,-0.0,google/gemma-4-26B-A4B-it,"```json
{""broad_income"": 76040, ""taxable_income"": 44084}
```"
2026-06-08 14:23:38,35373.0,,36000.0,12624.0,0.2985,0.3062696540700468,1,12624.0,36000.0,-0.0,-0.0,google/gemma-4-26B-A4B-it,"```json
{""broad_income"": 36000, ""taxable_income"": 12624}
```"
2026-06-08 14:23:38,35373.0,,36000.0,12624.0,0.2985,0.3062696540700468,2,12624.0,36000.0,-0.0,-0.0,google/gemma-4-26B-A4B-it,"```json
{""broad_income"": 36000, ""taxable_income"": 12624}
```"
2026-06-08 14:23:43,34870.0,,101000.0,71800.0,0.2504004,0.2226631543480931,1,71800.0,101000.0,0.0,0.0,google/gemma-4-26B-A4B-it,"```json
{""broad_income"": 101000, ""taxable_income"": 71800}
```"
2026-06-08 14:23:43,34870.0,,101000.0,71800.0,0.2504004,0.2226631543480931,2,71800.0,101000.0,0.0,0.0,google/gemma-4-26B-A4B-it,"```json
{""broad_income"": 101000, ""taxable_income"": 71800}
```"
2026-06-08 14:23:48,59399.0,,67501.0,40075.203,0.2215,0.190142487859127,1,40075.0,67501.0,-0.00012575849309786423,0.0,google/gemma-4-26B-A4B-it,"```json
{""broad_income"": 67501, ""taxable_income"": 40075}
```"
2026-06-08 14:23:48,59399.0,,67501.0,40075.203,0.2215,0.190142487859127,2,40075.0,67501.0,-0.00012575849309786423,0.0,google/gemma-4-26B-A4B-it,"```json
{""broad_income"": 67501, ""taxable_income"": 40075}
```"
2026-06-08 14:23:53,46647.0,,40000.0,10800.0,0.37929004,0.3873508566827013,1,10800.0,40000.0,-0.0,-0.0,google/gemma-4-26B-A4B-it,"```json
{""broad_income"": 40000, ""taxable_income"": 10800}
```"
2026-06-08 14:23:53,46647.0,,40000.0,10800.0,0.37929004,0.3873508566827013,2,10000.0,39200.0,5.70395251069615,1.5400671778879607,google/gemma-4-26B-A4B-it,"```json
{""broad_income"": 39200, ""taxable_income"": 10000}
```"
2026-06-08 14:23:58,50420.0,,218881.0,170666.06,0.2965,0.3038513241716768,1,174372.0,218881.0,-2.078020122534928,-0.0,google/gemma-4-26B-A4B-it,"```json
{""broad_income"": 218881, ""taxable_income"": 174372}
```"
2026-06-08 14:23:58,50420.0,,218881.0,170666.06,0.2965,0.3038513241716768,2,170666.0,218881.0,3.364361197085148e-05,-0.0,google/gemma-4-26B-A4B-it,"```json
{""broad_income"": 218881, ""taxable_income"": 170666}
```"
2026-06-08 14:24:03,59278.0,,30000.0,15400.0,0.2215,0.226964940715294,1,15400.0,30000.0,-0.0,-0.0,google/gemma-4-26B-A4B-it,"```json
{""broad_income"": 30000, ""taxable_income"": 15400}
```"
2026-06-08 14:24:03,59278.0,,30000.0,15400.0,0.2215,0.226964940715294,2,15400.0,30000.0,-0.0,-0.0,google/gemma-4-26B-A4B-it,"```json
{""broad_income"": 30000, ""taxable_income"": 15400}
```"
2026-06-08 14:24:08,66298.0,,140750.0,96086.41,0.38950026,0.409678912885808,1,96086.0,140750.0,0.00012909671844350785,-0.0,google/gemma-4-26B-A4B-it,"```json
{""broad_income"": 140750, ""taxable_income"": 96086}
```"
2026-06-08 14:24:08,66298.0,,140750.0,96086.41,0.38950026,0.409678912885808,2,105000.0,140750.0,-2.8066224842464993,-0.0,google/gemma-4-26B-A4B-it,"```json
{""broad_income"": 140750, ""taxable_income"": 105000}
```"
2026-06-08 14:24:13,20123.0,,89641.0,68309.69,0.3535,0.3681785197580937,1,68310.0,89641.0,-0.0001998782999127257,-0.0,google/gemma-4-26B-A4B-it,"```json
{""broad_income"": 89641, ""taxable_income"": 68310}
```"
2026-06-08 14:24:13,20123.0,,89641.0,68309.69,0.3535,0.3681785197580937,2,68310.0,89641.0,-0.0001998782999127257,-0.0,google/gemma-4-26B-A4B-it,"```json
{""broad_income"": 89641, ""taxable_income"": 68310}
```"
2026-06-08 14:24:18,24566.0,,82065.0,48744.203,0.2522998,0.2708360560361122,1,48744.0,82065.0,0.0001679881089843478,-0.0,google/gemma-4-26B-A4B-it,"```json
{""broad_income"": 82065, ""taxable_income"": 48744}
```"
2026-06-08 14:24:18,24566.0,,82065.0,48744.203,0.2522998,0.2708360560361122,2,48744.0,82065.0,0.0001679881089843478,-0.0,google/gemma-4-26B-A4B-it,"```json
{""broad_income"": 82065, ""taxable_income"": 48744}
```"
2026-06-08 14:24:23,7780.0,,50001.0,35400.68,0.2515,0.265730409480135,1,35401.0,50001.0,-0.00047545868139182214,-0.0,google/gemma-4-26B-A4B-it,"```json
{""broad_income"": 50001, ""taxable_income"": 35401}
```"
2026-06-08 14:24:23,7780.0,,50001.0,35400.68,0.2515,0.265730409480135,2,35401.0,50001.0,-0.00047545868139182214,-0.0,google/gemma-4-26B-A4B-it,"```json
{""broad_income"": 50001, ""taxable_income"": 35401}
```"
2026-06-08 14:24:28,39115.0,,40000.0,10800.0,0.1765,0.1772137284522917,1,10800.0,40000.0,-0.0,-0.0,google/gemma-4-26B-A4B-it,"```json
{""broad_income"": 40000, ""taxable_income"": 10800}
```"
2026-06-08 14:24:28,39115.0,,40000.0,10800.0,0.1765,0.1772137284522917,2,10800.0,40000.0,-0.0,-0.0,google/gemma-4-26B-A4B-it,"```json
{""broad_income"": 40000, ""taxable_income"": 10800}
```"
2026-06-08 14:24:33,4743.0,,26177.0,13013.795,0.3035,0.2994097694049938,1,13014.0,26177.0,0.0026823980683009932,0.0,google/gemma-4-26B-A4B-it,"```json
{""broad_income"": 26177, ""taxable_income"": 13014}
```"
2026-06-08 14:24:33,4743.0,,26177.0,13013.795,0.3035,0.2994097694049938,2,13014.0,26177.0,0.0026823980683009932,0.0,google/gemma-4-26B-A4B-it,"```json
{""broad_income"": 26177, ""taxable_income"": 13014}
```"
2026-06-08 14:24:39,32518.0,,136892.0,93902.77,0.32451075,0.2978129996720061,1,93903.0,136892.0,6.197167106483159e-05,0.0,google/gemma-4-26B-A4B-it,"```json
{""broad_income"": 136892, ""taxable_income"": 93903}
```"
2026-06-08 14:24:39,32518.0,,136892.0,93902.77,0.32451075,0.2978129996720061,2,93903.0,136892.0,6.197167106483159e-05,0.0,google/gemma-4-26B-A4B-it,"```json
{""broad_income"": 136892, ""taxable_income"": 93903}
```"
2026-06-08 14:24:45,37197.0,,23000.0,8400.0,0.0,0.0246499541363834,1,0.0,23000.0,40.56802679904374,-0.0,google/gemma-4-26B-A4B-it,"```json
{""broad_income"": 23000, ""taxable_income"": 0}
```"
2026-06-08 14:24:45,37197.0,,23000.0,8400.0,0.0,0.0246499541363834,2,0.0,23000.0,40.56802679904374,-0.0,google/gemma-4-26B-A4B-it,"```json
{""broad_income"": 23000, ""taxable_income"": 0}
```"
2026-06-08 14:24:51,17419.0,,176250.0,145364.83,0.359,0.3430305176094541,1,145365.0,176250.0,4.694147872247362e-05,0.0,google/gemma-4-26B-A4B-it,"```json
{""broad_income"": 176250, ""taxable_income"": 145365}
```"
2026-06-08 14:24:51,17419.0,,176250.0,145364.83,0.359,0.3430305176094541,2,145365.0,176250.0,4.694147872247362e-05,0.0,google/gemma-4-26B-A4B-it,"```json
{""broad_income"": 176250, ""taxable_income"": 145365}
```"
2026-06-08 14:24:56,39854.0,,53860.0,36561.21,0.2365,0.2405736306839576,1,36561.0,53860.0,0.0010765299642597564,-0.0,google/gemma-4-26B-A4B-it,"```json
{""broad_income"": 53860, ""taxable_income"": 36561}
```"
2026-06-08 14:24:56,39854.0,,53860.0,36561.21,0.2365,0.2405736306839576,2,36561.0,53860.0,0.0010765299642597564,-0.0,google/gemma-4-26B-A4B-it,"```json
{""broad_income"": 53860, ""taxable_income"": 36561}
```"
2026-06-08 14:25:02,3956.0,,145146.0,113482.3,0.34399998,0.3448106853825534,1,113482.0,145146.0,0.002139113958286319,-0.0,google/gemma-4-26B-A4B-it,"```json
{""broad_income"": 145146, ""taxable_income"": 113482}
```"
2026-06-08 14:25:02,3956.0,,145146.0,113482.3,0.34399998,0.3448106853825534,2,113482.0,145146.0,0.002139113958286319,-0.0,google/gemma-4-26B-A4B-it,"```json
{""broad_income"": 145146, ""taxable_income"": 113482}
```"
2026-06-08 14:25:07,4832.0,,30000.0,15400.0,0.278,0.265716179606722,1,15400.0,30000.0,0.0,0.0,google/gemma-4-26B-A4B-it,"```json
{""broad_income"": 30000, ""taxable_income"": 15400}
```"
2026-06-08 14:25:07,4832.0,,30000.0,15400.0,0.278,0.265716179606722,2,15400.0,30000.0,0.0,0.0,google/gemma-4-26B-A4B-it,"```json
{""broad_income"": 30000, ""taxable_income"": 15400}
```"
2026-06-08 14:25:14,61199.0,,87879.0,57808.61,0.255,0.2756199582259823,1,57809.0,87879.0,-0.0002437477254362246,-0.0,google/gemma-4-26B-A4B-it,"```json
{""broad_income"": 87879, ""taxable_income"": 57809}
```"
2026-06-08 14:25:14,61199.0,,87879.0,57808.61,0.255,0.2756199582259823,2,57809.0,87879.0,-0.0002437477254362246,-0.0,google/gemma-4-26B-A4B-it,"```json
{""broad_income"": 87879, ""taxable_income"": 57809}
```"
2026-06-08 14:25:19,22098.0,,118311.0,80068.84,0.1965,0.1887815110478026,1,80069.0,118311.0,0.000208022370100629,0.0,google/gemma-4-26B-A4B-it,"```json
{""broad_income"": 118311, ""taxable_income"": 80069}
```"
2026-06-08 14:25:19,22098.0,,118311.0,80068.84,0.1965,0.1887815110478026,2,80069.0,118311.0,0.000208022370100629,0.0,google/gemma-4-26B-A4B-it,"```json
{""broad_income"": 118311, ""taxable_income"": 80069}
```"
2026-06-08 14:25:24,9359.0,,35000.0,20400.0,0.21434997,0.2110738438419208,1,20400.0,35000.0,0.0,0.0,google/gemma-4-26B-A4B-it,"```json
{""broad_income"": 35000, ""taxable_income"": 20400}
```"
2026-06-08 14:25:24,9359.0,,35000.0,20400.0,0.21434997,0.2110738438419208,2,20400.0,35000.0,0.0,0.0,google/gemma-4-26B-A4B-it,"```json
{""broad_income"": 35000, ""taxable_income"": 20400}
```"
2026-06-08 14:25:29,35991.0,,45501.0,28159.531,0.2985,0.289810256212119,1,28160.0,45501.0,0.0013445226693695417,0.0,google/gemma-4-26B-A4B-it,"```json
{""broad_income"": 45501, ""taxable_income"": 28160}
```"
2026-06-08 14:25:29,35991.0,,45501.0,28159.531,0.2985,0.289810256212119,2,28160.0,45501.0,0.0013445226693695417,0.0,google/gemma-4-26B-A4B-it,"```json
{""broad_income"": 45501, ""taxable_income"": 28160}
```"
2026-06-08 14:25:35,56843.0,,64013.0,46208.84,0.24938428,0.2439382592755745,1,46209.0,64013.0,0.0004772360935753164,0.0,google/gemma-4-26B-A4B-it,"```json
{""broad_income"": 64013, ""taxable_income"": 46209}
```"
2026-06-08 14:25:35,56843.0,,64013.0,46208.84,0.24938428,0.2439382592755745,2,46209.0,64013.0,0.0004772360935753164,0.0,google/gemma-4-26B-A4B-it,"```json
{""broad_income"": 64013, ""taxable_income"": 46209}
```"
2026-06-08 14:25:40,13879.0,,212450.0,159588.72,0.327,0.2843953851409753,1,159589.0,212450.0,2.7714960275555886e-05,0.0,google/gemma-4-26B-A4B-it,"```json
{""broad_income"": 212450, ""taxable_income"": 159589}
```"
2026-06-08 14:25:40,13879.0,,212450.0,159588.72,0.327,0.2843953851409753,2,159589.0,212450.0,2.7714960275555886e-05,0.0,google/gemma-4-26B-A4B-it,"```json
{""broad_income"": 212450, ""taxable_income"": 159589}
```"
2026-06-08 14:25:45,42374.0,,282823.0,231361.06,0.35922462,0.3693598096319304,1,231361.0,282823.0,1.6395887244111498e-05,-0.0,google/gemma-4-26B-A4B-it,"```json
{""broad_income"": 282823, ""taxable_income"": 231361}
```"
2026-06-08 14:25:45,42374.0,,282823.0,231361.06,0.35922462,0.3693598096319304,2,231361.0,282823.0,1.6395887244111498e-05,-0.0,google/gemma-4-26B-A4B-it,"```json
{""broad_income"": 282823, ""taxable_income"": 231361}
```"
2026-06-08 14:25:50,7317.0,,247633.0,184489.23,0.4141211,0.4218471941052634,1,184489.0,247633.0,9.453762369484296e-05,-0.0,google/gemma-4-26B-A4B-it,"```json
{""broad_income"": 247633, ""taxable_income"": 184489}
```"
2026-06-08 14:25:50,7317.0,,247633.0,184489.23,0.4141211,0.4218471941052634,2,184489.0,247633.0,9.453762369484296e-05,-0.0,google/gemma-4-26B-A4B-it,"```json
{""broad_income"": 247633, ""taxable_income"": 184489}
```"
2026-06-08 14:25:56,5688.0,,85100.0,33659.0,-0.40350002,-0.3818050624607227,1,33659.0,85100.0,-0.0,-0.0,google/gemma-4-26B-A4B-it,"```json
{""broad_income"": 85100, ""taxable_income"": 33659}
```"
2026-06-08 14:25:56,5688.0,,85100.0,33659.0,-0.40350002,-0.3818050624607227,2,33659.0,85100.0,-0.0,-0.0,google/gemma-4-26B-A4B-it,"```json
{""broad_income"": 85100, ""taxable_income"": 33659}
```"
2026-06-08 14:26:01,36504.0,,124000.0,54800.0,0.1965,0.2075810311274211,1,54800.0,124000.0,-0.0,-0.0,google/gemma-4-26B-A4B-it,"```json
{""broad_income"": 124000, ""taxable_income"": 54800}
```"
2026-06-08 14:26:01,36504.0,,124000.0,54800.0,0.1965,0.2075810311274211,2,54800.0,124000.0,-0.0,-0.0,google/gemma-4-26B-A4B-it,"```json
{""broad_income"": 124000, ""taxable_income"": 54800}
```"
2026-06-08 14:26:06,37041.0,,1125053.0,1100953.8,0.3935,0.4030877611730599,1,1125053.0,1125053.0,-1.384672697199897,-0.0,google/gemma-4-26B-A4B-it,"```json
{""broad_income"": 1125053, ""taxable_income"": 1125053}
```"
2026-06-08 14:26:06,37041.0,,1125053.0,1100953.8,0.3935,0.4030877611730599,2,1125053.0,1125053.0,-1.384672697199897,-0.0,google/gemma-4-26B-A4B-it,"```json
{""broad_income"": 1125053, ""taxable_income"": 1125053}
```"
2026-06-08 14:26:11,44593.0,,74015.0,62665.0,0.2355,0.2124337711125401,1,62665.0,74015.0,0.0,0.0,google/gemma-4-26B-A4B-it,"```json
{""broad_income"": 74015, ""taxable_income"": 62665}
```"
2026-06-08 14:26:11,44593.0,,74015.0,62665.0,0.2355,0.2124337711125401,2,62665.0,74015.0,0.0,0.0,google/gemma-4-26B-A4B-it,"```json
{""broad_income"": 74015, ""taxable_income"": 62665}
```"
2026-06-08 14:26:17,51711.0,,60000.0,45400.0,0.1965,0.1674529079987948,1,45400.0,60000.0,0.0,0.0,google/gemma-4-26B-A4B-it,"```json
{""broad_income"": 60000, ""taxable_income"": 45400}
```"
2026-06-08 14:26:17,51711.0,,60000.0,45400.0,0.1965,0.1674529079987948,2,45400.0,60000.0,0.0,0.0,google/gemma-4-26B-A4B-it,"```json
{""broad_income"": 60000, ""taxable_income"": 45400}
```"
2026-06-08 14:26:22,71562.0,,21686.0,7900.2793,0.23950002,0.2502743090995173,1,7900.0,21686.0,0.0024953936919534362,-0.0,google/gemma-4-26B-A4B-it,"```json
{""broad_income"": 21686, ""taxable_income"": 7900}
```"
2026-06-08 14:26:22,71562.0,,21686.0,7900.2793,0.23950002,0.2502743090995173,2,7900.0,21686.0,0.0024953936919534362,-0.0,google/gemma-4-26B-A4B-it,"```json
{""broad_income"": 21686, ""taxable_income"": 7900}
```"
2026-06-08 14:26:26,35620.0,,30000.0,800.0,0.0,0.0205938783525124,1,0.0,30000.0,48.55811920817743,-0.0,google/gemma-4-26B-A4B-it,"```json
{""broad_income"": 30000, ""taxable_income"": 0}
```"
2026-06-08 14:26:26,35620.0,,30000.0,800.0,0.0,0.0205938783525124,2,0.0,30000.0,48.55811920817743,-0.0,google/gemma-4-26B-A4B-it,"```json
{""broad_income"": 30000, ""taxable_income"": 0}
```"
2026-06-08 14:26:33,19247.0,,55010.0,40406.8,0.2645,0.2557805886174629,1,40407.0,55010.0,0.00041751400360613385,0.0,google/gemma-4-26B-A4B-it,"```json
{""broad_income"": 55010, ""taxable_income"": 40407}
```"
2026-06-08 14:26:33,19247.0,,55010.0,40406.8,0.2645,0.2557805886174629,2,40407.0,55010.0,0.00041751400360613385,0.0,google/gemma-4-26B-A4B-it,"```json
{""broad_income"": 55010, ""taxable_income"": 40407}
```"
2026-06-08 14:26:39,59257.0,,115558.0,96755.84,0.3215,0.3308027242168038,1,96756.0,115558.0,-0.00012060977316747603,-0.0,google/gemma-4-26B-A4B-it,"```json
{""broad_income"": 115558, ""taxable_income"": 96756}
```"
2026-06-08 14:26:39,59257.0,,115558.0,96755.84,0.3215,0.3308027242168038,2,96756.0,115558.0,-0.00012060977316747603,-0.0,google/gemma-4-26B-A4B-it,"```json
{""broad_income"": 115558, ""taxable_income"": 96756}
```"
2026-06-08 14:26:45,16654.0,,38250.0,7500.0,0.23768067,0.2255223308295401,1,7500.0,38250.0,0.0,0.0,google/gemma-4-26B-A4B-it,"```json
{""broad_income"": 38250, ""taxable_income"": 7500}
```"
2026-06-08 14:26:45,16654.0,,38250.0,7500.0,0.23768067,0.2255223308295401,2,7500.0,38250.0,0.0,0.0,google/gemma-4-26B-A4B-it,"```json
{""broad_income"": 38250, ""taxable_income"": 7500}
```"
2026-06-08 14:26:51,31057.0,,43000.0,28400.0,0.24249999,0.2386473884312173,1,28400.0,43000.0,0.0,0.0,google/gemma-4-26B-A4B-it,"```json
{""broad_income"": 43000, ""taxable_income"": 28400}
```"
2026-06-08 14:26:51,31057.0,,43000.0,28400.0,0.24249999,0.2386473884312173,2,28400.0,43000.0,0.0,0.0,google/gemma-4-26B-A4B-it,"```json
{""broad_income"": 43000, ""taxable_income"": 28400}
```"
2026-06-08 14:26:56,6973.0,,127001.0,104993.5,0.42433888,0.4457446194715504,1,104994.0,127001.0,-0.00012806906945412222,-0.0,google/gemma-4-26B-A4B-it,"```json
{""broad_income"": 127001, ""taxable_income"": 104994}
```"
2026-06-08 14:26:56,6973.0,,127001.0,104993.5,0.42433888,0.4457446194715504,2,104994.0,127001.0,-0.00012806906945412222,-0.0,google/gemma-4-26B-A4B-it,"```json
{""broad_income"": 127001, ""taxable_income"": 104994}
```"
2026-06-08 14:27:17,70863.0,,43690.0,29086.8,0.2495,0.2150370300640978,1,29087.0,43690.0,0.0001497380062842636,0.0,google/gemma-4-26B-A4B-it,"```json
{""broad_income"": 43690, ""taxable_income"": 29087}
```"
2026-06-08 14:27:17,70863.0,,43690.0,29086.8,0.2495,0.2150370300640978,2,29087.0,43690.0,0.0001497380062842636,0.0,google/gemma-4-26B-A4B-it,"```json
{""broad_income"": 43690, ""taxable_income"": 29087}
```"
2026-06-08 14:27:22,62561.0,,23000.0,8400.0,0.0,0.0152029673458625,1,8400.0,23000.0,-0.0,-0.0,google/gemma-4-26B-A4B-it,"```json
{""broad_income"": 23000, ""taxable_income"": 8400}
```"
2026-06-08 14:27:22,62561.0,,23000.0,8400.0,0.0,0.0152029673458625,2,8400.0,23000.0,-0.0,-0.0,google/gemma-4-26B-A4B-it,"```json
{""broad_income"": 23000, ""taxable_income"": 8400}
```"
2026-06-08 14:27:27,50110.0,,30000.0,15400.0,0.1965,0.2042503375070935,1,15400.0,30000.0,-0.0,-0.0,google/gemma-4-26B-A4B-it,"```json
{""broad_income"": 30000, ""taxable_income"": 15400}
```"
2026-06-08 14:27:27,50110.0,,30000.0,15400.0,0.1965,0.2042503375070935,2,14600.0,30000.0,5.385605427125824,-0.0,google/gemma-4-26B-A4B-it,"```json
{""broad_income"": 30000, ""taxable_income"": 14600}
```"
2026-06-08 14:27:32,28245.0,,68402.0,39201.36,0.254,0.2486495224163283,1,39201.0,68402.0,-0.0012804058368292427,0.0,google/gemma-4-26B-A4B-it,"```json
{""broad_income"": 68402, ""taxable_income"": 39201}
```"
2026-06-08 14:27:32,28245.0,,68402.0,39201.36,0.254,0.2486495224163283,2,39201.0,68402.0,-0.0012804058368292427,0.0,google/gemma-4-26B-A4B-it,"```json
{""broad_income"": 68402, ""taxable_income"": 39201}
```"
2026-06-08 14:27:37,11754.0,,260543.0,212550.69,0.3895,0.3843739747093717,1,212551.0,260543.0,0.00017370171181448651,0.0,google/gemma-4-26B-A4B-it,"```json
{""broad_income"": 260543, ""taxable_income"": 212551}
```"
2026-06-08 14:27:37,11754.0,,260543.0,212550.69,0.3895,0.3843739747093717,2,212551.0,260543.0,0.00017370171181448651,0.0,google/gemma-4-26B-A4B-it,"```json
{""broad_income"": 260543, ""taxable_income"": 212551}
```"
2026-06-08 14:27:42,10834.0,,30000.0,15400.0,0.0,-0.016599878807213,1,30000.0,30000.0,57.11198009710755,0.0,google/gemma-4-26B-A4B-it,"```json
{""broad_income"": 30000, ""taxable_income"": 30000}
```"
2026-06-08 14:27:42,10834.0,,30000.0,15400.0,0.0,-0.016599878807213,2,30000.0,30000.0,57.11198009710755,0.0,google/gemma-4-26B-A4B-it,"```json
{""broad_income"": 30000, ""taxable_income"": 30000}
```"
2026-06-08 14:28:07,37583.0,,70135.0,36917.45,0.1965,0.2000465805093469,1,36917.0,70135.0,0.0027615752163523332,-0.0,google/gemma-4-26B-A4B-it,"```json
{""broad_income"": 70135, ""taxable_income"": 36917}
```"
2026-06-08 14:28:07,37583.0,,70135.0,36917.45,0.1965,0.2000465805093469,2,36917.0,70135.0,0.0027615752163523332,-0.0,google/gemma-4-26B-A4B-it,"```json
{""broad_income"": 70135, ""taxable_income"": 36917}
```"
2026-06-08 14:28:12,51080.0,,40100.0,1202.4297,0.0765,0.0947479890490794,1,1202.0,40100.0,0.018085376197553016,-0.0,google/gemma-4-26B-A4B-it,"```json
{""broad_income"": 40100, ""taxable_income"": 1202}
```"
2026-06-08 14:28:12,51080.0,,40100.0,1202.4297,0.0765,0.0947479890490794,2,1202.0,40100.0,0.018085376197553016,-0.0,google/gemma-4-26B-A4B-it,"```json
{""broad_income"": 40100, ""taxable_income"": 1202}
```"
2026-06-08 14:28:17,47928.0,,44045.0,29430.602,0.24399999,0.2696247442887864,1,28544.0,44045.0,0.8887746368207686,-0.0,google/gemma-4-26B-A4B-it,"```json
{""broad_income"": 44045, ""taxable_income"": 28544}
```"
2026-06-08 14:28:17,47928.0,,44045.0,29430.602,0.24399999,0.2696247442887864,2,29431.0,44045.0,-0.00039897530735955646,-0.0,google/gemma-4-26B-A4B-it,"```json
{""broad_income"": 44045, ""taxable_income"": 29431}
```"
2026-06-08 14:28:22,17041.0,,98030.0,65928.805,0.239,0.2527796244578368,1,65929.0,98030.0,-0.00016334531489848477,-0.0,google/gemma-4-26B-A4B-it,"```json
{""broad_income"": 98030, ""taxable_income"": 65929}
```"
2026-06-08 14:28:22,17041.0,,98030.0,65928.805,0.239,0.2527796244578368,2,65929.0,98030.0,-0.00016334531489848477,-0.0,google/gemma-4-26B-A4B-it,"```json
{""broad_income"": 98030, ""taxable_income"": 65929}
```"
2026-06-08 14:28:27,70391.0,,154000.0,117104.45,0.39715138,0.3976504080644605,1,117104.0,154000.0,0.00464218470038824,-0.0,google/gemma-4-26B-A4B-it,"```json
{""broad_income"": 154000, ""taxable_income"": 117104}
```"
2026-06-08 14:28:27,70391.0,,154000.0,117104.45,0.39715138,0.3976504080644605,2,117104.0,154000.0,0.00464218470038824,-0.0,google/gemma-4-26B-A4B-it,"```json
{""broad_income"": 154000, ""taxable_income"": 117104}
```"
2026-06-08 14:28:32,52375.0,,78905.0,25502.918,0.19650048,0.1596314596252812,1,25503.0,78905.0,7.007256275084786e-05,0.0,google/gemma-4-26B-A4B-it,"```json
{""broad_income"": 78905, ""taxable_income"": 25503}
```"
2026-06-08 14:28:32,52375.0,,78905.0,25502.918,0.19650048,0.1596314596252812,2,25503.0,78905.0,7.007256275084786e-05,0.0,google/gemma-4-26B-A4B-it,"```json
{""broad_income"": 78905, ""taxable_income"": 25503}
```"
2026-06-08 14:28:37,37920.0,,175015.0,145810.2,0.2965,0.3055448091007533,1,145810.0,175015.0,0.00010668584139632627,-0.0,google/gemma-4-26B-A4B-it,"```json
{""broad_income"": 175015, ""taxable_income"": 145810}
```"
2026-06-08 14:28:37,37920.0,,175015.0,145810.2,0.2965,0.3055448091007533,2,145810.0,175015.0,0.00010668584139632627,-0.0,google/gemma-4-26B-A4B-it,"```json
{""broad_income"": 175015, ""taxable_income"": 145810}
```"
2026-06-08 14:28:42,41349.0,,75225.0,41972.13,0.1965,0.1919920643560496,1,41972.0,75225.0,-0.0005520653842045366,0.0,google/gemma-4-26B-A4B-it,"```json
{""broad_income"": 75225, ""taxable_income"": 41972}
```"
2026-06-08 14:28:42,41349.0,,75225.0,41972.13,0.1965,0.1919920643560496,2,41972.0,75225.0,-0.0005520653842045366,0.0,google/gemma-4-26B-A4B-it,"```json
{""broad_income"": 75225, ""taxable_income"": 41972}
```"
2026-06-08 14:28:48,28794.0,,90701.0,61276.8,0.254,0.2543062322467682,1,61277.0,90701.0,-0.007951001308958294,-0.0,google/gemma-4-26B-A4B-it,"```json
{""broad_income"": 90701, ""taxable_income"": 61277}
```"
2026-06-08 14:28:48,28794.0,,90701.0,61276.8,0.254,0.2543062322467682,2,61277.0,90701.0,-0.007951001308958294,-0.0,google/gemma-4-26B-A4B-it,"```json
{""broad_income"": 90701, ""taxable_income"": 61277}
```"
2026-06-08 14:28:53,15544.0,,140101.0,116620.984,0.3465,0.326793373827309,1,116621.0,140101.0,4.549635404873806e-06,0.0,google/gemma-4-26B-A4B-it,"```json
{""broad_income"": 140101, ""taxable_income"": 116621}
```"
2026-06-08 14:28:53,15544.0,,140101.0,116620.984,0.3465,0.326793373827309,2,116621.0,140101.0,4.549635404873806e-06,0.0,google/gemma-4-26B-A4B-it,"```json
{""broad_income"": 140101, ""taxable_income"": 116621}
```"
2026-06-08 14:28:58,21255.0,,105154.0,62465.066,0.24363622,0.1943126844660613,1,62465.0,105154.0,-1.6202545752779596e-05,0.0,google/gemma-4-26B-A4B-it,"```json
{""broad_income"": 105154, ""taxable_income"": 62465}
```"
2026-06-08 14:28:58,21255.0,,105154.0,62465.066,0.24363622,0.1943126844660613,2,62465.0,105154.0,-1.6202545752779596e-05,0.0,google/gemma-4-26B-A4B-it,"```json
{""broad_income"": 105154, ""taxable_income"": 62465}
```"
2026-06-08 14:29:03,54555.0,,50000.0,35400.0,0.25344995,0.263292461786365,1,35400.0,50000.0,-0.0,-0.0,google/gemma-4-26B-A4B-it,"```json
{""broad_income"": 50000, ""taxable_income"": 35400}
```"
2026-06-08 14:29:03,54555.0,,50000.0,35400.0,0.25344995,0.263292461786365,2,35400.0,50000.0,-0.0,-0.0,google/gemma-4-26B-A4B-it,"```json
{""broad_income"": 50000, ""taxable_income"": 35400}
```"
2026-06-08 14:29:08,2633.0,,116011.0,108017.484,0.3465,0.3544475336405749,1,108017.0,116011.0,0.0003684380893118929,-0.0,google/gemma-4-26B-A4B-it,"```json
{""broad_income"": 116011, ""taxable_income"": 108017}
```"
2026-06-08 14:29:08,2633.0,,116011.0,108017.484,0.3465,0.3544475336405749,2,108017.0,116011.0,0.0003684380893118929,-0.0,google/gemma-4-26B-A4B-it,"```json
{""broad_income"": 116011, ""taxable_income"": 108017}
```"
2026-06-08 14:29:13,8898.0,,113800.0,82927.484,0.25285497,0.2330946630123419,1,82927.0,113800.0,-0.00022067752119322694,0.0,google/gemma-4-26B-A4B-it,"```json
{""broad_income"": 113800, ""taxable_income"": 82927}
```"
2026-06-08 14:29:13,8898.0,,113800.0,82927.484,0.25285497,0.2330946630123419,2,82927.0,113800.0,-0.00022067752119322694,0.0,google/gemma-4-26B-A4B-it,"```json
{""broad_income"": 113800, ""taxable_income"": 82927}
```"
2026-06-08 14:29:19,5437.0,,100100.0,72605.086,0.3515,0.3403501011069801,1,72605.0,100100.0,-6.889226416953803e-05,0.0,google/gemma-4-26B-A4B-it,"```json
{""broad_income"": 100100, ""taxable_income"": 72605}
```"
2026-06-08 14:29:19,5437.0,,100100.0,72605.086,0.3515,0.3403501011069801,2,72605.0,100100.0,-6.889226416953803e-05,0.0,google/gemma-4-26B-A4B-it,"```json
{""broad_income"": 100100, ""taxable_income"": 72605}
```"
2026-06-08 14:29:24,5044.0,,15000.0,400.0,0.18650001,0.1480621365248396,1,400.0,15000.0,0.0,0.0,google/gemma-4-26B-A4B-it,"```json
{""broad_income"": 15000, ""taxable_income"": 400}
```"
2026-06-08 14:29:24,5044.0,,15000.0,400.0,0.18650001,0.1480621365248396,2,400.0,15000.0,0.0,0.0,google/gemma-4-26B-A4B-it,"```json
{""broad_income"": 15000, ""taxable_income"": 400}
```"
2026-06-08 14:29:29,63754.0,,382364.0,292189.88,0.3222998,0.3123340682297003,1,292190.0,382364.0,2.792829967676215e-05,0.0,google/gemma-4-26B-A4B-it,"```json
{""broad_income"": 382364, ""taxable_income"": 292190}
```"
2026-06-08 14:29:29,63754.0,,382364.0,292189.88,0.3222998,0.3123340682297003,2,292190.0,382364.0,2.792829967676215e-05,0.0,google/gemma-4-26B-A4B-it,"```json
{""broad_income"": 382364, ""taxable_income"": 292190}
```"
2026-06-08 14:29:34,50478.0,,25000.0,10400.0,0.1765,0.1838637675893314,1,10300.0,25000.0,1.0753013501188102,-0.0,google/gemma-4-26B-A4B-it,"```json
{""broad_income"": 25000, ""taxable_income"": 10300}
```"
2026-06-08 14:29:34,50478.0,,25000.0,10400.0,0.1765,0.1838637675893314,2,10300.0,25000.0,1.0753013501188102,-0.0,google/gemma-4-26B-A4B-it,"```json
{""broad_income"": 25000, ""taxable_income"": 10300}
```"
2026-06-08 14:29:39,33105.0,,118014.0,78689.73,0.3585,0.3489570933452939,1,78690.0,118014.0,0.00023065437359649283,0.0,google/gemma-4-26B-A4B-it,"```json
{""broad_income"": 118014, ""taxable_income"": 78690}
```"
2026-06-08 14:29:39,33105.0,,118014.0,78689.73,0.3585,0.3489570933452939,2,78690.0,118014.0,0.00023065437359649283,0.0,google/gemma-4-26B-A4B-it,"```json
{""broad_income"": 118014, ""taxable_income"": 78690}
```"
2026-06-08 14:29:44,7975.0,,113406.0,98356.08,0.36786035,0.3500938445201799,1,98356.0,113406.0,-2.8940084372752702e-05,0.0,google/gemma-4-26B-A4B-it,"```json
{""broad_income"": 113406, ""taxable_income"": 98356}
```"
2026-06-08 14:29:44,7975.0,,113406.0,98356.08,0.36786035,0.3500938445201799,2,98356.0,113406.0,-2.8940084372752702e-05,0.0,google/gemma-4-26B-A4B-it,"```json
{""broad_income"": 113406, ""taxable_income"": 98356}
```"
2026-06-08 14:29:49,34420.0,,57000.0,42400.0,0.2503999,0.2348652703940184,1,42400.0,57000.0,0.0,0.0,google/gemma-4-26B-A4B-it,"```json
{""broad_income"": 57000, ""taxable_income"": 42400}
```"
2026-06-08 14:29:49,34420.0,,57000.0,42400.0,0.2503999,0.2348652703940184,2,42400.0,57000.0,0.0,0.0,google/gemma-4-26B-A4B-it,"```json
{""broad_income"": 57000, ""taxable_income"": 42400}
```"
2026-06-08 14:29:54,33075.0,,69000.0,51656.406,0.3585,0.350312791817136,1,51656.0,69000.0,-0.0006158325980230743,0.0,google/gemma-4-26B-A4B-it,"```json
{""broad_income"": 69000, ""taxable_income"": 51656}
```"
2026-06-08 14:29:54,33075.0,,69000.0,51656.406,0.3585,0.350312791817136,2,51656.0,69000.0,-0.0006158325980230743,0.0,google/gemma-4-26B-A4B-it,"```json
{""broad_income"": 69000, ""taxable_income"": 51656}
```"
2026-06-08 14:29:59,11748.0,,116520.0,81178.55,0.22974999,0.2089335009632493,1,81179.0,116520.0,0.00020511407108625003,0.0,google/gemma-4-26B-A4B-it,"```json
{""broad_income"": 116520, ""taxable_income"": 81179}
```"
2026-06-08 14:29:59,11748.0,,116520.0,81178.55,0.22974999,0.2089335009632493,2,81179.0,116520.0,0.00020511407108625003,0.0,google/gemma-4-26B-A4B-it,"```json
{""broad_income"": 116520, ""taxable_income"": 81179}
```"
2026-06-08 14:30:17,26491.0,,38000.0,23400.0,0.24399999,0.2174205847043681,1,23400.0,38000.0,0.0,0.0,google/gemma-4-26B-A4B-it,"```json
{""broad_income"": 38000, ""taxable_income"": 23400}
```"
2026-06-08 14:30:17,26491.0,,38000.0,23400.0,0.24399999,0.2174205847043681,2,23400.0,38000.0,0.0,0.0,google/gemma-4-26B-A4B-it,"```json
{""broad_income"": 38000, ""taxable_income"": 23400}
```"
2026-06-08 14:30:22,41595.0,,158004.0,119640.25,0.3336748,0.3227803921473788,1,119640.0,158004.0,-0.0001278042527015434,0.0,google/gemma-4-26B-A4B-it,"```json
{""broad_income"": 158004, ""taxable_income"": 119640}
```"
2026-06-08 14:30:22,41595.0,,158004.0,119640.25,0.3336748,0.3227803921473788,2,119640.0,158004.0,-0.0001278042527015434,0.0,google/gemma-4-26B-A4B-it,"```json
{""broad_income"": 158004, ""taxable_income"": 119640}
```"
2026-06-08 14:30:28,44181.0,,15000.0,400.0,0.253,0.2561144405650626,1,400.0,15000.0,-0.0,-0.0,google/gemma-4-26B-A4B-it,"```json
{""broad_income"": 15000, ""taxable_income"": 400}
```"
2026-06-08 14:30:28,44181.0,,15000.0,400.0,0.253,0.2561144405650626,2,400.0,15000.0,-0.0,-0.0,google/gemma-4-26B-A4B-it,"```json
{""broad_income"": 15000, ""taxable_income"": 400}
```"
2026-06-08 14:30:33,5411.0,,40060.0,25440.8,0.2825,0.2798635197713913,1,25441.0,40060.0,0.00213942279316094,0.0,google/gemma-4-26B-A4B-it,"```json
{""broad_income"": 40060, ""taxable_income"": 25441}
```"
2026-06-08 14:30:33,5411.0,,40060.0,25440.8,0.2825,0.2798635197713913,2,25441.0,40060.0,0.00213942279316094,0.0,google/gemma-4-26B-A4B-it,"```json
{""broad_income"": 40060, ""taxable_income"": 25441}
```"
2026-06-08 14:30:39,24438.0,,69000.0,54400.0,0.3522998,0.3324657869027313,1,54400.0,69000.0,0.0,0.0,google/gemma-4-26B-A4B-it,"```json
{""broad_income"": 69000, ""taxable_income"": 54400}
```"
2026-06-08 14:30:39,24438.0,,69000.0,54400.0,0.3522998,0.3324657869027313,2,54400.0,69000.0,0.0,0.0,google/gemma-4-26B-A4B-it,"```json
{""broad_income"": 69000, ""taxable_income"": 54400}
```"
2026-06-08 14:30:45,42685.0,,130711.0,151959.69,0.3316748,0.3451858411933675,1,151960.0,130711.0,-0.00010090956031201318,-0.0,google/gemma-4-26B-A4B-it,"```json
{""broad_income"": 130711, ""taxable_income"": 151960}
```"
2026-06-08 14:30:45,42685.0,,130711.0,151959.69,0.3316748,0.3451858411933675,2,151960.0,130711.0,-0.00010090956031201318,-0.0,google/gemma-4-26B-A4B-it,"```json
{""broad_income"": 130711, ""taxable_income"": 151960}
```"
2026-06-08 14:30:50,34925.0,,152885.0,123625.8,0.4004004,0.3948484445299597,1,123626.0,152885.0,0.00017471743326714944,0.0,google/gemma-4-26B-A4B-it,"```json
{""broad_income"": 152885, ""taxable_income"": 123626}
```"
2026-06-08 14:30:50,34925.0,,152885.0,123625.8,0.4004004,0.3948484445299597,2,123626.0,152885.0,0.00017471743326714944,0.0,google/gemma-4-26B-A4B-it,"```json
{""broad_income"": 152885, ""taxable_income"": 123626}
```"
2026-06-08 14:30:55,63802.0,,153600.0,108164.0,0.3022998,0.3091269892523064,1,108164.0,153600.0,-0.0,-0.0,google/gemma-4-26B-A4B-it,"```json
{""broad_income"": 153600, ""taxable_income"": 108164}
```"
2026-06-08 14:30:55,63802.0,,153600.0,108164.0,0.3022998,0.3091269892523064,2,108164.0,153600.0,-0.0,-0.0,google/gemma-4-26B-A4B-it,"```json
{""broad_income"": 153600, ""taxable_income"": 108164}
```"
2026-06-08 14:31:00,47768.0,,61000.0,39213.156,0.24400012,0.2434566645453389,1,39213.0,61000.0,-0.005534145532600132,0.0,google/gemma-4-26B-A4B-it,"```json
{""broad_income"": 61000, ""taxable_income"": 39213}
```"
2026-06-08 14:31:00,47768.0,,61000.0,39213.156,0.24400012,0.2434566645453389,2,39213.0,61000.0,-0.005534145532600132,0.0,google/gemma-4-26B-A4B-it,"```json
{""broad_income"": 61000, ""taxable_income"": 39213}
```"
2026-06-08 14:31:05,11129.0,,80000.0,50800.0,0.22719994,0.2021012631315778,1,50800.0,80000.0,0.0,0.0,google/gemma-4-26B-A4B-it,"```json
{""broad_income"": 80000, ""taxable_income"": 50800}
```"
2026-06-08 14:31:05,11129.0,,80000.0,50800.0,0.22719994,0.2021012631315778,2,50800.0,80000.0,0.0,0.0,google/gemma-4-26B-A4B-it,"```json
{""broad_income"": 80000, ""taxable_income"": 50800}
```"
2026-06-08 14:31:11,6604.0,,1264900.0,1184810.2,0.5007578,0.4983669890329641,1,1184810.0,1264900.0,-3.524903728951196e-05,0.0,google/gemma-4-26B-A4B-it,"```json
{""broad_income"": 1264900, ""taxable_income"": 1184810}
```"
2026-06-08 14:31:11,6604.0,,1264900.0,1184810.2,0.5007578,0.4983669890329641,2,1184810.0,1264900.0,-3.524903728951196e-05,0.0,google/gemma-4-26B-A4B-it,"```json
{""broad_income"": 1264900, ""taxable_income"": 1184810}
```"
2026-06-08 14:31:16,45316.0,,173800.0,131095.97,0.33549803,0.3347261575617466,1,131096.0,173800.0,0.00019700745133075656,0.0,google/gemma-4-26B-A4B-it,"```json
{""broad_income"": 173800, ""taxable_income"": 131096}
```"
2026-06-08 14:31:16,45316.0,,173800.0,131095.97,0.33549803,0.3347261575617466,2,131096.0,173800.0,0.00019700745133075656,0.0,google/gemma-4-26B-A4B-it,"```json
{""broad_income"": 173800, ""taxable_income"": 131096}
```"
2026-06-08 14:31:21,3571.0,,333901.0,282417.3,0.4235,0.4427695248970201,1,282417.0,333901.0,3.178031976524032e-05,-0.0,google/gemma-4-26B-A4B-it,"```json
{""broad_income"": 333901, ""taxable_income"": 282417}
```"
2026-06-08 14:31:21,3571.0,,333901.0,282417.3,0.4235,0.4427695248970201,2,282417.0,333901.0,3.178031976524032e-05,-0.0,google/gemma-4-26B-A4B-it,"```json
{""broad_income"": 333901, ""taxable_income"": 282417}
```"
2026-06-08 14:31:26,39455.0,,253610.0,221143.34,0.3655,0.3535514139853404,1,221143.0,253610.0,-8.164322745747938e-05,0.0,google/gemma-4-26B-A4B-it,"```json
{""broad_income"": 253610, ""taxable_income"": 221143}
```"
2026-06-08 14:31:26,39455.0,,253610.0,221143.34,0.3655,0.3535514139853404,2,221143.0,253610.0,-8.164322745747938e-05,0.0,google/gemma-4-26B-A4B-it,"```json
{""broad_income"": 253610, ""taxable_income"": 221143}
```"
2026-06-08 14:31:31,69547.0,,60010.0,30806.8,0.2095,0.1966401524840105,1,30807.0,60010.0,0.00039907034989020217,0.0,google/gemma-4-26B-A4B-it,"```json
{""broad_income"": 60010, ""taxable_income"": 30807}
```"
2026-06-08 14:31:31,69547.0,,60010.0,30806.8,0.2095,0.1966401524840105,2,30807.0,60010.0,0.00039907034989020217,0.0,google/gemma-4-26B-A4B-it,"```json
{""broad_income"": 60010, ""taxable_income"": 30807}
```"
2026-06-08 14:31:36,38959.0,,130200.0,100936.0,0.2965,0.2574061271784841,1,100936.0,130200.0,0.0,0.0,google/gemma-4-26B-A4B-it,"```json
{""broad_income"": 130200, ""taxable_income"": 100936}
```"
2026-06-08 14:31:36,38959.0,,130200.0,100936.0,0.2965,0.2574061271784841,2,100936.0,130200.0,0.0,0.0,google/gemma-4-26B-A4B-it,"```json
{""broad_income"": 130200, ""taxable_income"": 100936}
```"
2026-06-08 14:31:41,45499.0,,35030.0,20258.828,0.2355,0.2312999724060199,1,20259.0,35030.0,0.00154539490365212,0.0,google/gemma-4-26B-A4B-it,"```json
{""broad_income"": 35030, ""taxable_income"": 20259}
```"
2026-06-08 14:31:41,45499.0,,35030.0,20258.828,0.2355,0.2312999724060199,2,20259.0,35030.0,0.00154539490365212,0.0,google/gemma-4-26B-A4B-it,"```json
{""broad_income"": 35030, ""taxable_income"": 20259}
```"
2026-06-08 14:31:47,32120.0,,35005.0,12053.176,0.38230005,0.3784368818189201,1,12053.0,35005.0,-0.0023347754629237123,0.0,google/gemma-4-26B-A4B-it,"```json
{""broad_income"": 35005, ""taxable_income"": 12053}
```"
2026-06-08 14:31:47,32120.0,,35005.0,12053.176,0.38230005,0.3784368818189201,2,12053.0,35005.0,-0.0023347754629237123,0.0,google/gemma-4-26B-A4B-it,"```json
{""broad_income"": 35005, ""taxable_income"": 12053}
```"
2026-06-08 14:31:52,37393.0,,45002.0,14251.359,0.1765,0.1433752768005943,1,14251.0,45002.0,-0.0006262525595468475,0.0,google/gemma-4-26B-A4B-it,"```json
{""broad_income"": 45002, ""taxable_income"": 14251}
```"
2026-06-08 14:31:52,37393.0,,45002.0,14251.359,0.1765,0.1433752768005943,2,14251.0,45002.0,-0.0006262525595468475,0.0,google/gemma-4-26B-A4B-it,"```json
{""broad_income"": 45002, ""taxable_income"": 14251}
```"
2026-06-08 14:31:57,69633.0,,100004.0,69252.72,0.2695,0.2712382803543429,1,69253.0,100004.0,-0.0016991103841792492,-0.0,google/gemma-4-26B-A4B-it,"```json
{""broad_income"": 100004, ""taxable_income"": 69253}
```"
2026-06-08 14:31:57,69633.0,,100004.0,69252.72,0.2695,0.2712382803543429,2,72751.0,100004.0,-21.22844240996891,-0.0,google/gemma-4-26B-A4B-it,"```json
{""broad_income"": 100004, ""taxable_income"": 72751}
```"
2026-06-08 14:32:02,25923.0,,87000.0,57800.0,0.24399999,0.2387080152923113,1,57800.0,87000.0,0.0,0.0,google/gemma-4-26B-A4B-it,"```json
{""broad_income"": 87000, ""taxable_income"": 57800}
```"
2026-06-08 14:32:02,25923.0,,87000.0,57800.0,0.24399999,0.2387080152923113,2,57800.0,87000.0,0.0,0.0,google/gemma-4-26B-A4B-it,"```json
{""broad_income"": 87000, ""taxable_income"": 57800}
```"
2026-06-08 14:32:07,70788.0,,39010.0,23356.578,0.2495,0.2380072695653572,1,23357.0,39010.0,0.0011798606393438442,0.0,google/gemma-4-26B-A4B-it,"```json
{""broad_income"": 39010, ""taxable_income"": 23357}
```"
2026-06-08 14:32:07,70788.0,,39010.0,23356.578,0.2495,0.2380072695653572,2,23357.0,39010.0,0.0011798606393438442,0.0,google/gemma-4-26B-A4B-it,"```json
{""broad_income"": 39010, ""taxable_income"": 23357}
```"
2026-06-08 14:32:14,67393.0,,45004.0,30402.719,0.0,-0.0046761271977902,1,30403.0,45004.0,0.0019765489681351995,0.0,google/gemma-4-26B-A4B-it,"```json
{""broad_income"": 45004, ""taxable_income"": 30403}
```"
2026-06-08 14:32:14,67393.0,,45004.0,30402.719,0.0,-0.0046761271977902,2,30403.0,45004.0,0.0019765489681351995,0.0,google/gemma-4-26B-A4B-it,"```json
{""broad_income"": 45004, ""taxable_income"": 30403}
```"
2026-06-08 14:32:19,12937.0,,195021.0,179637.92,0.3515,0.3586975987779283,1,179638.0,195021.0,-4.012493259200742e-05,-0.0,google/gemma-4-26B-A4B-it,"```json
{""broad_income"": 195021, ""taxable_income"": 179638}
```"
2026-06-08 14:32:19,12937.0,,195021.0,179637.92,0.3515,0.3586975987779283,2,179638.0,195021.0,-4.012493259200742e-05,-0.0,google/gemma-4-26B-A4B-it,"```json
{""broad_income"": 195021, ""taxable_income"": 179638}
```"
2026-06-08 14:32:24,6541.0,,30001.0,800.0,0.24556994,0.2419003656216509,1,800.0,30001.0,0.0,0.0,google/gemma-4-26B-A4B-it,"```json
{""broad_income"": 30001, ""taxable_income"": 800}
```"
2026-06-08 14:32:24,6541.0,,30001.0,800.0,0.24556994,0.2419003656216509,2,800.0,30001.0,0.0,0.0,google/gemma-4-26B-A4B-it,"```json
{""broad_income"": 30001, ""taxable_income"": 800}
```"
2026-06-08 14:32:43,2939.0,,183800.0,141744.95,0.3465,0.3630573687105638,1,141745.0,183800.0,-1.3922482511464608e-05,-0.0,google/gemma-4-26B-A4B-it,"```json
{""broad_income"": 183800, ""taxable_income"": 141745}
```"
2026-06-08 14:32:43,2939.0,,183800.0,141744.95,0.3465,0.3630573687105638,2,141745.0,183800.0,-1.3922482511464608e-05,-0.0,google/gemma-4-26B-A4B-it,"```json
{""broad_income"": 183800, ""taxable_income"": 141745}
```"
2026-06-08 14:32:48,7808.0,,43173.0,41414.29,0.3435,0.3413140220263021,1,41414.0,43173.0,-0.0021029876702309035,0.0,google/gemma-4-26B-A4B-it,"```json
{""broad_income"": 43173, ""taxable_income"": 41414}
```"
2026-06-08 14:32:48,7808.0,,43173.0,41414.29,0.3435,0.3413140220263021,2,41414.0,43173.0,-0.0021029876702309035,0.0,google/gemma-4-26B-A4B-it,"```json
{""broad_income"": 43173, ""taxable_income"": 41414}
```"
2026-06-08 14:32:53,49416.0,,29515.0,14910.199,0.1965,0.2104413166887783,1,14910.0,29515.0,0.0007692220501125882,-0.0,google/gemma-4-26B-A4B-it,"```json
{""broad_income"": 29515, ""taxable_income"": 14910}
```"
2026-06-08 14:32:53,49416.0,,29515.0,14910.199,0.1965,0.2104413166887783,2,14910.0,29515.0,0.0007692220501125882,-0.0,google/gemma-4-26B-A4B-it,"```json
{""broad_income"": 29515, ""taxable_income"": 14910}
```"
2026-06-08 14:32:58,6655.0,,23001.0,8400.68,0.26683986,0.2446053610908289,1,8401.0,23001.0,0.0012560503117067915,0.0,google/gemma-4-26B-A4B-it,"```json
{""broad_income"": 23001, ""taxable_income"": 8401}
```"
2026-06-08 14:32:58,6655.0,,23001.0,8400.68,0.26683986,0.2446053610908289,2,8401.0,23001.0,0.0012560503117067915,0.0,google/gemma-4-26B-A4B-it,"```json
{""broad_income"": 23001, ""taxable_income"": 8401}
```"
2026-06-08 14:33:03,19060.0,,130030.0,105726.03,0.39499998,0.4176050551779156,1,105726.0,130030.0,7.594317731054181e-06,-0.0,google/gemma-4-26B-A4B-it,"```json
{""broad_income"": 130030, ""taxable_income"": 105726}
```"
2026-06-08 14:33:03,19060.0,,130030.0,105726.03,0.39499998,0.4176050551779156,2,105726.0,130030.0,7.594317731054181e-06,-0.0,google/gemma-4-26B-A4B-it,"```json
{""broad_income"": 130030, ""taxable_income"": 105726}
```"
2026-06-08 14:33:08,63087.0,,45035.0,26632.777,0.20230004,0.2133688572337146,1,26633.0,45035.0,-0.0006034298144397892,-0.0,google/gemma-4-26B-A4B-it,"```json
{""broad_income"": 45035, ""taxable_income"": 26633}
```"
2026-06-08 14:33:08,63087.0,,45035.0,26632.777,0.20230004,0.2133688572337146,2,26633.0,45035.0,-0.0006034298144397892,-0.0,google/gemma-4-26B-A4B-it,"```json
{""broad_income"": 45035, ""taxable_income"": 26633}
```"
2026-06-08 14:33:13,3311.0,,20000.0,5400.0,0.222675,0.2153098871591505,1,5400.0,20000.0,0.0,0.0,google/gemma-4-26B-A4B-it,"```json
{""broad_income"": 20000, ""taxable_income"": 5400}
```"
2026-06-08 14:33:13,3311.0,,20000.0,5400.0,0.222675,0.2153098871591505,2,5400.0,20000.0,0.0,0.0,google/gemma-4-26B-A4B-it,"```json
{""broad_income"": 20000, ""taxable_income"": 5400}
```"
2026-06-08 14:33:18,60445.0,,100751.0,78610.68,0.355,0.3292554339587693,1,78611.0,100751.0,0.00010198647099965542,0.0,google/gemma-4-26B-A4B-it,"```json
{""broad_income"": 100751, ""taxable_income"": 78611}
```"
2026-06-08 14:33:18,60445.0,,100751.0,78610.68,0.355,0.3292554339587693,2,78611.0,100751.0,0.00010198647099965542,0.0,google/gemma-4-26B-A4B-it,"```json
{""broad_income"": 100751, ""taxable_income"": 78611}
```"
2026-06-08 14:33:23,17152.0,,135208.0,91649.21,0.239,0.2402498340613131,1,91649.0,135208.0,0.0013951563161388569,-0.0,google/gemma-4-26B-A4B-it,"```json
{""broad_income"": 135208, ""taxable_income"": 91649}
```"
2026-06-08 14:33:23,17152.0,,135208.0,91649.21,0.239,0.2402498340613131,2,91649.0,135208.0,0.0013951563161388569,-0.0,google/gemma-4-26B-A4B-it,"```json
{""broad_income"": 135208, ""taxable_income"": 91649}
```"
2026-06-08 14:33:28,8990.0,,79700.0,50372.0,0.22148998,0.2322210301730782,1,50372.0,79700.0,-0.0,-0.0,google/gemma-4-26B-A4B-it,"```json
{""broad_income"": 79700, ""taxable_income"": 50372}
```"
2026-06-08 14:33:28,8990.0,,79700.0,50372.0,0.22148998,0.2322210301730782,2,50372.0,79700.0,-0.0,-0.0,google/gemma-4-26B-A4B-it,"```json
{""broad_income"": 79700, ""taxable_income"": 50372}
```"
2026-06-08 14:33:33,50157.0,,20005.0,5403.08,0.1765,0.1368465186880157,1,5403.0,20005.0,-0.0003074899112188581,0.0,google/gemma-4-26B-A4B-it,"```json
{""broad_income"": 20005, ""taxable_income"": 5403}
```"
2026-06-08 14:33:33,50157.0,,20005.0,5403.08,0.1765,0.1368465186880157,2,5403.0,20005.0,-0.0003074899112188581,0.0,google/gemma-4-26B-A4B-it,"```json
{""broad_income"": 20005, ""taxable_income"": 5403}
```"
2026-06-08 14:33:38,43096.0,,28000.0,13400.0,0.2435,0.2703958014888699,1,13400.0,28000.0,-0.0,-0.0,google/gemma-4-26B-A4B-it,"```json
{""broad_income"": 28000, ""taxable_income"": 13400}
```"
2026-06-08 14:33:38,43096.0,,28000.0,13400.0,0.2435,0.2703958014888699,2,13400.0,28000.0,-0.0,-0.0,google/gemma-4-26B-A4B-it,"```json
{""broad_income"": 28000, ""taxable_income"": 13400}
```"
2026-06-08 14:33:43,65506.0,,100200.0,70936.0,0.2695,0.308571976099167,1,74340.0,100200.0,-0.8971761078325214,-0.0,google/gemma-4-26B-A4B-it,"```json
{""broad_income"": 100200, ""taxable_income"": 74340}
```"
2026-06-08 14:33:43,65506.0,,100200.0,70936.0,0.2695,0.308571976099167,2,73115.0,100200.0,-0.5743086777224042,-0.0,google/gemma-4-26B-A4B-it,"```json
{""broad_income"": 100200, ""taxable_income"": 73115}
```"
2026-06-08 14:33:48,52197.0,,70000.0,48100.0,0.1965,0.1876124194144034,1,48100.0,70000.0,0.0,0.0,google/gemma-4-26B-A4B-it,"```json
{""broad_income"": 70000, ""taxable_income"": 48100}
```"
2026-06-08 14:33:48,52197.0,,70000.0,48100.0,0.1965,0.1876124194144034,2,48100.0,70000.0,0.0,0.0,google/gemma-4-26B-A4B-it,"```json
{""broad_income"": 70000, ""taxable_income"": 48100}
```"
2026-06-08 14:33:53,59698.0,,41100.0,26308.0,0.2215,0.2312101447511075,1,26308.0,41100.0,-0.0,-0.0,google/gemma-4-26B-A4B-it,"```json
{""broad_income"": 41100, ""taxable_income"": 26308}
```"
2026-06-08 14:33:53,59698.0,,41100.0,26308.0,0.2215,0.2312101447511075,2,26308.0,41100.0,-0.0,-0.0,google/gemma-4-26B-A4B-it,"```json
{""broad_income"": 41100, ""taxable_income"": 26308}
```"
2026-06-08 14:33:58,17175.0,,46000.0,29450.0,0.271,0.2893764147549518,1,29450.0,46000.0,-0.0,-0.0,google/gemma-4-26B-A4B-it,"```json
{""broad_income"": 46000, ""taxable_income"": 29450}
```"
2026-06-08 14:33:58,17175.0,,46000.0,29450.0,0.271,0.2893764147549518,2,29450.0,46000.0,-0.0,-0.0,google/gemma-4-26B-A4B-it,"```json
{""broad_income"": 46000, ""taxable_income"": 29450}
```"
2026-06-08 14:34:03,12000.0,,146470.0,116363.59,0.32975,0.3177748835398575,1,116364.0,146470.0,0.00019720767920707226,0.0,google/gemma-4-26B-A4B-it,"```json
{""broad_income"": 146470, ""taxable_income"": 116364}
```"
2026-06-08 14:34:03,12000.0,,146470.0,116363.59,0.32975,0.3177748835398575,2,116364.0,146470.0,0.00019720767920707226,0.0,google/gemma-4-26B-A4B-it,"```json
{""broad_income"": 146470, ""taxable_income"": 116364}
```"
2026-06-08 14:34:08,53122.0,,103066.0,73844.88,0.1965,0.1915877014438236,1,73845.0,103066.0,0.0002658042886675796,0.0,google/gemma-4-26B-A4B-it,"```json
{""broad_income"": 103066, ""taxable_income"": 73845}
```"
2026-06-08 14:34:08,53122.0,,103066.0,73844.88,0.1965,0.1915877014438236,2,73845.0,103066.0,0.0002658042886675796,0.0,google/gemma-4-26B-A4B-it,"```json
{""broad_income"": 103066, ""taxable_income"": 73845}
```"
2026-06-08 14:34:13,59851.0,,1251050.0,1221514.0,0.4185,0.4266427499171361,1,1221514.0,1251050.0,-0.0,-0.0,google/gemma-4-26B-A4B-it,"```json
{""broad_income"": 1251050, ""taxable_income"": 1221514}
```"
2026-06-08 14:34:13,59851.0,,1251050.0,1221514.0,0.4185,0.4266427499171361,2,1251050.0,1251050.0,-1.726759494941748,-0.0,google/gemma-4-26B-A4B-it,"```json
{""broad_income"": 1251050, ""taxable_income"": 1251050}
```"
2026-06-08 14:34:18,72298.0,,97863.0,72972.48,0.4025,0.4213217532740598,1,72972.0,97863.0,0.0002088141692208601,-0.0,google/gemma-4-26B-A4B-it,"```json
{""broad_income"": 97863, ""taxable_income"": 72972}
```"
2026-06-08 14:34:18,72298.0,,97863.0,72972.48,0.4025,0.4213217532740598,2,72972.0,97863.0,0.0002088141692208601,-0.0,google/gemma-4-26B-A4B-it,"```json
{""broad_income"": 97863, ""taxable_income"": 72972}
```"
2026-06-08 14:34:23,28427.0,,126500.0,95120.34,0.354,0.3397549989818366,1,95120.0,126500.0,-0.00016209721618455367,0.0,google/gemma-4-26B-A4B-it,"```json
{""broad_income"": 126500, ""taxable_income"": 95120}
```"
2026-06-08 14:34:23,28427.0,,126500.0,95120.34,0.354,0.3397549989818366,2,95120.0,126500.0,-0.00016209721618455367,0.0,google/gemma-4-26B-A4B-it,"```json
{""broad_income"": 126500, ""taxable_income"": 95120}
```"
2026-06-08 14:34:28,24197.0,,30929.0,27688.969,0.3135,0.3022497202060072,1,27689.0,30929.0,6.83175253873096e-05,0.0,google/gemma-4-26B-A4B-it,"```json
{""broad_income"": 30929, ""taxable_income"": 27689}
```"
2026-06-08 14:34:28,24197.0,,30929.0,27688.969,0.3135,0.3022497202060072,2,27689.0,30929.0,6.83175253873096e-05,0.0,google/gemma-4-26B-A4B-it,"```json
{""broad_income"": 30929, ""taxable_income"": 27689}
```"
2026-06-08 14:34:34,57240.0,,35000.0,20400.0,0.0,0.0024763254294846,1,20400.0,35000.0,-0.0,-0.0,google/gemma-4-26B-A4B-it,"{""broad_income"": 35000, ""taxable_income"": 20400}"
2026-06-08 14:34:34,57240.0,,35000.0,20400.0,0.0,0.0024763254294846,2,20400.0,35000.0,-0.0,-0.0,google/gemma-4-26B-A4B-it,"```json
{""broad_income"": 35000, ""taxable_income"": 20400}
```"
2026-06-08 14:34:39,20361.0,,40677.0,22952.047,0.24469995,0.2090134167889061,1,22952.0,40677.0,-4.3340267409523115e-05,0.0,google/gemma-4-26B-A4B-it,"```json
{""broad_income"": 40677, ""taxable_income"": 22952}
```"
2026-06-08 14:34:39,20361.0,,40677.0,22952.047,0.24469995,0.2090134167889061,2,22952.0,40677.0,-4.3340267409523115e-05,0.0,google/gemma-4-26B-A4B-it,"```json
{""broad_income"": 40677, ""taxable_income"": 22952}
```"
2026-06-08 14:34:44,68962.0,,63000.0,48400.0,0.38950002,0.4056156651697333,1,48400.0,63000.0,-0.0,-0.0,google/gemma-4-26B-A4B-it,"```json
{""broad_income"": 63000, ""taxable_income"": 48400}
```"
2026-06-08 14:34:44,68962.0,,63000.0,48400.0,0.38950002,0.4056156651697333,2,48400.0,63000.0,-0.0,-0.0,google/gemma-4-26B-A4B-it,"```json
{""broad_income"": 63000, ""taxable_income"": 48400}
```"
2026-06-08 14:34:49,63959.0,,97000.0,63346.25,0.2805,0.3074237056466465,1,63346.0,97000.0,0.00010546662844122293,-0.0,google/gemma-4-26B-A4B-it,"```json
{""broad_income"": 97000, ""taxable_income"": 63346}
```"
2026-06-08 14:34:49,63959.0,,97000.0,63346.25,0.2805,0.3074237056466465,2,63346.0,97000.0,0.00010546662844122293,-0.0,google/gemma-4-26B-A4B-it,"```json
{""broad_income"": 97000, ""taxable_income"": 63346}
```"
2026-06-08 14:34:54,29255.0,,46000.0,29450.0,0.254,0.2667931286924129,1,29450.0,46000.0,-0.0,-0.0,google/gemma-4-26B-A4B-it,"```json
{""broad_income"": 46000, ""taxable_income"": 29450}
```"
2026-06-08 14:34:54,29255.0,,46000.0,29450.0,0.254,0.2667931286924129,2,29450.0,46000.0,-0.0,-0.0,google/gemma-4-26B-A4B-it,"```json
{""broad_income"": 46000, ""taxable_income"": 29450}
```"
2026-06-08 14:34:59,53129.0,,32000.0,17400.0,0.1965,0.1974151908416367,1,17400.0,32000.0,-0.0,-0.0,google/gemma-4-26B-A4B-it,"```json
{""broad_income"": 32000, ""taxable_income"": 17400}
```"
2026-06-08 14:34:59,53129.0,,32000.0,17400.0,0.1965,0.1974151908416367,2,17400.0,32000.0,-0.0,-0.0,google/gemma-4-26B-A4B-it,"```json
{""broad_income"": 32000, ""taxable_income"": 17400}
```"
2026-06-08 14:35:04,53596.0,,30000.0,15400.0,0.2435,0.2388838098973777,1,15400.0,30000.0,0.0,0.0,google/gemma-4-26B-A4B-it,"```json
{""broad_income"": 30000, ""taxable_income"": 15400}
```"
2026-06-08 14:35:04,53596.0,,30000.0,15400.0,0.2435,0.2388838098973777,2,15400.0,30000.0,0.0,0.0,google/gemma-4-26B-A4B-it,"```json
{""broad_income"": 30000, ""taxable_income"": 15400}
```"
2026-06-08 14:35:10,8261.0,,30000.0,10624.455,-0.2739361,-0.2662761717351711,1,10624.0,30000.0,0.0071224215979886546,-0.0,google/gemma-4-26B-A4B-it,"```json
{""broad_income"": 30000, ""taxable_income"": 10624}
```"
2026-06-08 14:35:10,8261.0,,30000.0,10624.455,-0.2739361,-0.2662761717351711,2,10624.0,30000.0,0.0071224215979886546,-0.0,google/gemma-4-26B-A4B-it,"```json
{""broad_income"": 30000, ""taxable_income"": 10624}
```"
2026-06-08 14:35:15,67204.0,,190503.0,161302.03,0.4025,0.3972179956608433,1,161302.0,190503.0,-2.1038781227850085e-05,0.0,google/gemma-4-26B-A4B-it,"```json
{""broad_income"": 190503, ""taxable_income"": 161302}
```"
2026-06-08 14:35:15,67204.0,,190503.0,161302.03,0.4025,0.3972179956608433,2,161302.0,190503.0,-2.1038781227850085e-05,0.0,google/gemma-4-26B-A4B-it,"```json
{""broad_income"": 190503, ""taxable_income"": 161302}
```"
2026-06-08 14:35:20,35040.0,,33442.0,11541.359,0.10040002,0.1281113677431654,1,11541.0,33442.0,0.0010097858652737682,-0.0,google/gemma-4-26B-A4B-it,"```json
{""broad_income"": 33442, ""taxable_income"": 11541}
```"
2026-06-08 14:35:20,35040.0,,33442.0,11541.359,0.10040002,0.1281113677431654,2,11541.0,33442.0,0.0010097858652737682,-0.0,google/gemma-4-26B-A4B-it,"```json
{""broad_income"": 33442, ""taxable_income"": 11541}
```"
2026-06-08 14:35:25,61574.0,,72675.0,58149.1,0.29850096,0.2727184688471585,1,58149.0,72675.0,-4.6790663788608536e-05,0.0,google/gemma-4-26B-A4B-it,"```json
{""broad_income"": 72675, ""taxable_income"": 58149}
```"
2026-06-08 14:35:25,61574.0,,72675.0,58149.1,0.29850096,0.2727184688471585,2,58149.0,72675.0,-4.6790663788608536e-05,0.0,google/gemma-4-26B-A4B-it,"```json
{""broad_income"": 72675, ""taxable_income"": 58149}
```"
2026-06-08 14:35:30,19116.0,,105802.0,76345.36,0.3845,0.3857628307012213,1,76345.0,105802.0,0.0022982791600213094,-0.0,google/gemma-4-26B-A4B-it,"```json
{""broad_income"": 105802, ""taxable_income"": 76345}
```"
2026-06-08 14:35:30,19116.0,,105802.0,76345.36,0.3845,0.3857628307012213,2,76345.0,105802.0,0.0022982791600213094,-0.0,google/gemma-4-26B-A4B-it,"```json
{""broad_income"": 105802, ""taxable_income"": 76345}
```"
2026-06-08 14:35:35,66697.0,,75000.0,33927.125,0.2675051,0.2467563397179539,1,33927.0,75000.0,-0.00013006948066486437,0.0,google/gemma-4-26B-A4B-it,"```json
{""broad_income"": 75000, ""taxable_income"": 33927}
```"
2026-06-08 14:35:35,66697.0,,75000.0,33927.125,0.2675051,0.2467563397179539,2,33927.0,75000.0,-0.00013006948066486437,0.0,google/gemma-4-26B-A4B-it,"```json
{""broad_income"": 75000, ""taxable_income"": 33927}
```"
2026-06-08 14:35:41,26035.0,,70160.0,53085.21,0.34399998,0.3383551376882421,1,53085.0,70160.0,-0.00045972465248169704,0.0,google/gemma-4-26B-A4B-it,"```json
{""broad_income"": 70160, ""taxable_income"": 53085}
```"
2026-06-08 14:35:41,26035.0,,70160.0,53085.21,0.34399998,0.3383551376882421,2,53085.0,70160.0,-0.00045972465248169704,0.0,google/gemma-4-26B-A4B-it,"```json
{""broad_income"": 70160, ""taxable_income"": 53085}
```"
2026-06-08 14:35:46,2386.0,,111086.0,73579.08,0.24650049,0.2378470971502412,1,73579.0,111086.0,-9.46743184815758e-05,0.0,google/gemma-4-26B-A4B-it,"```json
{""broad_income"": 111086, ""taxable_income"": 73579}
```"
2026-06-08 14:35:46,2386.0,,111086.0,73579.08,0.24650049,0.2378470971502412,2,73579.0,111086.0,-9.46743184815758e-05,0.0,google/gemma-4-26B-A4B-it,"```json
{""broad_income"": 111086, ""taxable_income"": 73579}
```"
2026-06-08 14:35:51,67394.0,,40004.0,18102.719,0.0,-0.014346113769476,1,18103.0,41907.0,0.001082002437588591,3.3158975134378745,google/gemma-4-26B-A4B-it,"```json
{""broad_income"": 41907, ""taxable_income"": 18103}
```"
2026-06-08 14:35:51,67394.0,,40004.0,18102.719,0.0,-0.014346113769476,2,18103.0,41907.0,0.001082002437588591,3.3158975134378745,google/gemma-4-26B-A4B-it,"```json
{""broad_income"": 41907, ""taxable_income"": 18103}
```"
2026-06-08 14:36:01,7643.0,,112304.0,73542.734,0.28741065,0.2793900052364437,1,73543.0,112304.0,0.0003213452695802729,0.0,google/gemma-4-26B-A4B-it,"```json
{""broad_income"": 112304, ""taxable_income"": 73543}
```"
2026-06-08 14:36:01,7643.0,,112304.0,73542.734,0.28741065,0.2793900052364437,2,73543.0,112304.0,0.0003213452695802729,0.0,google/gemma-4-26B-A4B-it,"```json
{""broad_income"": 112304, ""taxable_income"": 73543}
```"
2026-06-08 14:36:06,19071.0,,62010.0,21501.312,0.26566967,0.253775128097305,1,21501.0,62010.0,-0.0008958460403784949,0.0,google/gemma-4-26B-A4B-it,"```json
{""broad_income"": 62010, ""taxable_income"": 21501}
```"
2026-06-08 14:36:06,19071.0,,62010.0,21501.312,0.26566967,0.253775128097305,2,21501.0,62010.0,-0.0008958460403784949,0.0,google/gemma-4-26B-A4B-it,"```json
{""broad_income"": 62010, ""taxable_income"": 21501}
```"
2026-06-08 14:36:11,70109.0,,241540.0,192538.47,0.4025,0.382312268330821,1,192538.0,241540.0,-7.224881487942514e-05,0.0,google/gemma-4-26B-A4B-it,"```json
{""broad_income"": 241540, ""taxable_income"": 192538}
```"
2026-06-08 14:36:11,70109.0,,241540.0,192538.47,0.4025,0.382312268330821,2,192538.0,241540.0,-7.224881487942514e-05,0.0,google/gemma-4-26B-A4B-it,"```json
{""broad_income"": 241540, ""taxable_income"": 192538}
```"
2026-06-08 14:36:16,70132.0,,17001.0,2610.7998,0.19884765,0.1949018816612402,1,2611.0,17001.0,0.015569477193125703,0.0,google/gemma-4-26B-A4B-it,"```json
{""broad_income"": 17001, ""taxable_income"": 2611}
```"
2026-06-08 14:36:16,70132.0,,17001.0,2610.7998,0.19884765,0.1949018816612402,2,2611.0,17001.0,0.015569477193125703,0.0,google/gemma-4-26B-A4B-it,"```json
{""broad_income"": 17001, ""taxable_income"": 2611}
```"
2026-06-08 14:36:21,38881.0,,133227.0,98147.17,0.2965,0.2839191951096292,1,98147.0,133227.0,-9.685606356936571e-05,0.0,google/gemma-4-26B-A4B-it,"```json
{""broad_income"": 133227, ""taxable_income"": 98147}
```"
2026-06-08 14:36:21,38881.0,,133227.0,98147.17,0.2965,0.2839191951096292,2,98147.0,133227.0,-9.685606356936571e-05,0.0,google/gemma-4-26B-A4B-it,"```json
{""broad_income"": 133227, ""taxable_income"": 98147}
```"
2026-06-08 14:36:26,43628.0,,264074.0,181942.31,0.3635,0.364926317789328,1,181942.0,264074.0,0.0007603439569491207,-0.0,google/gemma-4-26B-A4B-it,"```json
{""broad_income"": 264074, ""taxable_income"": 181942}
```"
2026-06-08 14:36:26,43628.0,,264074.0,181942.31,0.3635,0.364926317789328,2,181942.0,264074.0,0.0007603439569491207,-0.0,google/gemma-4-26B-A4B-it,"```json
{""broad_income"": 264074, ""taxable_income"": 181942}
```"
2026-06-08 14:36:31,31607.0,,40000.0,6379.2715,0.18393415,0.1540180886300514,1,6379.0,40000.0,-0.0011609660949909164,0.0,google/gemma-4-26B-A4B-it,"```json
{""broad_income"": 40000, ""taxable_income"": 6379}
```"
2026-06-08 14:36:31,31607.0,,40000.0,6379.2715,0.18393415,0.1540180886300514,2,6379.0,40000.0,-0.0011609660949909164,0.0,google/gemma-4-26B-A4B-it,"```json
{""broad_income"": 40000, ""taxable_income"": 6379}
```"
2026-06-08 14:36:36,17702.0,,40000.0,30800.0,0.239,0.2517601368843976,1,30800.0,40000.0,-0.0,-0.0,google/gemma-4-26B-A4B-it,"```json
{""broad_income"": 40000, ""taxable_income"": 30800}
```"
2026-06-08 14:36:36,17702.0,,40000.0,30800.0,0.239,0.2517601368843976,2,30800.0,40000.0,-0.0,-0.0,google/gemma-4-26B-A4B-it,"```json
{""broad_income"": 40000, ""taxable_income"": 30800}
```"
2026-06-08 14:36:41,19507.0,,210062.0,183813.11,0.37314552,0.3442773341319806,1,183813.0,210062.0,-1.2994615786519123e-05,0.0,google/gemma-4-26B-A4B-it,"```json
{""broad_income"": 210062, ""taxable_income"": 183813}
```"
2026-06-08 14:36:41,19507.0,,210062.0,183813.11,0.37314552,0.3442773341319806,2,183813.0,210062.0,-1.2994615786519123e-05,0.0,google/gemma-4-26B-A4B-it,"```json
{""broad_income"": 210062, ""taxable_income"": 183813}
```"
2026-06-08 14:36:46,48893.0,,15000.0,400.0,0.1765,0.1773262997835317,1,400.0,15000.0,-0.0,-0.0,google/gemma-4-26B-A4B-it,"```json
{""broad_income"": 15000, ""taxable_income"": 400}
```"
2026-06-08 14:36:46,48893.0,,15000.0,400.0,0.1765,0.1773262997835317,2,400.0,15000.0,-0.0,-0.0,google/gemma-4-26B-A4B-it,"```json
{""broad_income"": 15000, ""taxable_income"": 400}
```"
2026-06-08 14:36:50,53237.0,,196025.0,164878.12,0.2965,0.3212189981702574,1,164878.0,196025.0,2.0713403034656694e-05,-0.0,google/gemma-4-26B-A4B-it,"```json
{""broad_income"": 196025, ""taxable_income"": 164878}
```"
2026-06-08 14:36:50,53237.0,,196025.0,164878.12,0.2965,0.3212189981702574,2,164878.0,196025.0,2.0713403034656694e-05,-0.0,google/gemma-4-26B-A4B-it,"```json
{""broad_income"": 196025, ""taxable_income"": 164878}
```"
2026-06-08 14:36:55,59085.0,,32000.0,17400.0,0.0,-0.003207744208465,1,17400.0,32000.0,0.0,0.0,google/gemma-4-26B-A4B-it,"```json
{""broad_income"": 32000, ""taxable_income"": 17400}
```"
2026-06-08 14:36:55,59085.0,,32000.0,17400.0,0.0,-0.003207744208465,2,17400.0,32000.0,0.0,0.0,google/gemma-4-26B-A4B-it,"{""broad_income"": 32000, ""taxable_income"": 17400}"
2026-06-08 14:37:01,58964.0,,66341.0,35921.848,0.22149938,0.2346421579759593,1,35922.0,66341.0,-0.00025064365127801003,-0.0,google/gemma-4-26B-A4B-it,"```json
{""broad_income"": 66341, ""taxable_income"": 35922}
```"
2026-06-08 14:37:01,58964.0,,66341.0,35921.848,0.22149938,0.2346421579759593,2,35922.0,66341.0,-0.00025064365127801003,-0.0,google/gemma-4-26B-A4B-it,"```json
{""broad_income"": 66341, ""taxable_income"": 35922}
```"
2026-06-08 14:37:05,7632.0,,41600.0,19700.0,0.20229176,0.1853496143257895,1,19700.0,41600.0,0.0,0.0,google/gemma-4-26B-A4B-it,"```json
{""broad_income"": 41600, ""taxable_income"": 19700}
```"
2026-06-08 14:37:05,7632.0,,41600.0,19700.0,0.20229176,0.1853496143257895,2,19700.0,41600.0,0.0,0.0,google/gemma-4-26B-A4B-it,"```json
{""broad_income"": 41600, ""taxable_income"": 19700}
```"
2026-06-08 14:37:10,34540.0,,85064.0,55906.242,0.2985,0.3098525309471527,1,55906.0,85064.0,0.00026747921919685223,-0.0,google/gemma-4-26B-A4B-it,"```json
{""broad_income"": 85064, ""taxable_income"": 55906}
```"
2026-06-08 14:37:10,34540.0,,85064.0,55906.242,0.2985,0.3098525309471527,2,55906.0,85064.0,0.00026747921919685223,-0.0,google/gemma-4-26B-A4B-it,"```json
{""broad_income"": 85064, ""taxable_income"": 55906}
```"
2026-06-08 14:37:15,5918.0,,55000.0,40400.0,0.2515,0.2598028245519155,1,40400.0,55000.0,-0.0,-0.0,google/gemma-4-26B-A4B-it,"```json
{""broad_income"": 55000, ""taxable_income"": 40400}
```"
2026-06-08 14:37:15,5918.0,,55000.0,40400.0,0.2515,0.2598028245519155,2,40400.0,55000.0,-0.0,-0.0,google/gemma-4-26B-A4B-it,"```json
{""broad_income"": 55000, ""taxable_income"": 40400}
```"
2026-06-08 14:37:21,37612.0,,23000.0,8400.0,0.1765,0.2144963719137869,1,7560.0,23000.0,2.1673121893545706,-0.0,google/gemma-4-26B-A4B-it,"```json
{""broad_income"": 23000, ""taxable_income"": 7560}
```"
2026-06-08 14:37:21,37612.0,,23000.0,8400.0,0.1765,0.2144963719137869,2,7560.0,23000.0,2.1673121893545706,-0.0,google/gemma-4-26B-A4B-it,"```json
{""broad_income"": 23000, ""taxable_income"": 7560}
```"
2026-06-08 14:37:26,31196.0,,32060.0,17053.025,0.24249999,0.2510173118543043,1,17053.0,32060.0,0.00013038215775333485,-0.0,google/gemma-4-26B-A4B-it,"```json
{""broad_income"": 32060, ""taxable_income"": 17053}
```"
2026-06-08 14:37:26,31196.0,,32060.0,17053.025,0.24249999,0.2510173118543043,2,17053.0,32060.0,0.00013038215775333485,-0.0,google/gemma-4-26B-A4B-it,"```json
{""broad_income"": 32060, ""taxable_income"": 17053}
```"
2026-06-08 14:37:31,66110.0,,51800.0,13877.637,0.23404834,0.2790844201265094,1,13878.0,51800.0,-0.0004448687301533407,-0.0,google/gemma-4-26B-A4B-it,"```json
{""broad_income"": 51800, ""taxable_income"": 13878}
```"
2026-06-08 14:37:31,66110.0,,51800.0,13877.637,0.23404834,0.2790844201265094,2,13878.0,51800.0,-0.0004448687301533407,-0.0,google/gemma-4-26B-A4B-it,"```json
{""broad_income"": 51800, ""taxable_income"": 13878}
```"
2026-06-08 14:37:36,20988.0,,71000.0,41800.0,0.24363598,0.2730009613131232,1,38500.0,71000.0,2.0334747810884046,-0.0,google/gemma-4-26B-A4B-it,"```json
{""broad_income"": 71000, ""taxable_income"": 38500}
```"
2026-06-08 14:37:36,20988.0,,71000.0,41800.0,0.24363598,0.2730009613131232,2,38500.0,71000.0,2.0334747810884046,-0.0,google/gemma-4-26B-A4B-it,"```json
{""broad_income"": 71000, ""taxable_income"": 38500}
```"
2026-06-08 14:37:41,8932.0,,68030.0,72911.52,0.33343944,0.3206466970420333,1,72912.0,68030.0,0.0003430212495001822,0.0,google/gemma-4-26B-A4B-it,"```json
{""broad_income"": 68030, ""taxable_income"": 72912}
```"
2026-06-08 14:37:41,8932.0,,68030.0,72911.52,0.33343944,0.3206466970420333,2,72912.0,68030.0,0.0003430212495001822,0.0,google/gemma-4-26B-A4B-it,"```json
{""broad_income"": 68030, ""taxable_income"": 72912}
```"
2026-06-08 14:37:46,10211.0,,41002.0,23977.77,0.22719994,0.2118681480706883,1,23978.0,41002.0,0.0004834964351840949,0.0,google/gemma-4-26B-A4B-it,"```json
{""broad_income"": 41002, ""taxable_income"": 23978}
```"
2026-06-08 14:37:46,10211.0,,41002.0,23977.77,0.22719994,0.2118681480706883,2,23978.0,41002.0,0.0004834964351840949,0.0,google/gemma-4-26B-A4B-it,"```json
{""broad_income"": 41002, ""taxable_income"": 23978}
```"
2026-06-08 14:37:51,55474.0,,94000.0,71252.23,0.48266697,0.4771350200863179,1,71252.0,94000.0,-0.00030187096501269235,0.0,google/gemma-4-26B-A4B-it,"```json
{""broad_income"": 94000, ""taxable_income"": 71252}
```"
2026-06-08 14:37:51,55474.0,,94000.0,71252.23,0.48266697,0.4771350200863179,2,71252.0,94000.0,-0.00030187096501269235,0.0,google/gemma-4-26B-A4B-it,"```json
{""broad_income"": 94000, ""taxable_income"": 71252}
```"
2026-06-08 14:37:57,41977.0,,25080.0,185.80078,0.267175,0.2846781504669613,1,0.0,25080.0,41.868176896683075,-0.0,google/gemma-4-26B-A4B-it,"```json
{""broad_income"": 25080, ""taxable_income"": 0}
```"
2026-06-08 14:37:57,41977.0,,25080.0,185.80078,0.267175,0.2846781504669613,2,0.0,25080.0,41.868176896683075,-0.0,google/gemma-4-26B-A4B-it,"```json
{""broad_income"": 25080, ""taxable_income"": 0}
```"
2026-06-08 14:38:02,8156.0,,169675.0,138804.84,-0.30850002,-0.3069402241526022,1,138805.0,169675.0,-0.0009669885833082662,-0.0,google/gemma-4-26B-A4B-it,"```json
{""broad_income"": 169675, ""taxable_income"": 138805}
```"
2026-06-08 14:38:02,8156.0,,169675.0,138804.84,-0.30850002,-0.3069402241526022,2,138805.0,169675.0,-0.0009669885833082662,-0.0,google/gemma-4-26B-A4B-it,"```json
{""broad_income"": 169675, ""taxable_income"": 138805}
```"
2026-06-08 14:38:08,7243.0,,121202.0,95053.36,0.3422363,0.3422955182614637,1,95053.0,121202.0,0.042067749273737826,-0.0,google/gemma-4-26B-A4B-it,"```json
{""broad_income"": 121202, ""taxable_income"": 95053}
```"
2026-06-08 14:38:08,7243.0,,121202.0,95053.36,0.3422363,0.3422955182614637,2,95053.0,121202.0,0.042067749273737826,-0.0,google/gemma-4-26B-A4B-it,"```json
{""broad_income"": 121202, ""taxable_income"": 95053}
```"
2026-06-08 14:38:14,50368.0,,40130.0,25488.398,0.1965,0.2194349630348231,1,25488.0,40130.0,0.0005470516958539489,-0.0,google/gemma-4-26B-A4B-it,"```json
{""broad_income"": 40130, ""taxable_income"": 25488}
```"
2026-06-08 14:38:14,50368.0,,40130.0,25488.398,0.1965,0.2194349630348231,2,25488.0,40130.0,0.0005470516958539489,-0.0,google/gemma-4-26B-A4B-it,"```json
{""broad_income"": 40130, ""taxable_income"": 25488}
```"
2026-06-08 14:38:19,6719.0,,27500.0,8765.75,0.29966322,0.2728401426917065,1,8766.0,27500.0,0.0007446449730849483,0.0,google/gemma-4-26B-A4B-it,"```json
{""broad_income"": 27500, ""taxable_income"": 8766}
```"
2026-06-08 14:38:19,6719.0,,27500.0,8765.75,0.29966322,0.2728401426917065,2,8766.0,27500.0,0.0007446449730849483,0.0,google/gemma-4-26B-A4B-it,"```json
{""broad_income"": 27500, ""taxable_income"": 8766}
```"
2026-06-08 14:38:24,61133.0,,145883.0,129094.36,0.405,0.3918050263561852,1,129094.0,145883.0,-0.00012574874824892621,0.0,google/gemma-4-26B-A4B-it,"```json
{""broad_income"": 145883, ""taxable_income"": 129094}
```"
2026-06-08 14:38:24,61133.0,,145883.0,129094.36,0.405,0.3918050263561852,2,129094.0,145883.0,-0.00012574874824892621,0.0,google/gemma-4-26B-A4B-it,"```json
{""broad_income"": 145883, ""taxable_income"": 129094}
```"
2026-06-08 14:38:31,50594.0,,319700.0,238016.4,0.33449998,0.3381661114292139,1,238016.0,319700.0,0.00030506553930677874,-0.0,google/gemma-4-26B-A4B-it,"```json
{""broad_income"": 319700, ""taxable_income"": 238016}
```"
2026-06-08 14:38:31,50594.0,,319700.0,238016.4,0.33449998,0.3381661114292139,2,238016.0,319700.0,0.00030506553930677874,-0.0,google/gemma-4-26B-A4B-it,"```json
{""broad_income"": 319700, ""taxable_income"": 238016}
```"
2026-06-08 14:38:36,7089.0,,68401.0,50279.652,0.387979,0.3875675248975615,1,50280.0,68401.0,0.010294606312282094,0.0,google/gemma-4-26B-A4B-it,"```json
{""broad_income"": 68401, ""taxable_income"": 50280}
```"
2026-06-08 14:38:36,7089.0,,68401.0,50279.652,0.387979,0.3875675248975615,2,50280.0,68401.0,0.010294606312282094,0.0,google/gemma-4-26B-A4B-it,"```json
{""broad_income"": 68401, ""taxable_income"": 50280}
```"
2026-06-08 14:38:41,7282.0,,129526.0,98041.28,-0.44621485,-0.4537687314267173,1,103240.0,129526.0,10.151964905843734,0.0,google/gemma-4-26B-A4B-it,"```json
{""broad_income"": 129526, ""taxable_income"": 103240}
```"
2026-06-08 14:38:41,7282.0,,129526.0,98041.28,-0.44621485,-0.4537687314267173,2,98041.0,129526.0,-0.0005467788558769132,0.0,google/gemma-4-26B-A4B-it,"```json
{""broad_income"": 129526, ""taxable_income"": 98041}
```"
2026-06-08 14:38:46,72094.0,,163104.0,125824.72,0.4025,0.4322331516293097,1,125825.0,163104.0,-4.4718684848840636e-05,-0.0,google/gemma-4-26B-A4B-it,"```json
{""broad_income"": 163104, ""taxable_income"": 125825}
```"
2026-06-08 14:38:46,72094.0,,163104.0,125824.72,0.4025,0.4322331516293097,2,131818.0,163104.0,-0.9571842840427639,-0.0,google/gemma-4-26B-A4B-it,"```json
{""broad_income"": 163104, ""taxable_income"": 131818}
```"
2026-06-08 14:38:51,24424.0,,141201.0,69371.46,0.25878882,0.263354967418411,1,68677.0,141201.0,1.6250189652969247,-0.0,google/gemma-4-26B-A4B-it,"```json
{""broad_income"": 141201, ""taxable_income"": 68677}
```"
2026-06-08 14:38:51,24424.0,,141201.0,69371.46,0.25878882,0.263354967418411,2,69371.0,141201.0,0.0010763884515263417,-0.0,google/gemma-4-26B-A4B-it,"```json
{""broad_income"": 141201, ""taxable_income"": 69371}
```"
2026-06-08 14:38:56,24051.0,,58441.0,25868.422,0.49870214,0.5071766505048426,1,25868.0,58441.0,0.0009649920647914896,-0.0,google/gemma-4-26B-A4B-it,"```json
{""broad_income"": 58441, ""taxable_income"": 25868}
```"
2026-06-08 14:38:56,24051.0,,58441.0,25868.422,0.49870214,0.5071766505048426,2,25868.0,58441.0,0.0009649920647914896,-0.0,google/gemma-4-26B-A4B-it,"```json
{""broad_income"": 58441, ""taxable_income"": 25868}
```"
2026-06-08 14:39:01,60172.0,,30000.0,15400.0,0.2215,0.2407519638441667,1,14600.0,30000.0,2.100645875345976,-0.0,google/gemma-4-26B-A4B-it,"```json
{""broad_income"": 30000, ""taxable_income"": 14600}
```"
2026-06-08 14:39:01,60172.0,,30000.0,15400.0,0.2215,0.2407519638441667,2,14600.0,30000.0,2.100645875345976,-0.0,google/gemma-4-26B-A4B-it,"```json
{""broad_income"": 30000, ""taxable_income"": 14600}
```"
2026-06-08 14:39:06,69940.0,,220000.0,190800.0,0.4025,0.4066842492451198,1,190800.0,220000.0,-0.0,-0.0,google/gemma-4-26B-A4B-it,"```json
{""broad_income"": 220000, ""taxable_income"": 190800}
```"
2026-06-08 14:39:06,69940.0,,220000.0,190800.0,0.4025,0.4066842492451198,2,190800.0,220000.0,-0.0,-0.0,google/gemma-4-26B-A4B-it,"```json
{""broad_income"": 220000, ""taxable_income"": 190800}
```"
2026-06-08 14:39:12,72073.0,,40000.0,25400.0,0.2495,0.2150015321810999,1,25400.0,40000.0,0.0,0.0,google/gemma-4-26B-A4B-it,"```json
{""broad_income"": 40000, ""taxable_income"": 25400}
```"
2026-06-08 14:39:12,72073.0,,40000.0,25400.0,0.2495,0.2150015321810999,2,25400.0,40000.0,0.0,0.0,google/gemma-4-26B-A4B-it,"```json
{""broad_income"": 40000, ""taxable_income"": 25400}
```"
2026-06-08 14:39:17,53309.0,,234500.0,211439.12,0.3725,0.3623658165429779,1,211439.0,234500.0,-3.514154663784646e-05,0.0,google/gemma-4-26B-A4B-it,"```json
{""broad_income"": 234500, ""taxable_income"": 211439}
```"
2026-06-08 14:39:17,53309.0,,234500.0,211439.12,0.3725,0.3623658165429779,2,211439.0,234500.0,-3.514154663784646e-05,0.0,google/gemma-4-26B-A4B-it,"```json
{""broad_income"": 234500, ""taxable_income"": 211439}
```"
2026-06-08 14:39:22,24633.0,,108000.0,78800.0,0.25230005,0.2629009192191239,1,78800.0,108000.0,-0.0,-0.0,google/gemma-4-26B-A4B-it,"```json
{""broad_income"": 108000, ""taxable_income"": 78800}
```"
2026-06-08 14:39:22,24633.0,,108000.0,78800.0,0.25230005,0.2629009192191239,2,78800.0,108000.0,-0.0,-0.0,google/gemma-4-26B-A4B-it,"```json
{""broad_income"": 108000, ""taxable_income"": 78800}
```"
2026-06-08 14:39:27,7205.0,,25000.0,3100.0,0.039440177,0.0255912704028733,1,3100.0,25000.0,0.0,0.0,google/gemma-4-26B-A4B-it,"```json
{""broad_income"": 25000, ""taxable_income"": 3100}
```"
2026-06-08 14:39:27,7205.0,,25000.0,3100.0,0.039440177,0.0255912704028733,2,3100.0,25000.0,0.0,0.0,google/gemma-4-26B-A4B-it,"```json
{""broad_income"": 25000, ""taxable_income"": 3100}
```"
2026-06-08 14:39:32,57263.0,,120000.0,89321.36,0.3435,0.3201266355639731,1,89321.0,120000.0,-0.00011320371351230021,0.0,google/gemma-4-26B-A4B-it,"```json
{""broad_income"": 120000, ""taxable_income"": 89321}
```"
2026-06-08 14:39:32,57263.0,,120000.0,89321.36,0.3435,0.3201266355639731,2,89321.0,120000.0,-0.00011320371351230021,0.0,google/gemma-4-26B-A4B-it,"```json
{""broad_income"": 120000, ""taxable_income"": 89321}
```"
