{
  "overall_avg_eti": 1.2411862019343314,
  "overall_std_eti": 0.7574352546231766,
  "by_income": {
    