{
  "gpt-4o-mini": {
    "eti_stats": {
      "count": 15999,
      "mean": 1.2800351394753224,
      "std": 0.7561197212430236,
      "min": -3.749999999999997,
      "max": 7.045454545454539
    },
    "income_stats": {
      "mean": 92749.33875731575,
      "std": 35939.11076011282
    }
  },
  "gpt-4o": {
    "eti_stats": {
      "count": 15985,
      "mean": 0.3638499832846847,
      "std": 2.5342293340848188,
      "min": -11.029411764705934,
      "max": 133.8749999999999
    },
    "income_stats": {
      "mean": 96361.59048791583,
      "std": 38886.10319956014
    }
  }
}